zip,type,year_built,listPrice,lastSoldPrice,list_to_sold_ratio,sqft,price_per_sqft,stories,beds,baths,baths_full,baths_full_calc,property_age,price_diff,price_ratio,price_change_pct
99156,7,1997,875054,875085,1,2710,322.91,1,3,3,2,2,29,-31,1,0
99006,7,1909,349989,347902,0.99,1460,238.29,2,3,2,2,2,117,2087,1.01,0.01
98843,7,2017,1222787,1462187.5,0.98,3770,673.72,2,4,4,1,2,9,43901,0.84,-0.16
98311,7,1990,749072,744599,0.99,3865,175.2,2,3,4,1,2,36,4473,1.01,0.01
98102,7,1926,1222787,1462187.5,1,3500,511.45,2,3,3,1,2,100,-4,0.84,-0.16
98406,7,1927,880043,880095,1,2660,330.86,2,4,3,2,2,99,-52,1,0
98005,0,1979,714946,714913,1,1560,458.28,2,3,2,1,2,47,33,1,0
98118,7,1927,995085,964944,0.97,3120,309.28,2,5,3,3,2,99,30141,1.03,0.03
98329,7,2025,580010,579868,1,1540,376.54,1,3,2,2,2,1,142,1,0
98199,7,1928,1222787,1462187.5,1,2910,680.56,2,4,4,1,2,98,40,0.84,-0.16
98032,0,1996,499076,469944,0.96,1200,391.62,1,2,2,1,2,30,29132,1.06,0.06
98405,7,1950,529901,570092,1.03,1700,335.35,1,4,2,2,2,76,-33595,0.93,-0.07
98532,7,1977,475087,475055,1,1780,266.88,1,3,2,1,2,49,32,1,0
98922,7,1988,374912,364906,0.97,340,680.56,1,1.5,1,2,2,38,10006,1.03,0.03
98033,0,2025,1222787,1462187.5,0.96,2170,680.56,1,2,3,2,2,1,43901,0.84,-0.16
98188,0,1993,360090,349943,0.97,930,376.28,3,2,2,1,2,33,10147,1.03,0.03
98125,7,1954,775076,780087,1.01,1390,561.21,2,3,2,1,2,72,-5011,0.99,-0.01
98105,0,1949,320056,320055,1,600,533.42,1,1.5,1,1,2,77,1,1,0
98409,4,1978,89858,80078,0.96,1340,59.76,1,2,2,1,2,48,9780,1.12,0.12
98642,7,2025,724757,724926,1,2810,257.98,2,4,3,3,2,1,-169,1,0
98371,7,1956,485075,489940,1.01,1160,422.36,1,3,2,1,2,70,-4865,0.99,-0.01
99037,7,1964,399968,389858,0.97,3260,119.59,2,4,2,1,2,62,10110,1.03,0.03
98382,7,1999,559059,558929,1,1980,282.29,2,3,2,2,2,27,130,1,0
98203,7,1948,1149903,1225068,1.03,2970,412.48,1,3,3,1,2,78,-33595,0.94,-0.06
98038,7,2006,750039,749898,1,2020,371.24,2,3,3,2,2,20,141,1,0
98407,7,1938,1068082,1068073,1,3220,331.7,2,5,3,1,2,88,9,1,0
98665,7,1909,529930,529937,1,2420,218.98,3,3,3,3,2,117,-7,1,0
98248,7,1993,609909,610056,1,1530,398.73,1,3,2,1,2,33,-147,1,0
98625,4,1984,480077,479936,1,1800,266.63,1,3,2,2,2,42,141,1,0
98631,4,1995,450072,449949,1,1780,252.78,1,3,2,2,2,31,123,1,0
98682,3,1992,19878,19854,1,1810,324.3,2,3,2,2,2,34,24,1,0
99207,7,1955,360061,365100,1.01,1920,190.16,1,4,2,2,2,71,-5039,0.99,-0.01
99026,7,1981,799054,761932,0.96,3330,228.81,2,5,4,3,2,45,37122,1.05,0.05
98031,7,1978,769922,765094,0.99,2720,281.28,2,4,3,2,2,48,4828,1.01,0.01
99026,7,1980,469805,464827,0.99,2240,207.51,1,4,2,1,2,46,4978,1.01,0.01
98642,7,2017,524947,524904,1,2210,237.51,2,4,2,2,2,9,43,1,0
99223,7,1972,474907,480058,1.01,1890,254,2,4,3,3,2,54,-5151,0.99,-0.01
98056,7,2009,1222787,1462187.5,0.96,3865,446.71,2,5,4,3,2,17,43901,0.84,-0.16
99320,2,1992,1222787,1462187.5,0.96,1810,324.3,2,3,2,2,2,34,43901,0.84,-0.16
99217,7,2019,539918,530061,0.98,2560,207.06,1,4,3,3,2,7,9857,1.02,0.02
99206,5,1951,298942,298908,1,1810,324.3,1,2,1,1,2,75,34,1,0
98596,7,2025,424812,424829,1,1560,272.33,1,3,2,2,2,1,-17,1,0
98275,7,1992,1222787,1462187.5,1.03,3800,421.07,2,4,3,2,2,34,-33595,0.84,-0.16
98382,4,1997,549932,559927,1.02,1560,358.93,1,3,3,2,2,29,-9995,0.98,-0.02
98604,7,2022,584847,584810,1,1780,328.54,1,3,2,2,2,4,37,1,0
99202,0,1994,315099,305050,0.97,820,372.01,1,1.5,1,1,2,32,10049,1.03,0.03
98275,7,1978,995072,994912,1,3190,311.88,2,5,3,3,2,48,160,1,0
98926,7,1936,556905,558076,1,3380,165.11,2,4,2,1,2,90,-1171,1,0
98110,7,2024,1222787,1462187.5,0.99,3865,680.56,2,4,4,3,2,2,40507,0.84,-0.16
98126,7,1925,1222787,1430100,1.03,3180,449.72,2,5,4,1,2,101,-33595,0.86,-0.14
99204,7,1909,424912,400089,0.96,3360,119.07,2,5,2,1,2,117,24823,1.06,0.06
98092,7,1930,650059,700076,1.03,900,680.56,1,2,1,1,2,96,-33595,0.93,-0.07
98686,7,2025,819968,819827,1,3120,262.77,2,4,3,3,2,1,141,1,0
98118,7,2023,534927,534931,1,950,563.09,2,2,3,1,2,3,-4,1,0
98133,7,1948,735075,770908,1.03,1660,464.4,2,2,2,2,2,78,-33595,0.95,-0.05
98513,7,2015,499848,499930,1,1570,318.43,2,3,3,2,2,11,-82,1,0
98233,7,2010,398823,398979,1,1080,369.42,1,3,2,2,2,16,-156,1,0
98118,7,1967,1222787,1365054,1.03,2460,554.9,2,3,3,2,2,59,-33595,0.9,-0.1
98528,7,1983,455087,450066,0.99,1580,284.85,1,3,2,2,2,43,5021,1.01,0.01
98164,0,2008,658916,639937,0.97,1240,516.08,1,1.5,2,2,2,18,18979,1.03,0.03
98387,7,2022,649997,639928,0.98,2930,218.41,2,5,3,3,2,4,10069,1.02,0.02
98370,7,1996,659863,656925,1,1860,353.19,3,3,3,2,2,30,2938,1,0
98274,7,1996,694932,704914,1.01,2700,261.08,1,5,3,2,2,30,-9982,0.99,-0.01
98121,0,1980,399099,393072,0.98,820,479.36,1,1.5,1,1,2,46,6027,1.02,0.02
98407,7,1990,948070,964943,1.02,2130,453.02,1,3,2,2,2,36,-16873,0.98,-0.02
98335,7,1979,774934,782827,1.01,1860,420.87,3,3,3,1,2,47,-7893,0.99,-0.01
98362,7,1940,358904,361052,1.01,1540,234.45,2,4,2,2,2,86,-2148,0.99,-0.01
98092,8,2004,490058,476907,0.97,1730,275.67,2,2,3,1,2,22,13151,1.03,0.03
98564,7,1945,314953,314989,1,860,366.27,1,3,1,1,2,81,-36,1,0
98407,7,1928,854927,989939,1.03,2290,432.29,2,3,2,1,2,98,-33595,0.86,-0.14
98112,7,1931,1222787,1462187.5,0.98,3150,680.56,2,3,3,2,2,95,43901,0.84,-0.16
98052,7,2025,1222787,1462187.5,0.97,3865,580.66,2,5.5,4.5,3,2,1,43901,0.84,-0.16
98072,7,1991,979073,999932,1.02,1500,666.62,1,3,2,2,2,35,-20859,0.98,-0.02
98597,7,2003,479894,499949,1.03,1800,277.75,2,4,3,2,2,23,-20055,0.96,-0.04
98199,0,2007,460085,444903,0.97,800,556.13,1,2,1,1,2,19,15182,1.03,0.03
98026,7,1979,1149926,1149944,1,2420,475.18,2,4,3,2,2,47,-18,1,0
98027,7,1971,949934,940083,0.99,1920,489.63,1,3,2,1,2,55,9851,1.01,0.01
98108,8,2006,775061,809921,1.03,1800,449.96,2,4,3,2,2,20,-33595,0.96,-0.04
98074,7,1992,1222787,1462187.5,1,2590,625.46,2,5,3,2,2,34,4984,0.84,-0.16
98382,7,1986,500079,541909,1.03,2210,245.21,3,3,3,1,2,40,-33595,0.92,-0.08
98229,7,1992,499097,498945,1,1140,437.67,1,3,2,1,2,34,152,1,0
98258,7,2002,1222787,1399905,1,3490,401.12,2,5,4,2,2,24,23,0.87,-0.13
98391,7,1985,1222787,1462187.5,1,3130,477.66,1,4,3,3,2,41,-145,0.84,-0.16
98502,0,1980,364908,349918,0.96,1340,261.13,1,2,2,2,2,46,14990,1.04,0.04
98121,0,2017,648918,624906,0.96,770,680.56,1,1.5,1,1,2,9,24012,1.04,0.04
98335,7,1989,1222787,1462187.5,1,2610,676.22,1,3,3,1,2,37,155,0.84,-0.16
98258,7,2018,1195054,1194936,1,3230,369.95,2,5,3,2,2,8,118,1,0
98640,7,1996,775065,706557,0.96,1900,371.87,1,3,3,2,2,30,43901,1.1,0.1
98023,7,1976,549861,554903,1.01,1840,301.58,2,4,2,1,2,50,-5042,0.99,-0.01
98272,4,2015,850092,917070,1.03,3865,214.27,1,5,4,3,2,11,-33595,0.93,-0.07
98683,7,1994,871272,871292,1,2420,360.04,2,5,2,2,2,32,-20,1,0
99337,7,1998,422409,422566,1,1690,250.04,1,3,2,2,2,28,-157,1,0
98368,7,1994,565092,539902,0.96,1450,372.35,1,2,2,2,2,32,25190,1.05,0.05
98332,7,1979,774931,774906,1,1930,401.51,3,3,3,1,2,47,25,1,0
98903,7,2024,649900,626935,0.96,1800,348.3,1,3,4,2,2,2,22965,1.04,0.04
98058,7,1964,880014,864926,0.98,2530,341.87,2,4,3,2,2,62,15088,1.02,0.02
98445,7,1995,510062,510090,1,1680,303.62,1,3,2,1,2,31,-28,1,0
99354,7,1977,460084,464939,1.01,1950,238.43,1,3,2,2,2,49,-4855,0.99,-0.01
99403,7,1996,225082,568006,1,3710,324.3,2,4,3,3,2,30,-33595,0.4,-0.6
98368,7,1995,595057,589064,0.99,1300,453.13,1,2,2,1,2,31,5993,1.01,0.01
98092,7,2014,690092,679920,0.99,2090,325.32,2,3,3,2,2,12,10172,1.01,0.01
98005,7,1967,1222787,1462187.5,0.96,2630,680.56,2,4,3,1,2,59,43901,0.84,-0.16
99354,7,2007,460091,536433,1.03,2160,248.35,1,3,2,2,2,19,-33595,0.86,-0.14
99016,7,2014,400050,406096,1.02,1090,372.57,1,2,2,2,2,12,-6046,0.99,-0.01
98513,7,2025,1222787,1250053,0.96,3290,379.96,1,4,3,3,2,1,43901,0.98,-0.02
98569,7,2017,524810,524848,1,1500,349.9,1,3,2,1,2,9,-38,1,0
98597,7,2000,459911,464929,1.01,1620,286.99,1,3,2,2,2,26,-5018,0.99,-0.01
98501,7,2025,655083,654950,1,2250,291.09,1,3,3,2,2,1,133,1,0
99205,7,1951,324926,312449,0.96,2030,153.92,1,3,2,2,2,75,12477,1.04,0.04
98188,7,1975,615085,614941,1,1540,399.31,2,4,3,2,2,51,144,1,0
98033,7,2026,987064,986945,1,1310,680.56,2,2,3,1,2,0,119,1,0
98406,7,1946,585089,552091,0.96,2180,253.25,2,4,2,1,2,80,32998,1.06,0.06
98383,7,1991,525078,524944,1,1660,316.23,2,3,3,2,2,35,134,1,0
98033,7,1980,1222787,1244924,1,2400,518.72,2,3,3,1,2,46,5149,0.98,-0.02
99205,7,1960,399924,412085,1.03,2470,166.84,2,3,3,2,2,66,-12161,0.97,-0.03
98375,7,2005,480029,480081,1,1860,258.11,2,3,3,2,2,21,-52,1,0
98010,7,2026,1129356,1229038,1.03,2210,556.13,1,3,3,2,2,0,-33595,0.92,-0.08
98055,7,2025,1039857,1039868,1,2740,379.51,2,4,3,1,2,1,-11,1,0
98387,7,2004,549962,557905,1.01,2230,250.18,2,4,3,2,2,22,-7943,0.99,-0.01
98264,7,1998,699055,672553,0.96,1990,337.97,1,3,2,2,2,28,26502,1.04,0.04
98121,0,2015,725072,656945,0.96,940,680.56,2,2,2,2,2,11,43901,1.1,0.1
98208,7,2000,895916,930093,1.03,2000,465.05,2,4,3,2,2,26,-33595,0.96,-0.04
98226,0,2006,329917,327447,0.99,960,341.09,1,1.5,1,1,2,20,2470,1.01,0.01
98926,7,1910,400024,405059,1.01,1270,318.94,2,2,2,1,2,116,-5035,0.99,-0.01
99301,7,2004,434993,423942,0.97,1980,214.11,2,3,3,2,2,22,11051,1.03,0.03
99207,7,1909,249978,250051,1,1510,165.6,2,3,1,1,2,117,-73,1,0
98144,0,2026,824946,824945,1,1040,680.56,2,3,3,1,2,0,1,1,0
98038,7,1991,698911,721079,1.03,1800,400.6,2,3,3,2,2,35,-22168,0.97,-0.03
98250,7,2017,1222787,1462187.5,0.99,3010,680.56,1,4,3,2,2,9,32450,0.84,-0.16
99352,7,1944,319818,319846,1,1400,228.46,1,3,1,1,2,82,-28,1,0
99301,7,1940,289822,281902,0.97,1670,168.8,1,3,1,1,2,86,7920,1.03,0.03
98115,7,1938,988811,1100054,1.03,2240,491.1,1,4,2,1,2,88,-33595,0.9,-0.1
98028,7,2025,1222787,1462187.5,1,2910,524.37,3,4,4,2,2,1,139,0.84,-0.16
99163,7,2004,438078,445090,1.02,1660,268.13,2,4,2,2,2,22,-7012,0.98,-0.02
98801,7,1980,436910,442076,1.01,1030,429.2,1,3,2,1,2,46,-5166,0.99,-0.01
98444,7,1978,479435,484925,1.01,1650,293.89,2,3,2,1,2,48,-5490,0.99,-0.01
98391,7,2022,545080,544945,1,1550,351.58,2,3,3,2,2,4,135,1,0
98022,7,1993,514949,524938,1.02,1080,486.05,1,3,1,1,2,33,-9989,0.98,-0.02
98136,7,1949,559933,654907,1.03,2120,308.92,2,2,2,1,2,77,-33595,0.85,-0.15
98604,7,1977,635072,635067,1,2250,282.25,2,3,3,3,2,49,5,1,0
98155,7,1950,789900,850051,1.03,3865,215.75,1,3,2,2,2,76,-33595,0.93,-0.07
98311,7,2022,489940,489913,1,1490,328.8,3,4,3,1,2,4,27,1,0
98392,7,2004,469936,449916,0.96,1720,261.58,3,2,3,1,2,22,20020,1.04,0.04
98405,7,1909,500070,549947,1.03,1580,348.07,2,4,2,1,2,117,-33595,0.91,-0.09
99207,7,1947,230100,230052,1,1120,205.4,1,2,1,1,2,79,48,1,0
98117,0,1989,364907,365055,1,600,608.42,1,1.5,1,1,2,37,-148,1,0
98642,7,2025,794949,794948,1,3180,249.98,2,5,4,3.5,2,1,1,1,0
98226,7,1998,590061,589919,1,1200,491.6,1,2,2,1,2,28,142,1,0
99117,7,1956,139909,114944,0.96,1870,61.47,1,2,1,2,2,70,24965,1.22,0.22
98902,7,1950,313948,313420,1,920,340.67,1,2,1,1,2,76,528,1,0
98028,0,2024,449897,449942,1,960,468.69,1,1.5,1,1,2,2,-45,1,0
98103,0,1958,299931,299896,1,400,680.56,1,1.5,1,1,2,68,35,1,0
98632,7,1936,350096,358913,1.03,1360,263.91,1,2,2,1,2,90,-8817,0.98,-0.02
98229,7,1926,449064,448931,1,730,614.97,1,2,1,1,2,100,133,1,0
98385,7,1994,434928,436929,1,1260,346.77,2,3,3,2,2,32,-2001,1,0
98903,7,2025,499907,500043,1,1800,277.8,1,3,2,2,2,1,-136,1,0
98597,7,2026,530844,530952,1,1430,371.3,1,3,2,2,2,0,-108,1,0
98271,7,1938,1222787,1424923,0.96,3760,378.97,2,3,3,2,2,88,43901,0.86,-0.14
98110,0,1978,464925,450051,0.97,1210,371.94,1,3,2,1,2,48,14874,1.03,0.03
98362,7,1930,339911,339918,1,1060,320.68,2,3,1,1,2,96,-7,1,0
99206,7,1979,547600,553569,1.01,3190,173.53,2,4,4,3.5,2,47,-5969,0.99,-0.01
99338,7,2026,1222787,1199943,0.98,3030,396.02,1,4,4,3,2,0,28974,1.02,0.02
98329,7,1977,345570,361077,1.03,1780,202.85,3,3,2,1,2,49,-15507,0.96,-0.04
98408,7,1948,350020,355078,1.01,1100,322.8,1,3,1,1,2,78,-5058,0.99,-0.01
99025,7,1938,399924,384912,0.96,850,452.84,2,1.5,1,1,2,88,15012,1.04,0.04
98908,7,1993,650091,650060,1,3240,200.64,2,4,3,1,2,33,31,1,0
99336,7,1951,319966,319977,1,1900,168.41,1,3,2,1,2,75,-11,1,0
99169,7,1940,165058,158407,0.96,510,310.6,1,1.5,1,1,2,86,6651,1.04,0.04
98136,0,1984,379883,409937,1.03,990,414.08,1,1.5,1,1,2,42,-30054,0.93,-0.07
99005,7,1953,1222787,1289908,0.99,3865,324.1,2,4,4,3,2,73,9041,0.95,-0.05
98122,7,1915,1222787,1462187.5,1,3865,548.76,2,5,4,2,2,111,31,0.84,-0.16
98146,0,1980,305054,304929,1,1100,277.21,2,2,2,1,2,46,125,1,0
98178,7,2024,999989,999995,1,3240,308.64,3,4,4,3,2,2,-6,1,0
98951,7,2026,379914,390099,1.03,1490,261.81,1,3,2,2,2,0,-10185,0.97,-0.03
98660,7,2005,480085,480062,1,1710,280.74,2,3,2,2,2,21,23,1,0
98118,7,2025,898927,874901,0.97,1750,499.94,2,4,4,2,2,1,24026,1.03,0.03
99208,7,1961,549086,560050,1.02,3865,142.14,1,5,3,3,2,65,-10964,0.98,-0.02
98685,7,2012,599942,599944,1,1850,324.29,1,3,2,2,2,14,-2,1,0
98584,7,1988,464905,465052,1,3200,145.33,2,2,2,2,2,38,-147,1,0
99005,7,1965,724925,674932,0.96,3865,128.31,2,5,4.5,3,2,61,43901,1.07,0.07
99006,7,2016,699997,688097,0.98,1800,382.28,2,3,3,2,2,10,11900,1.02,0.02
98244,7,2022,1094943,1006420,0.96,3150,319.5,2,3,3,1,2,4,43901,1.09,0.09
99203,7,1936,557075,557081,1,2680,207.87,2,4,2,2,2,90,-6,1,0
98109,0,1967,450085,440054,0.98,900,488.95,1,2,1,1,2,59,10031,1.02,0.02
98290,7,1983,899924,850076,0.96,2570,330.77,2,3,3,1,2,43,43901,1.06,0.06
98371,7,2021,639878,640069,1,2130,300.5,2,3,3,2,2,5,-191,1,0
98377,7,1969,559942,559926,1,2200,254.51,2,4,3,3,2,57,16,1,0
98012,7,2013,1097931,1089937,0.99,2130,511.71,2,3,3,2,2,13,7994,1.01,0.01
98665,7,1988,519062,519060,1,2010,258.24,3,4,2,2,2,38,2,1,0
99350,7,1909,549565,549598,1,2400,229,1,4,3,1,2,117,-33,1,0
98629,7,1992,858084,858078,1,2140,400.97,1,3,2,2,2,34,6,1,0
98288,7,2004,649082,663070,1.02,1100,602.79,2,2,2,1,2,22,-13988,0.98,-0.02
98374,7,1979,570030,579947,1.02,1940,298.94,1,4,2,1,2,47,-9917,0.98,-0.02
99163,7,2008,635068,623912,0.98,3865,143.76,3,5,4,3.5,2,18,11156,1.02,0.02
98837,7,2025,345554,345382,1,1410,244.95,1,3,2,1,2,1,172,1,0
98031,7,1966,679945,699931,1.03,2970,235.67,2,5,4,2,2,60,-19986,0.97,-0.03
98042,7,1979,625067,640084,1.02,1890,338.67,3,3,3,1,2,47,-15017,0.98,-0.02
98038,8,1982,485056,484944,1,1480,327.66,2,2,3,1,2,44,112,1,0
98070,7,1981,650067,629923,0.97,2280,276.28,1,2,3,2,2,45,20144,1.03,0.03
98102,8,2017,1222787,1462187.5,1.03,2100,680.56,2,2,3,2,2,9,-33595,0.84,-0.16
98020,7,1992,1222787,1462187.5,1.03,2790,602.18,2,4,3,1,2,34,-33595,0.84,-0.16
99212,7,1936,359996,336950,0.96,1580,213.26,2,2,1,1,2,90,23046,1.07,0.07
98683,8,2024,390805,390819,1,1390,281.16,2,3,2,2,2,2,-14,1,0
98250,4,2000,248915,231188,0.96,1540,150.12,1,3,2,1,2,26,17727,1.08,0.08
99301,5,2021,549973,530075,0.96,2480,213.74,2,5.5,4,3.5,2,5,19898,1.04,0.04
98661,5,2006,650063,650068,1,2850,228.09,2,5.5,4.5,3.5,2,20,-5,1,0
98683,7,1998,564912,565056,1,1980,285.38,2,3,2,2,2,28,-144,1,0
98607,7,2018,575099,574915,1,1590,361.58,2,3,2,2,2,8,184,1,0
98801,4,1986,175063,175059,1,1570,111.5,1,2,2,1,2,40,4,1,0
98391,7,1997,799089,794933,0.99,2340,339.71,2,3,3,2,2,29,4156,1.01,0.01
98107,7,2025,1222787,1462187.5,1,3865,674.24,2,5,4.5,3,2,1,-37,0.84,-0.16
98012,7,1986,1094914,1094947,1,2060,531.53,1,3,3,2,2,40,-33,1,0
98276,7,2013,535090,539938,1.01,2100,257.11,1,3,2,1,2,13,-4848,0.99,-0.01
98363,7,1918,482928,449934,0.96,1700,264.67,2,3,2,1,2,108,32994,1.07,0.07
98942,7,2002,675087,674575,1,2360,285.84,1,3,3,2,2,24,512,1,0
99208,7,2011,564937,549938,0.97,1980,277.75,1,3,2,2,2,15,14999,1.03,0.03
98365,7,1982,488946,475099,0.97,2640,179.96,1,2,2,1,2,44,13847,1.03,0.03
98665,8,2004,340054,339950,1,1370,248.14,2,2,2,2,2,22,104,1,0
98198,7,2008,1222787,1462187.5,0.98,3865,553.45,2,5,4.5,3,2,18,43901,0.84,-0.16
98103,7,1924,1174904,1239923,1.03,1570,680.56,1,3,3,1,2,102,-33595,0.95,-0.05
98057,7,1955,824944,820051,0.99,2110,388.65,1,4,3,2,2,71,4893,1.01,0.01
98116,7,1951,995877,1107055,1.03,1920,576.59,1,4,2,1,2,75,-33595,0.9,-0.1
98052,7,1976,1222787,1462187.5,0.99,2180,680.56,3,3,3,1,2,50,8970,0.84,-0.16
98225,0,2006,597490,599936,1,1020,588.17,1,2,2,2,2,20,-2446,1,0
98580,7,2007,1222787,1462187.5,0.97,3865,322.19,2,5,4.5,3.5,2,19,43901,0.84,-0.16
98387,7,1991,798935,798918,1,3865,200.73,2,3,3,2,2,35,17,1,0
99338,4,1984,165091,140065,0.96,2040,68.66,1,3,2,2,2,42,25026,1.18,0.18
98178,8,2020,654920,630086,0.96,1670,377.3,2,3,3,1,2,6,24834,1.04,0.04
98199,8,2017,718077,705064,0.98,990,680.56,2,2,2,1,2,9,13013,1.02,0.02
98201,5,2007,824941,824937,1,3170,260.23,2,5.5,4,2,2,19,4,1,0
98375,5,1990,674927,674936,1,2360,285.99,2,4,4,2,2,36,-9,1,0
98405,5,1967,585093,584934,1,1660,352.37,2,4,2,2,2,59,159,1,0
98625,7,2007,724950,675092,0.96,3410,197.97,1,4,3,3,2,19,43901,1.07,0.07
98370,7,1997,1094912,1105062,1.01,2360,468.25,1,3,3,1,2,29,-10150,0.99,-0.01
98092,7,2002,700025,700013,1,2800,250,2,4,3,2,2,24,12,1,0
98027,7,2004,1222787,1462187.5,1.03,3865,493.87,2,4,4,2,2,22,-33595,0.84,-0.16
98273,7,1920,650083,645917,0.99,1790,360.85,2,3,2,1,2,106,4166,1.01,0.01
98052,7,2000,1222787,1462187.5,1.03,2460,670.71,2,4,3,2,2,26,-33595,0.84,-0.16
98840,7,2001,393565,378094,0.96,1630,231.96,2,2,2,2,2,25,15471,1.04,0.04
98121,0,2015,564919,550059,0.97,850,647.13,1,1.5,1,1,2,11,14860,1.03,0.03
98107,0,2000,437943,430058,0.98,800,537.57,1,1.5,1,1,2,26,7885,1.02,0.02
98026,7,1960,825079,882572,1.03,1340,658.64,1,3,2,1,2,66,-33595,0.93,-0.07
98033,7,2025,1222787,1462187.5,1,3680,680.56,2,5,4.5,2,2,1,139,0.84,-0.16
98023,7,1966,850083,850059,1,3540,240.13,2,5,4.5,2,2,60,24,1,0
98033,7,1999,1222787,1462187.5,0.99,3865,488.13,2,5,4,2,2,27,34170,0.84,-0.16
98008,7,1958,1197946,1174943,0.98,1600,680.56,2,3,2,1,2,68,23003,1.02,0.02
98198,7,1977,600038,584911,0.97,1410,414.83,1,2,2,1,2,49,15127,1.03,0.03
98282,7,1991,719928,720054,1,2180,330.3,2,3,3,2,2,35,-126,1,0
98258,0,2008,625090,609927,0.98,1810,336.98,2,3,3,2,2,18,15163,1.02,0.02
98136,7,1961,1222787,1462187.5,1,2360,680.56,2,4,3,1,2,65,30,0.84,-0.16
98010,7,2019,579959,578937,1,2160,268.03,2,3,3,1,2,7,1022,1,0
98502,7,1992,924975,909919,0.98,3710,245.26,1,3,4,2,2,34,15056,1.02,0.02
98036,7,1984,950059,929915,0.98,2140,434.54,2,5,3,2,2,42,20144,1.02,0.02
98226,0,2006,410066,420083,1.02,1540,272.78,1,3,2,1,2,20,-10017,0.98,-0.02
98516,7,1969,1099917,1050070,0.96,2570,408.59,1,4,4,3.5,2,57,43901,1.05,0.05
98569,7,1980,349843,285089,0.96,1560,182.75,1,3,2,1,2,46,43901,1.23,0.23
98121,0,2006,599816,575087,0.96,1100,522.81,2,1.5,1,1,2,20,24729,1.04,0.04
98372,7,2011,1200054,1127434,0.96,3865,271.02,2,4,3,1,2,15,43901,1.06,0.06
98166,7,1947,740053,794913,1.03,800,680.56,1,1.5,1,1,2,79,-33595,0.93,-0.07
98105,1,1923,309079,304904,0.99,740,412.03,2,1.5,1,1,2,103,4175,1.01,0.01
98607,7,2000,684810,684809,1,2440,280.66,2,4,3,3,2,26,1,1,0
98011,7,2012,1222787,1462187.5,0.96,2720,542.25,2,3,3,2,2,14,43901,0.84,-0.16
98010,7,2019,850015,864911,1.02,3340,258.96,2,4,4,2,2,7,-14896,0.98,-0.02
98513,7,1969,569097,578909,1.02,2680,216.01,2,3,3,1,2,57,-9812,0.98,-0.02
98642,7,2006,699900,700064,1,2950,237.31,2,5,2,2,2,20,-164,1,0
98584,7,2004,524921,530086,1.01,1900,278.99,1,3,2,1,2,22,-5165,0.99,-0.01
98332,7,1992,1222787,1462187.5,1.03,3865,529.83,1,3,4,2,2,34,-33595,0.84,-0.16
99354,7,1974,599967,574932,0.96,3170,181.37,3.5,5,3,1,2,52,25035,1.04,0.04
98125,8,2004,499869,499903,1,1160,430.95,2,2,2,2,2,22,-34,1,0
98569,7,1980,489080,489064,1,2560,191.04,2,3,3,2,2,46,16,1,0
98311,7,1985,469065,464907,0.99,1410,329.72,2,4,3,1,2,41,4158,1.01,0.01
98026,8,2025,700001,693879,0.99,1870,371.06,2,4,4,1,2,1,6122,1.01,0.01
98075,7,2004,1222787,1462187.5,1,2960,574.01,2,4,4,2,2,22,-3,0.84,-0.16
99021,3,1992,150098,150054,1,1810,324.3,2,3,2,2,2,34,44,1,0
99208,4,2013,119071,119077,1,910,130.85,1,2,2,2,2,13,-6,1,0
98584,7,2019,1222787,1462187.5,0.96,3865,568.19,1,3,4,3,2,7,43901,0.84,-0.16
98277,3,1992,60073,35076,0.96,1810,324.3,2,3,2,2,2,34,24997,1.71,0.71
98903,4,1978,57911,57948,1,1440,40.24,1,3,2,2,2,48,-37,1,0
98168,8,2025,529947,529937,1,1000,529.94,2,2,3,2,2,1,10,1,0
98229,4,1973,149054,140050,0.96,1040,134.66,1,2,2,2,2,53,9004,1.06,0.06
98223,7,1986,749886,750065,1,1800,416.7,1,3,2,2,2,40,-179,1,0
98011,8,2025,925064,900097,0.97,1800,500.05,2,3,4,3,2,1,24967,1.03,0.03
98029,7,1992,1222787,1462187.5,0.99,2530,598.84,2,4,3,2,2,34,9859,0.84,-0.16
98382,3,1992,349925,319915,0.96,1810,324.3,2,3,0.5,2,2,34,30010,1.09,0.09
98027,7,2007,1222787,1399950,1,2780,503.58,2,3,3,2,2,19,-22,0.87,-0.13
98021,7,2023,1222787,1349922,0.98,2540,531.47,2,5,3,2,2,3,25175,0.91,-0.09
98501,7,2000,520008,519904,1,1570,331.15,2,3,3,2,2,26,104,1,0
98110,7,2003,1222787,1462187.5,1,3865,410.85,2,5,4,2,2,23,-146,0.84,-0.16
98815,7,1928,525077,490060,0.96,2030,241.41,2,2,3,2,2,98,35017,1.07,0.07
98642,7,2025,499926,499921,1,1820,274.68,2,3,2,2,2,1,5,1,0
98105,7,2008,1222787,1462187.5,1,3110,680.56,2,5,4,3,2,18,-27,0.84,-0.16
98405,7,1920,844937,845095,1,3750,225.36,2,3,2,1,2,106,-158,1,0
98252,7,1979,925098,950093,1.03,2000,475.05,1,3,3,1,2,47,-24995,0.97,-0.03
98229,0,1991,575066,537583,0.96,2100,255.99,3,3,3,2,2,35,37483,1.07,0.07
98229,0,1976,189077,184918,0.98,460,402,3,1.5,1,1,2,50,4159,1.02,0.02
99224,7,1996,379924,379920,1,1400,271.37,1,3,2,2,2,30,4,1,0
98034,7,1984,1222787,1462187.5,0.96,3740,641.69,2,4,4,1,2,42,43901,0.84,-0.16
98239,0,1990,550072,537427,0.98,1380,389.44,1,2,2,2,2,36,12645,1.02,0.02
98105,7,1926,1222787,1379901,1.02,2160,638.84,1,4,2,1,2,100,-29837,0.89,-0.11
98282,7,1989,500001,508067,1.02,1250,406.45,1,2,2,2,2,37,-8066,0.98,-0.02
99362,7,1909,315068,325050,1.03,2290,141.94,2,4,1,1,2,117,-9982,0.97,-0.03
98033,7,1976,1222787,1462187.5,1.02,2500,680.56,3,3,4,2,2,50,-33595,0.84,-0.16
98642,7,2017,567950,568083,1,2480,229.07,2,5,3,3,2,9,-133,1,0
98026,7,2005,780045,780050,1,2130,366.22,2,4,3,3,2,21,-5,1,0
98375,7,2006,554923,555070,1,2060,269.45,2,4,3,2,2,20,-147,1,0
98116,7,1951,850057,839929,0.99,1800,466.63,1,3,2,1,2,75,10128,1.01,0.01
98361,7,2021,1149065,1074078,0.96,2450,438.4,2,4,2,1,2,5,43901,1.07,0.07
98569,7,2004,279922,275070,0.98,1220,225.47,2,2,1,1,2,22,4852,1.02,0.02
98513,7,1992,499834,494910,0.99,1590,311.26,2,3,3,2,2,34,4924,1.01,0.01
98512,7,2000,588945,592326,1.01,2250,263.26,2,4,3,2,2,26,-3381,0.99,-0.01
98105,7,1930,1222787,1462187.5,0.96,3865,676.71,2,5,4,3,2,96,43901,0.84,-0.16
98004,7,1996,1222787,1462187.5,0.99,2760,680.56,2,4,3,1,2,30,29987,0.84,-0.16
98501,7,2025,625006,625011,1,1860,336.03,1,3,2,2,2,1,-5,1,0
98118,3,1965,79564,75100,0.96,1810,324.3,2,3,2,2,2,61,4464,1.06,0.06
98021,4,1981,499819,604924,1.03,1780,339.84,1,2,2,2,2,45,-33595,0.83,-0.17
98332,4,1980,450083,450086,1,1780,252.86,1,3,2,2,2,46,-3,1,0
98273,7,1992,748913,719920,0.96,2260,318.55,2,3,4.5,2,2,34,28993,1.04,0.04
98513,7,1977,85087,50068,0.96,1180,42.43,1,2,2,1,2,49,35019,1.7,0.7
98597,7,2022,450047,455099,1.01,1300,350.08,1,3,2,2,2,4,-5052,0.99,-0.01
98548,7,1992,774911,774932,1,1760,440.3,1,2,2,2,2,34,-21,1,0
98116,7,2015,850066,862025,1.01,1460,590.43,2,3,2,1,2,11,-11959,0.99,-0.01
98642,7,1990,998055,1015071,1.02,3090,328.5,2,5,3,2,2,36,-17016,0.98,-0.02
98405,8,2008,475081,468449,0.99,1840,254.59,2,3,3,1,2,18,6632,1.01,0.01
99037,7,1999,474904,480051,1.01,2320,206.92,1,3,3,3,2,27,-5147,0.99,-0.01
99003,4,2021,410099,414901,1.01,1250,331.92,1,3,2,2,2,5,-4802,0.99,-0.01
99163,7,2003,548061,548076,1,2460,222.8,2,4,3,1,2,23,-15,1,0
98272,7,1987,895962,860069,0.96,1200,680.56,2,2,1,2,2,39,35893,1.04,0.04
98292,0,2001,484949,485091,1,1330,364.73,2,2,2,1,2,25,-142,1,0
98264,7,2016,699057,685081,0.98,2090,327.79,2,4,3,2,2,10,13976,1.02,0.02
98001,7,1971,774872,775033,1,2540,305.13,1,3,2,2,2,55,-161,1,0
98121,0,2008,425077,440084,1.03,860,511.73,1,1.5,1,1,2,18,-15007,0.97,-0.03
98374,7,1992,694932,734940,1.03,2430,302.44,2,4,3,1,2,34,-33595,0.95,-0.05
98682,7,2026,531070,531189,1,1610,329.93,2,3,2,2,2,0,-119,1,0
98198,7,1965,725092,725087,1,2230,325.15,2,3,3,1,2,61,5,1,0
98524,7,1996,499877,477449,0.96,1250,381.96,1,3,2,2,2,30,22428,1.05,0.05
98331,3,1992,264909,232586,0.96,1810,324.3,2,3,2,2,2,34,32323,1.14,0.14
98683,7,1994,460099,459944,1,1150,399.95,1,3,2,2,2,32,155,1,0
98367,7,2020,874934,874937,1,3650,239.71,2,4,4.5,3.5,2,6,-3,1,0
98312,7,1959,500060,499914,1,1930,259.02,1,3,2,2,2,67,146,1,0
98371,7,1951,389098,418081,1.03,860,486.14,1,2,2,1,2,75,-28983,0.93,-0.07
98229,7,2006,674918,675089,1,2050,329.31,3,3,3,1,2,20,-171,1,0
99362,7,1909,424936,399919,0.96,1840,217.35,2,3,2,2,2,117,25017,1.06,0.06
98019,7,2011,985081,965052,0.98,2700,357.43,2,4,3,2,2,15,20029,1.02,0.02
98221,7,1990,995076,995092,1,3000,331.7,1,4,4,3,2,36,-16,1,0
98074,7,1971,999854,940061,0.96,1480,635.18,1,3,2,2,2,55,43901,1.06,0.06
98370,7,2018,640063,640056,1,2680,238.83,2,4,3,2,2,8,7,1,0
98837,7,1998,285099,285905,1,1230,232.44,1,3,2,2,2,28,-806,1,0
98006,7,1980,1222787,1462187.5,1.03,2230,680.56,3,4,3,1,2,46,-33595,0.84,-0.16
98003,7,1962,574941,574923,1,1370,419.65,1,3,2,1,2,64,18,1,0
98092,7,1963,530008,530074,1,1450,365.57,1,3,2,1,2,63,-66,1,0
98042,7,1987,650027,660089,1.02,1770,372.93,2,3,3,1,2,39,-10062,0.98,-0.02
98107,0,2007,375052,365052,0.97,530,680.56,1,1.5,1,1,2,19,10000,1.03,0.03
98531,7,2025,900015,899895,1,3000,299.96,2,4,4,3,2,1,120,1,0
99352,7,1998,539828,552571,1.02,2710,203.9,2,4,3,2,2,28,-12743,0.98,-0.02
98023,0,1978,275099,273074,0.99,1210,225.68,2,2,2,1,2,48,2025,1.01,0.01
98375,7,2000,599850,625090,1.03,2510,249.04,2,4,3,2,2,26,-25240,0.96,-0.04
98074,7,2019,1222787,1462187.5,0.98,3865,680.56,2,5,4.5,2,2,7,43901,0.84,-0.16
98248,7,2007,739905,744943,1.01,2150,346.49,1,3,2,2,2,19,-5038,0.99,-0.01
99111,7,1925,324946,324901,1,2170,149.72,1,3,2,2,2,101,45,1,0
99352,7,2007,599088,594073,0.99,3000,198.02,2,4,3,1,2,19,5015,1.01,0.01
98148,7,1978,699905,715099,1.02,2140,334.16,1,4,3,1,2,48,-15194,0.98,-0.02
98155,7,1984,835095,825100,0.99,2050,402.49,2,3,3,1,2,42,9995,1.01,0.01
98036,7,1959,724939,729948,1.01,1240,588.67,1,3,2,1,2,67,-5009,0.99,-0.01
98516,7,2012,445095,450075,1.01,1440,312.55,2,3,3,1,2,14,-4980,0.99,-0.01
98012,7,2026,1222787,1240021,1,2470,502.03,2,5,3,2,2,0,-16,0.99,-0.01
98290,7,1990,1222787,1462187.5,0.97,3865,456.97,2,4,4,2,2,36,43901,0.84,-0.16
98640,7,2017,529073,514935,0.97,1720,299.38,1,3,2,2,2,9,14138,1.03,0.03
99349,4,2001,499966,499978,1,2010,248.75,1,3,2,2,2,25,-12,1,0
98584,7,2006,844949,862848,1.02,1970,437.99,2,2,3,2,2,20,-17899,0.98,-0.02
98294,4,1988,594911,589941,0.99,1610,366.42,1,3,2,2,2,38,4970,1.01,0.01
98042,7,2003,699433,699436,1,2350,297.63,2,4,3,2,2,23,-3,1,0
98376,3,1992,298917,269943,0.96,1810,324.3,2,3,2,2,2,34,28974,1.11,0.11
98023,5,1973,849880,819093,0.96,3060,267.68,2,3,2,2,2,53,30787,1.04,0.04
98513,4,2012,388931,397084,1.02,1190,333.68,1,3,2,1,2,14,-8153,0.98,-0.02
99217,7,1909,274905,265069,0.96,1040,254.87,1,2,1,1,2,117,9836,1.04,0.04
99301,5,1954,454946,454930,1,1420,320.37,2,4,2,2,2,72,16,1,0
98295,4,2011,155087,148054,0.96,560,264.38,1,1.5,1,2,2,15,7033,1.05,0.05
98625,7,2021,612988,612964,1,2060,297.56,1,4,2,2,2,5,24,1,0
98119,7,1910,1222787,1375097,1,1920,680.56,2,3,2,1,2,116,-166,0.89,-0.11
98203,7,1946,570063,609949,1.03,1980,308.06,1,3,2,1,2,80,-33595,0.93,-0.07
98926,7,1950,544950,500057,0.96,2440,204.94,2,4,2,1,2,76,43901,1.09,0.09
99350,7,1925,429803,414907,0.97,1370,302.85,1,3,1,1,2,101,14896,1.04,0.04
98233,7,1954,299098,306076,1.02,980,312.32,1,3,1,1,2,72,-6978,0.98,-0.02
98233,7,2010,395962,395051,1,1150,343.52,2,2,3,2,2,16,911,1,0
98004,0,2009,725051,710074,0.98,810,680.56,1,1.5,1,1,2,17,14977,1.02,0.02
98117,7,1942,974944,1019912,1.03,1740,586.16,1,3,1,1,2,84,-33595,0.96,-0.04
98034,7,1971,1222787,1462187.5,0.97,2790,605.71,2,4,3,3,2,55,43901,0.84,-0.16
98405,7,1909,499858,519931,1.03,3130,166.11,2,4,2,1,2,117,-20073,0.96,-0.04
98626,3,1992,110095,92832,0.96,1810,324.3,2,3,2,2,2,34,17263,1.19,0.19
98133,7,1948,690057,675080,0.98,1750,385.76,1,3,1,1,2,78,14977,1.02,0.02
98103,7,1922,800038,1008596,1.03,2110,478.01,2,5,1,1,2,104,-33595,0.79,-0.21
98038,7,1994,599059,575062,0.96,1230,467.53,1,3,2,1,2,32,23997,1.04,0.04
98110,7,1975,1119932,1084936,0.97,3865,269.21,1,3,4,1,2,51,34996,1.03,0.03
98023,7,1986,1222787,1450057,0.97,3510,413.12,1,4,4,1,2,40,43901,0.84,-0.16
98021,7,1977,949914,924917,0.97,2690,343.84,2,4,3,3,2,49,24997,1.03,0.03
99403,7,1995,439905,251923,0.96,2220,113.48,2,4,3,3,2,31,43901,1.75,0.75
99205,7,1953,389052,372567,0.96,1930,193.04,1,4,1,1,2,73,16485,1.04,0.04
98571,7,2022,925060,925085,1,1320,680.56,2,3,3,1,2,4,-25,1,0
98036,7,1990,944936,899931,0.96,1950,461.5,1,3,2,2,2,36,43901,1.05,0.05
98524,0,2000,509935,484941,0.96,1710,283.59,1,2,2,2,2,26,24994,1.05,0.05
99344,7,2025,360000,359977,1,1280,281.23,1,3,2,1,2,1,23,1,0
98329,7,1993,445089,444928,1,1370,324.76,3,3,2,1,2,33,161,1,0
98942,7,1982,384934,365695,0.96,1570,232.93,1,3,2,2,2,44,19239,1.05,0.05
98682,7,2026,543799,543772,1,1670,325.61,2,3,2,2,2,0,27,1,0
98072,7,1965,815075,843904,1.03,1260,669.77,1,3,2,1,2,61,-28829,0.97,-0.03
98603,7,2022,599924,589939,0.98,1600,368.71,1,3,2,2,2,4,9985,1.02,0.02
98223,7,2004,640022,639436,1,1700,376.14,2,4,3,2,2,22,586,1,0
98005,0,1969,399943,389922,0.97,690,565.1,1,1.5,1,2,2,57,10021,1.03,0.03
98902,7,1965,335097,351948,1.03,1600,219.97,1,3,2,1,2,61,-16851,0.95,-0.05
98603,7,2022,590050,590057,1,1600,368.79,1,3,2,2,2,4,-7,1,0
99338,7,2006,414842,426922,1.03,1900,224.7,2,3,3,1,2,20,-12080,0.97,-0.03
98036,7,1991,849939,819925,0.96,2090,392.31,2,4,3,2,2,35,30014,1.04,0.04
98930,7,2025,401914,401933,1,1530,262.7,1,3,2,1,2,1,-19,1,0
99352,7,2005,400056,400055,1,1310,305.39,1,3,2,1,2,21,1,1,0
99205,7,1950,295050,295093,1,1460,202.12,2,3,1,1,2,76,-43,1,0
98038,7,1992,779584,779574,1,2000,389.79,2,4,3,2,2,34,10,1,0
98027,7,1980,1222787,1462187.5,1.01,1870,680.56,1,3,2,1,2,46,-14958,0.84,-0.16
98671,7,2017,1100056,1100065,1,3865,270.29,3.5,5.5,4,3.5,2,9,-9,1,0
98199,7,1953,1219935,1324939,1.03,2160,613.4,1,3,2,1,2,73,-33595,0.92,-0.08
98607,7,2019,700075,699927,1,2200,318.15,2,4,2,2,2,7,148,1,0
98020,7,1949,1222787,1462187.5,0.96,2360,680.56,1,3,2,2,2,77,43901,0.84,-0.16
98020,7,1960,997915,1179928,1.03,1050,680.56,1,3,1,1,2,66,-33595,0.85,-0.15
98569,7,2021,355089,349927,0.99,1500,233.28,1,2,2,1,2,5,5162,1.01,0.01
98118,7,1997,724921,732904,1.01,1400,523.5,2,3,3,1,2,29,-7983,0.99,-0.01
98042,7,1995,699929,659902,0.96,2410,273.82,2,4,3,3,2,31,40027,1.06,0.06
98947,7,2022,358940,358926,1,1360,263.92,1,3,2,2,2,4,14,1,0
98119,0,1965,299906,290099,0.97,820,353.78,1,2,1,1,2,61,9807,1.03,0.03
98021,7,2025,1222787,1462187.5,1,2810,551.57,2,4,3,2,2,1,0,0.84,-0.16
98686,7,2012,734949,750091,1.02,2260,331.9,1,3,2,2,2,14,-15142,0.98,-0.02
99403,7,1956,249986,208839,0.96,770,271.22,1,2,1,1,2,70,41147,1.2,0.2
98119,0,1978,340054,349928,1.03,720,486.01,1,1.5,1,1,2,48,-9874,0.97,-0.03
98023,7,1967,474913,499933,1.03,970,515.39,1,3,1,1,2,59,-25020,0.95,-0.05
98368,7,2026,479858,480004,1,2070,231.89,2,4,3,3,2,0,-146,1,0
98203,7,1985,599894,609947,1.02,1800,338.86,2,4,2,1,2,41,-10053,0.98,-0.02
98034,7,1968,1198072,1198081,1,1460,680.56,1,3,2,1,2,58,-9,1,0
98801,7,1995,439956,439829,1,1400,314.16,1,3,2,2,2,31,127,1,0
98908,7,2006,484922,475092,0.98,1890,251.37,1,3,2,2,2,20,9830,1.02,0.02
98501,7,1998,678903,678916,1,2300,295.18,2,4,3,1,2,28,-13,1,0
98168,7,1928,384946,439054,1.03,600,680.56,1,2,1,1,2,98,-33595,0.88,-0.12
98178,7,1931,498570,500092,1,1010,495.14,1,2,1,1,2,95,-1522,1,0
98674,7,2017,524801,524975,1,2270,231.27,2,3,2,2,2,9,-174,1,0
98203,7,1910,450065,477078,1.03,1000,477.08,1,3,1,2,2,116,-27013,0.94,-0.06
98926,7,2025,449939,450094,1,2050,219.56,2,4,3,1,2,1,-155,1,0
98930,7,2025,401776,401932,1,1530,262.7,1,3,1,1,2,1,-156,1,0
98368,7,2026,419875,419899,1,1660,252.95,2,3,3,2,2,0,-24,1,0
98502,0,2008,300083,304941,1.02,1000,304.94,3,2,2,1,2,18,-4858,0.98,-0.02
98075,0,2004,524934,525071,1,1140,460.59,1,2,2,1,2,22,-137,1,0
98103,0,2001,719902,707551,0.98,1140,620.66,1,2,2,1,2,25,12351,1.02,0.02
98296,7,2000,1222787,1349942,1,3080,438.29,2,5,3,2,2,26,134,0.91,-0.09
98661,0,1998,252436,252410,1,1490,169.4,2,2,3,2,2,28,26,1,0
98356,7,2001,350098,325057,0.96,1300,250.04,1,2,2,1,2,25,25041,1.08,0.08
98663,7,1947,624903,624942,1,2440,256.12,3,3,2,2,2,79,-39,1,0
98528,7,1993,509925,499925,0.98,1400,357.09,1,3,2,2,2,33,10000,1.02,0.02
98563,7,1956,350051,354946,1.01,1860,190.83,3,4,2,1,2,70,-4895,0.99,-0.01
98367,7,1976,399980,395063,0.99,1000,395.06,1,2,1,2,2,50,4917,1.01,0.01
98201,7,1910,550028,565097,1.03,1920,294.32,1,5,3,3,2,116,-15069,0.97,-0.03
98229,7,1940,399057,487918,1.03,1420,343.6,1,3,1,1,2,86,-33595,0.82,-0.18
98584,7,1935,309918,290099,0.96,790,367.21,1,2,1,1,2,91,19819,1.07,0.07
98632,7,1966,365092,364932,1,1110,328.77,1,3,1,1,2,60,160,1,0
99202,7,1940,339945,329919,0.97,1470,224.43,1,2,1,1,2,86,10026,1.03,0.03
98032,7,2024,769719,769743,1,2030,379.18,2,4,3,2,2,2,-24,1,0
98408,7,1951,399893,399931,1,920,434.71,1,2,1,1,2,75,-38,1,0
98282,7,1979,519088,495058,0.96,1480,334.5,2,2,2,1,2,47,24030,1.05,0.05
99301,7,2026,419921,419758,1,1400,299.83,1,3,2,1,2,0,163,1,0
98327,7,1998,509950,509941,1,1450,351.68,2,3,3,2,2,28,9,1,0
98021,7,1986,925099,955060,1.03,1670,571.89,2,3,3,2,2,40,-29961,0.97,-0.03
98387,7,2005,485058,485073,1,1330,364.72,2,3,2,2,2,21,-15,1,0
98023,7,1979,699919,699929,1,2070,338.13,2,4,3,1,2,47,-10,1,0
98682,7,1972,450059,450066,1,3670,122.63,2,5,3,3,2,54,-7,1,0
98607,7,2025,790997,790968,1,2390,330.95,1,3,2,2,2,1,29,1,0
98902,7,1930,285087,275065,0.96,1010,272.34,1,3,1,1,2,96,10022,1.04,0.04
98133,7,1947,660091,665096,1.01,1460,455.55,1,3,1,1,2,79,-5005,0.99,-0.01
98445,7,2001,475072,499921,1.03,1890,264.51,2,4,3,2,2,25,-24849,0.95,-0.05
98116,0,1991,485023,484854,1,840,577.21,1,2,2,1,2,35,169,1,0
98258,7,1990,599868,611900,1.02,1410,433.97,1,3,2,2,2,36,-12032,0.98,-0.02
98103,7,1930,1222787,1274983,1,2790,456.98,2,3,2,1,2,96,7,0.96,-0.04
98546,7,1976,489857,489858,1,1610,304.26,2,4,3,1,2,50,-1,1,0
98568,7,1912,490050,475055,0.97,2180,217.92,2,3,2,2,2,114,14995,1.03,0.03
98133,0,1982,284917,285098,1,960,296.98,1,2,1,1,2,44,-181,1,0
98031,7,1950,679055,678926,1,2170,312.87,1,4,3,3,2,76,129,1,0
98531,7,1950,249886,250036,1,1030,242.75,1,2,2,2,2,76,-150,1,0
98550,7,1920,239793,249947,1.03,1200,208.29,1,3,1,1,2,106,-10154,0.96,-0.04
98028,7,1979,950062,949946,1,1940,489.66,2,4,3,1,2,47,116,1,0
98404,4,1988,180080,161905,0.96,1720,94.13,1,3,2,1,2,38,18175,1.11,0.11
98312,7,1991,470023,450072,0.96,3770,119.38,1,3,2,2,2,35,19951,1.04,0.04
98383,7,1975,574939,584057,1.02,1700,343.56,1,3,2,1,2,51,-9118,0.98,-0.02
98005,7,1966,1222787,1462187.5,0.97,1850,680.56,1,3,2,1,2,60,43901,0.84,-0.16
98908,0,1999,270077,277948,1.03,940,295.69,1,2,2,2,2,27,-7871,0.97,-0.03
98375,7,2003,475039,475072,1,1310,362.65,2,3,3,2,2,23,-33,1,0
98579,4,2001,474920,474915,1,1780,266.81,1,3,2,2,2,25,5,1,0
99350,7,1973,350096,349913,1,1380,253.56,1,4,1,1,2,53,183,1,0
98126,7,1941,593656,573677,0.97,730,680.56,1,2,2,1,2,85,19979,1.03,0.03
98671,7,2026,649912,649932,1,2000,324.97,2,4,2,2,2,0,-20,1,0
98391,7,2025,829910,810092,0.98,2970,272.76,2,5,3,1,2,1,19818,1.02,0.02
98626,3,1992,92686,92809,1,1810,324.3,2,3,2,2,2,34,-123,1,0
99202,7,1909,230071,232447,1.01,840,276.72,1,2,1,1,2,117,-2376,0.99,-0.01
98391,4,1998,445056,443233,1,1230,360.35,1,3,2,2,2,28,1823,1,0
98057,7,1920,500019,500040,1,1460,342.49,1,2,1,1,2,106,-21,1,0
98208,7,1997,659903,675927,1.02,1430,472.68,1,3,2,2,2,29,-16024,0.98,-0.02
98023,7,1990,575071,567051,0.99,1790,316.79,2,3,3,2,2,36,8020,1.01,0.01
98682,7,2004,500555,500442,1,2420,206.79,2,4,2,2,2,22,113,1,0
98445,7,1971,529083,539949,1.02,1960,275.48,3,4,2,1,2,55,-10866,0.98,-0.02
98204,0,1980,354901,354909,1,1180,300.77,1,2,2,2,2,46,-8,1,0
99206,7,1964,449906,442073,0.98,2880,153.5,2,4,3,3,2,62,7833,1.02,0.02
98444,7,1965,424887,435053,1.02,1180,368.69,1,3,1,1,2,61,-10166,0.98,-0.02
98118,7,1950,675073,664939,0.98,1440,461.76,1,3,2,2,2,76,10134,1.02,0.02
98663,5,1974,465077,465081,1,1560,298.13,1,4,2,2,2,52,-4,1,0
98074,8,2001,774938,775080,1,1390,557.61,2,2,3,2,2,25,-142,1,0
98034,0,1980,400063,410091,1.03,1080,379.71,1,2,2,1,2,46,-10028,0.98,-0.02
99111,4,1993,405062,405551,1,1780,227.84,1,3,2,2,2,33,-489,1,0
98310,7,2008,424900,434947,1.02,1250,347.96,1,2,1,1,2,18,-10047,0.98,-0.02
98855,3,1992,98912,98949,1,1810,324.3,2,3,2,2,2,34,-37,1,0
98942,4,2002,380092,380070,1,1880,202.16,2,3,3,2,2,24,22,1,0
98617,7,1978,256909,256913,1,1210,212.32,1,3,1,1,2,48,-4,1,0
98052,0,1982,410098,409917,1,1010,405.86,1,2,2,1,2,44,181,1,0
99301,7,2026,379905,379790,1,1150,330.25,1,3,2,2,2,0,115,1,0
98908,0,1956,110094,100917,0.96,920,109.69,1,2,1,1,2,70,9177,1.09,0.09
98110,7,1953,750053,734917,0.98,2140,343.42,2,3,2,1,2,73,15136,1.02,0.02
99337,7,2025,837974,838058,1,2650,316.25,1,4,3,2,2,1,-84,1,0
98034,7,1968,1222787,1243512,1,1300,680.56,1,3,2,1,2,58,8,0.98,-0.02
98118,7,2026,1222787,1265071,0.97,2570,492.25,3,4,4,2,2,0,34992,0.97,-0.03
99037,7,2026,424907,424797,1,1540,275.84,1,3,2,2,2,0,110,1,0
98126,7,1950,384941,500069,1.03,940,531.99,1,2,1,1,2,76,-33595,0.77,-0.23
98199,8,2001,874908,875089,1,1690,517.8,2,3,3,2,2,25,-181,1,0
99352,4,2003,350065,349915,1,1890,185.14,1,4,2,2,2,23,150,1,0
99206,7,1996,679965,680837,1,3210,212.1,2,5,3,3,2,30,-872,1,0
98337,7,1934,354903,346912,0.98,660,525.62,1,2,1,1,2,92,7991,1.02,0.02
98596,7,1930,159843,145069,0.96,1930,75.17,2,4,1,1,2,96,14774,1.1,0.1
99403,7,1994,454904,418927,0.96,2720,154.02,2,5,3,3,2,32,35977,1.09,0.09
98052,7,1951,858904,960054,1.03,880,680.56,1,2,1,1,2,75,-33595,0.89,-0.11
98118,7,1979,559870,611900,1.03,2620,233.55,2,3,3,1,2,47,-33595,0.91,-0.09
99223,7,2017,1000057,960092,0.96,3700,259.48,1,5.5,3,3,2,9,39965,1.04,0.04
98661,7,2024,539957,539959,1,1490,362.39,1,3,2,2,2,2,-2,1,0
99027,7,1971,429964,429978,1,1560,275.63,1,3,1,1,2,55,-14,1,0
99208,7,2003,535079,526411,0.98,3210,163.99,2,3,3,2,2,23,8668,1.02,0.02
99208,7,2025,650057,649925,1,2780,233.79,2,4,3,3,2,1,132,1,0
98930,7,2026,413703,413690,1,1870,221.22,1,4,1,1,2,0,13,1,0
98686,7,2003,789945,790099,1,3130,252.43,2,4,3,3,2,23,-154,1,0
98908,7,1991,569077,568937,1,2310,246.29,1,3,2,2,2,35,140,1,0
98665,7,1980,675051,675067,1,2500,270.03,2,4,2,2,2,46,-16,1,0
98092,7,2000,699691,682350,0.98,1720,396.72,2,3,3,2,2,26,17341,1.03,0.03
98682,7,1995,498052,498095,1,2140,232.75,2,3,2,2,2,31,-43,1,0
99016,7,2024,1110686,1110670,1,3865,236.82,2,4,4,3,2,2,16,1,0
99224,7,1984,809942,810086,1,2860,283.25,1,3,2,1,2,42,-144,1,0
98607,7,2006,1110092,1110095,1,3420,324.59,2,5,2,2,2,20,-3,1,0
98003,7,2026,934152,934197,1,3020,309.34,2,5,3,2,2,0,-45,1,0
99208,7,1965,549071,555093,1.01,3440,161.36,2,5,3,1,2,61,-6022,0.99,-0.01
99016,7,2003,594820,590096,0.99,2410,244.85,2,4,3,3,2,23,4724,1.01,0.01
98109,8,2025,1218924,1159902,0.96,1570,680.56,2,3,3,1,2,1,43901,1.05,0.05
99354,7,2006,535084,534900,1,2180,245.37,1,3,2,2,2,20,184,1,0
98584,4,2026,535090,534082,1,2000,267.04,1,4,3,3,2,0,1008,1,0
98052,7,1969,1222787,1462187.5,1,1730,680.56,1,4,2,1,2,57,-2786,0.84,-0.16
98125,7,2026,1222787,1400055,1,2710,516.63,2,4,4,2,2,0,-13,0.87,-0.13
98058,4,1982,132066,132090,1,910,145.15,1,2,1,2,2,44,-24,1,0
99026,7,2016,749800,729934,0.97,1780,410.08,1,3,2,2,2,10,19866,1.03,0.03
98499,8,2009,357975,357809,1,1360,263.09,2,3,4,1,2,17,166,1,0
98418,5,2026,1180037,1134097,0.96,2930,387.06,2,5.5,4.5,2,2,0,43901,1.04,0.04
98930,7,2026,413536,413548,1,1870,221.15,1,4,2,1,2,0,-12,1,0
99337,3,1992,150089,142588,0.96,1810,324.3,2,3,2,2,2,34,7501,1.05,0.05
98532,4,2025,439907,485064,1.03,1750,277.18,1,4,2,2,2,1,-33595,0.91,-0.09
99337,3,1992,170076,142572,0.96,1810,324.3,2,3,2,2,2,34,27504,1.19,0.19
99320,4,1999,499448,449301,0.96,1780,252.42,1,4,2,1,2,27,43901,1.11,0.11
98032,8,1988,389925,390091,1,1240,314.59,2,3,3,2,2,38,-166,1,0
99223,7,1965,750059,700060,0.96,3190,219.45,2,5,4,3,2,61,43901,1.07,0.07
98338,7,2007,755095,766403,1.01,2640,290.3,2,3,3,2,2,19,-11308,0.99,-0.01
98512,7,1978,545062,519925,0.96,2630,197.69,2,4,3,2,2,48,25137,1.05,0.05
98040,7,1968,1222787,1462187.5,0.98,3850,607.82,1,4,4,1,2,58,43901,0.84,-0.16
99202,7,1909,232462,229076,0.99,800,286.35,2,2,1,1,2,117,3386,1.01,0.01
98640,7,1966,590582,545080,0.96,2960,184.15,1,2,2,1,2,60,43901,1.08,0.08
98559,7,1924,364821,364958,1,2380,153.34,2,4,2,2,2,102,-137,1,0
99337,3,1992,169901,142567,0.96,1810,324.3,2,3,2,2,2,34,27334,1.19,0.19
98380,7,1942,724929,726914,1,2090,347.81,1,3,2,2,2,84,-1985,1,0
98662,7,2019,600063,600091,1,2330,257.55,2,4,2,2,2,7,-28,1,0
99362,7,2009,589952,582946,0.99,1840,316.82,1,4,2,2,2,17,7006,1.01,0.01
98087,8,2018,614050,605053,0.99,1580,382.94,2,3,3,1,2,8,8997,1.01,0.01
98239,4,2026,414931,422085,1.02,1310,322.2,1,2,2,1,2,0,-7154,0.98,-0.02
98502,7,2013,898903,898928,1,3000,299.64,2,3,3,2,2,13,-25,1,0
99350,8,2022,349976,349807,1,1250,279.85,1,2,2,1,2,4,169,1,0
98391,7,2025,724895,725043,1,2400,302.1,2,4,3,2,2,1,-148,1,0
99337,3,1992,150054,142433,0.96,1810,324.3,2,3,2,2,2,34,7621,1.05,0.05
98199,7,2006,1222787,1462187.5,1.02,3530,665.71,2,4,4,3,2,20,-33595,0.84,-0.16
98367,4,2024,189808,182586,0.96,1270,143.77,1,2,2,1,2,2,7222,1.04,0.04
99205,7,1954,429055,435093,1.01,2320,187.54,2,5,2,1,2,72,-6038,0.99,-0.01
98155,7,1983,850052,850057,1,1630,521.51,1,3,2,1,2,43,-5,1,0
98042,4,1976,170055,174934,1.03,800,218.67,1,3,2,1,2,50,-4879,0.97,-0.03
98045,7,1998,1190097,1190093,1,2340,508.59,2,4,3,2,2,28,4,1,0
99338,7,2010,659085,654948,0.99,2210,296.36,1,3,2,2,2,16,4137,1.01,0.01
98338,4,1996,520055,545098,1.03,1780,306.23,1,3,2,2,2,30,-25043,0.95,-0.05
98926,7,2025,749858,749855,1,2450,306.06,2,3,2,1,2,1,3,1,0
98356,7,1945,349907,350057,1,2480,141.15,1,3,2,1,2,81,-150,1,0
98661,0,1978,286910,286943,1,1250,229.55,1,2,2,2,2,48,-33,1,0
98002,7,1967,629096,634085,1.01,2270,279.33,3,5,3,2,2,59,-4989,0.99,-0.01
98248,7,2019,669938,664950,0.99,1860,357.5,2,4,3,2,2,7,4988,1.01,0.01
98101,0,2010,1222787,1462187.5,1,1940,680.56,1,2,3,1,2,16,24,0.84,-0.16
98055,8,2004,574884,570947,0.99,1450,393.76,2,3,3,1,2,22,3937,1.01,0.01
98368,7,1974,1222787,1462187.5,1.03,3865,325.5,2,3,3,3,2,52,-33595,0.84,-0.16
99324,7,2021,699821,699833,1,2720,257.29,2,4,4,3,2,5,-12,1,0
98005,7,1969,1222787,1462187.5,1.03,3830,561.38,1,4,3,2,2,57,-33595,0.84,-0.16
98584,7,1981,499917,499906,1,1560,320.45,1,2,3,2,2,45,11,1,0
98103,7,1926,1222787,1349926,1.03,2610,517.21,2,4,3,1,2,100,-33595,0.91,-0.09
98110,7,2006,1222787,1369082,0.99,3230,423.86,2,4,3,3,2,20,19999,0.89,-0.11
98335,7,1997,1099911,1100080,1,3010,365.48,2,3,3,2,2,29,-169,1,0
98329,7,1995,925037,860100,0.96,3440,250.03,2,2,4.5,3,2,31,43901,1.08,0.08
98512,7,2025,844894,844889,1,2610,323.71,2,4,3,2,2,1,5,1,0
99352,7,1944,356908,356938,1,1850,192.94,1,4,1,1,2,82,-30,1,0
98203,8,2026,525067,524931,1,1720,305.19,2,3,3,2,2,0,136,1,0
98121,0,2005,648934,648913,1,1120,579.39,1,2,2,1,2,21,21,1,0
98056,7,2006,1222787,1249906,1,3460,361.24,2,4,3,2,2,20,18,0.98,-0.02
98004,0,2008,1222787,1462187.5,1,2140,680.56,1,2,3,1,2,18,-163,0.84,-0.16
98908,7,2005,508907,515055,1.01,2280,225.9,2,4,3,2,2,21,-6148,0.99,-0.01
98501,7,2003,575092,565081,0.98,1990,283.96,2,3,3,2,2,23,10011,1.02,0.02
98107,8,2001,784927,799920,1.02,1460,547.89,2,3,3,1,2,25,-14993,0.98,-0.02
98001,7,1967,600089,624931,1.03,1230,508.07,1,3,2,1,2,59,-24842,0.96,-0.04
98223,7,1998,584931,604941,1.03,1340,451.45,1,3,2,2,2,28,-20010,0.97,-0.03
98373,7,2022,850084,857407,1.01,3340,256.71,2,4,4,3,2,4,-7323,0.99,-0.01
98223,7,2004,800081,800093,1,2940,272.14,2,4,2,2,2,22,-12,1,0
98332,7,1990,749938,759912,1.01,2650,286.76,1,3,3,1,2,36,-9974,0.99,-0.01
98373,7,2017,600013,611221,1.02,2650,230.65,2,5,3,3,2,9,-11208,0.98,-0.02
99352,7,1993,439847,444937,1.01,2050,217.04,1,3,2,1,2,33,-5090,0.99,-0.01
98382,7,2025,435007,435020,1,1440,302.1,1,2,2,2,2,1,-13,1,0
98391,7,2025,699918,725043,1.03,2400,302.1,2,4,3,2,2,1,-25125,0.97,-0.03
98118,7,1956,1222787,1462187.5,1.03,3560,526.67,1,4,3,1,2,70,-33595,0.84,-0.16
98387,4,1977,424058,424072,1,1340,316.47,1,3,2,2,2,49,-14,1,0
98117,7,2025,770021,769878,1,1090,680.56,2,3,2,1,2,1,143,1,0
98045,7,2012,1198080,1186446,0.99,2620,452.84,2,4,3,2,2,14,11634,1.01,0.01
98531,7,1926,384061,365652,0.96,1320,277.01,2,3,1,1,2,100,18409,1.05,0.05
98512,3,1992,349933,349937,1,1810,324.3,2,3,2,2,2,34,-4,1,0
98665,7,1969,725068,724925,1,2490,291.13,2,4,3,3,2,57,143,1,0
98661,7,2023,443575,443573,1,1390,319.12,2,3,2,2,2,3,2,1,0
98282,4,1980,305068,300073,0.98,930,322.66,1,2,1,1,2,46,4995,1.02,0.02
98021,7,1979,1099913,1099907,1,2920,376.68,1,5,3,1,2,47,6,1,0
98844,3,1992,180066,150088,0.96,1810,324.3,2,3,2,2,2,34,29978,1.2,0.2
98168,7,1961,909828,909906,1,3210,283.46,2,3,3,1,2,65,-78,1,0
98002,4,1978,135069,127069,0.96,980,129.66,1,3,1,1,2,48,8000,1.06,0.06
98022,4,1986,435009,534937,1.03,1080,495.31,1,3,2,2,2,40,-33595,0.81,-0.19
98023,7,1990,699866,715071,1.02,2310,309.55,2,4,3,2,2,36,-15205,0.98,-0.02
98597,4,1995,458938,457422,1,1300,351.86,1,3,2,2,2,31,1516,1,0
98221,7,1957,1222787,1462187.5,1.01,3290,551.65,1,4,2,1,2,69,-15868,0.84,-0.16
98253,3,1992,69910,69927,1,1810,324.3,2,3,2,2,2,34,-17,1,0
98208,7,1991,840098,855057,1.02,2200,388.66,3,4,3,1,2,35,-14959,0.98,-0.02
98311,7,2017,545084,546921,1,2100,260.44,2,4,3,2,2,9,-1837,1,0
98595,3,1992,395096,385086,0.97,1810,324.3,2,3,2,2,2,34,10010,1.03,0.03
98117,7,2023,700092,675076,0.96,1090,619.34,2,2,2,2,2,3,25016,1.04,0.04
98367,7,1978,524826,509906,0.97,2360,216.06,1,4,3,2,2,48,14920,1.03,0.03
98116,7,2025,1222787,1462187.5,1,2740,620.4,2,3,4,2,2,1,139,0.84,-0.16
98359,7,1993,914934,874904,0.96,3300,265.12,2,3,3,2,2,33,40030,1.05,0.05
98199,7,2001,1222787,1462187.5,1,3300,680.56,2,3,3,1,2,25,-19,0.84,-0.16
98253,3,1992,70077,70094,1,1810,324.3,2,3,2,2,2,34,-17,1,0
98274,7,2019,715098,712067,1,1940,367.04,1,3,2,1,2,7,3031,1,0
98264,7,1991,639807,624927,0.98,2210,282.77,2,4,3,2,2,35,14880,1.02,0.02
98445,7,1929,699826,689929,0.99,3680,187.48,2,4,3,1,2,97,9897,1.01,0.01
98467,7,2017,794917,785064,0.99,2570,305.47,2,4,3,3,2,9,9853,1.01,0.01
98059,7,2008,1222787,1462187.5,0.97,3860,448.16,2,5,4,3,2,18,43901,0.84,-0.16
98012,7,2025,1222787,1249868,1,2330,536.42,2,5,3,2,2,1,173,0.98,-0.02
98391,7,1996,724922,715099,0.99,1750,408.63,1,3,3,2,2,30,9823,1.01,0.01
98110,7,1996,1222787,1462187.5,1.03,2930,612.59,2,3,3,2,2,30,-33595,0.84,-0.16
98010,7,2026,1122009,1255029,1.03,2200,570.47,1,3,3,2,2,0,-33595,0.89,-0.11
98136,8,2005,400032,400037,1,780,512.87,2,2,1,1,2,21,-5,1,0
98520,4,1971,55053,54925,1,1140,48.18,1,2,1,1,2,55,128,1,0
98682,7,2007,680064,680075,1,2610,260.57,2,5,2,2,2,19,-11,1,0
98092,7,1995,864941,835087,0.97,3320,251.53,2,5,4,2,2,31,29854,1.04,0.04
98177,7,1995,1222787,1462187.5,1.03,3090,487.08,2,4,3,2,2,31,-33595,0.84,-0.16
98022,7,2006,450001,443904,0.99,1760,252.22,2,3,3,2,2,20,6097,1.01,0.01
98155,7,2020,845060,844911,1,1800,469.4,2,3,3,2,2,6,149,1,0
98034,7,1996,1222787,1462187.5,1,2670,636.3,2,4,3,2,2,30,161,0.84,-0.16
98110,8,1991,650085,650096,1,1460,445.27,2,3,2,2,2,35,-11,1,0
98816,3,1992,169075,124945,0.96,1810,324.3,2,3,2,2,2,34,43901,1.35,0.35
98516,7,1977,990092,949912,0.96,3190,297.78,2,4,3,3,2,49,40180,1.04,0.04
98230,7,1960,414904,414930,1,1160,357.7,1,2,1,2,2,66,-26,1,0
98501,7,1992,925056,924928,1,3480,265.78,2,3,3,2,2,34,128,1,0
98277,7,1976,694902,680089,0.98,1970,345.22,1,3,2,1,2,50,14813,1.02,0.02
98075,7,1980,1222787,1462187.5,1.03,2130,680.56,3,4,3,2,2,46,-33595,0.84,-0.16
98115,7,1929,1222787,1387905,1.03,2860,485.28,2,4,2,1,2,97,-33595,0.88,-0.12
98333,7,2003,844946,855075,1.01,2100,407.18,2,3,2,2,2,23,-10129,0.99,-0.01
98233,7,1959,425081,439933,1.03,840,523.73,1,2,1,1,2,67,-14852,0.97,-0.03
98107,7,1920,1222787,1462023,1.03,2150,680.01,2,4,3,1,2,106,-33595,0.84,-0.16
98626,7,1998,399979,404929,1.01,1450,279.26,2,3,3,2,2,28,-4950,0.99,-0.01
98597,7,2025,567854,568327,1,2510,226.43,2,4,3,2,2,1,-473,1,0
98119,8,2019,1222787,1374945,1,2000,680.56,2,3,4,3,2,7,131,0.89,-0.11
98168,7,1961,750097,759925,1.01,2030,374.35,1,5,3,1,2,65,-9828,0.99,-0.01
98422,7,1983,475086,495092,1.03,1140,434.29,1,3,2,1,2,43,-20006,0.96,-0.04
98616,7,1940,218943,219074,1,590,371.31,1,2,1,2,2,86,-131,1,0
98092,0,2002,448902,448922,1,1170,383.69,1,2,2,2,2,24,-20,1,0
98059,7,2001,848902,849067,1,2050,414.18,2,4,3,1,2,25,-165,1,0
98642,7,2025,579902,579904,1,2040,284.27,2,3,2,2,2,1,-2,1,0
99224,7,2017,499909,496918,0.99,2200,225.87,2,5,3,2,2,9,2991,1.01,0.01
98250,7,1965,1222787,1462187.5,0.96,3865,657.64,1,2,3,1,2,61,43901,0.84,-0.16
99204,0,1973,525080,498924,0.96,1340,372.33,1,1.5,2,2,2,53,26156,1.05,0.05
98225,7,1909,538072,535072,0.99,1400,382.19,2,3,2,1,2,117,3000,1.01,0.01
98006,7,1963,1222787,1462187.5,1.03,3260,680.56,2,4,3,2,2,63,-33595,0.84,-0.16
98036,7,1984,924900,895098,0.97,2180,410.6,3,3,3,2,2,42,29802,1.03,0.03
98503,7,1974,554910,553094,1,1990,277.94,1,4,3,1,2,52,1816,1,0
98236,7,1991,549097,539095,0.98,1620,332.77,1,2,2,2,2,35,10002,1.02,0.02
99336,7,1993,319897,319927,1,1520,210.48,2,3,3,2,2,33,-30,1,0
98029,7,1992,1222787,1462187.5,1.03,2280,671.02,2,4,3,3,2,34,-33595,0.84,-0.16
98391,7,2003,850062,849928,1,2990,284.26,2,5,3,3,2,23,134,1,0
98409,7,2016,520086,533061,1.02,1720,309.92,2,4,4,2,2,10,-12975,0.98,-0.02
98022,7,1978,575080,612060,1.03,1560,392.35,2,3,3,2,2,48,-33595,0.94,-0.06
98258,7,2023,889052,889069,1,3180,279.58,2,5,4,2,2,3,-17,1,0
99016,7,2025,794904,765078,0.96,2140,357.51,1,3,2,2,2,1,29826,1.04,0.04
98126,7,2025,699874,682444,0.98,1090,626.1,2,3,3,2,2,1,17430,1.03,0.03
98271,7,1992,689869,675085,0.98,2020,334.2,2,4,3,1,2,34,14784,1.02,0.02
99208,7,1953,315058,314927,1,1810,324.3,1,2,1,1,2,73,131,1,0
98070,7,1965,1149942,1167094,1.01,1690,680.56,1,3,2,2,2,61,-17152,0.99,-0.01
98632,7,1967,359844,345936,0.96,1140,303.45,1,3,1,1,2,59,13908,1.04,0.04
98034,7,2026,1222787,1462187.5,1,3710,680.56,2,5,4.5,3,2,0,26,0.84,-0.16
98005,7,1981,1222787,1462187.5,1.03,2660,680.56,1,5,3,1,2,45,-33595,0.84,-0.16
99354,7,1977,457921,457901,1,1610,284.41,1,3,3,2,2,49,20,1,0
98115,7,1951,800074,876066,1.03,850,680.56,1,2,1,1,2,75,-33595,0.91,-0.09
98006,7,1961,1222787,1462187.5,1.03,2840,570.39,1,5,3,2,2,65,-33595,0.84,-0.16
98026,7,1990,1099866,1049907,0.96,2540,413.35,3,3,3,2,2,36,43901,1.05,0.05
98446,7,2025,673224,673364,1,2600,258.99,2,5,3,2,2,1,-140,1,0
98136,7,1931,1222787,1350082,0.99,2820,478.75,2,3,2,2,2,95,15005,0.91,-0.09
98503,7,2019,579088,578940,1,2500,231.58,2,4,3,2,2,7,148,1,0
98338,7,2012,674904,689932,1.02,3080,224,2,4,3,2,2,14,-15028,0.98,-0.02
98644,7,1957,545090,542935,1,1730,313.84,1,3,2,2,2,69,2155,1,0
98683,7,1998,514924,514916,1,1510,341,2,3,2,2,2,28,8,1,0
98407,0,1993,724925,715094,0.99,1720,415.75,1,3,2,1,2,33,9831,1.01,0.01
98052,7,1977,1222787,1462187.5,0.98,2560,595.73,2,4,3,1,2,49,25000,0.84,-0.16
98146,7,1942,624920,641936,1.03,1210,530.53,1,3,1,1,2,84,-17016,0.97,-0.03
98030,7,1975,599893,630091,1.03,1870,336.95,1,4,3,2,2,51,-30198,0.95,-0.05
99336,7,1994,364903,365073,1,1270,287.46,1,3,2,2,2,32,-170,1,0
98117,7,1926,919093,990076,1.03,1640,603.7,1,2,1,1,2,100,-33595,0.93,-0.07
98059,7,1963,599056,589960,0.98,1120,526.75,1,3,1,1,2,63,9096,1.02,0.02
98010,7,2019,649910,640057,0.98,2080,307.72,2,3,3,2,2,7,9853,1.02,0.02
98446,7,2025,675005,675044,1,2900,232.77,2,3,3,2,2,1,-39,1,0
98368,7,2026,499864,500018,1,2070,241.55,2,4,3,3,2,0,-154,1,0
98033,7,2025,1049296,1019917,0.97,1190,680.56,1,2,2,1,2,1,29379,1.03,0.03
98008,7,1998,1222787,1462187.5,0.98,2870,679.42,2,5,3,2,2,28,43901,0.84,-0.16
98282,7,1998,525083,524912,1,1420,369.66,1,3,2,2,2,28,171,1,0
99217,7,1979,325087,331081,1.02,2450,135.14,1,4,2,1,2,47,-5994,0.98,-0.02
99163,7,1959,459829,459842,1,2890,159.11,1,4,4,1,2,67,-13,1,0
98282,7,2002,465097,492059,1.03,1840,267.42,1,3,2,2,2,24,-26962,0.95,-0.05
98178,7,1960,699861,699906,1,2150,325.54,2,4,3,1,2,66,-45,1,0
98409,7,1920,424940,439924,1.03,1430,307.64,1,3,1,1,2,106,-14984,0.97,-0.03
98043,7,1953,659916,659936,1,1170,564.05,1,3,2,1,2,73,-20,1,0
98282,7,2020,699913,685057,0.98,2550,268.65,1,3,3,2,2,6,14856,1.02,0.02
98354,7,1952,634933,619944,0.98,2310,268.37,1,4,3,2,2,74,14989,1.02,0.02
99204,0,1974,310087,294396,0.96,1180,249.49,2,2,2,1,2,52,15691,1.05,0.05
98270,7,1967,718905,724901,1.01,1860,389.73,1,3,3,1,2,59,-5996,0.99,-0.01
99205,7,1949,247591,239570,0.97,670,357.57,2,2,1,1,2,77,8021,1.03,0.03
98661,7,1972,472088,472060,1,1270,371.7,1,3,2,2,2,54,28,1,0
98531,7,1954,329918,329929,1,1370,240.82,1,2,2,1,2,72,-11,1,0
98087,7,2005,898937,937444,1.03,2090,448.54,1,2,2,2,2,21,-33595,0.96,-0.04
98029,0,1987,414910,415078,1,1010,410.97,1,1.5,2,2,2,39,-168,1,0
98375,7,2009,530068,529919,1,2030,261.04,2,4,3,2,2,17,149,1,0
99208,7,1962,414923,410300,0.99,2600,157.81,1,4,3,1,2,64,4623,1.01,0.01
99203,7,1909,624934,609934,0.98,2740,222.6,2,3,2,2,2,117,15000,1.02,0.02
98498,7,1965,499935,505060,1.01,1170,431.68,1,3,2,1,2,61,-5125,0.99,-0.01
98837,7,1952,329958,310056,0.96,2530,122.55,1,4,2,2,2,74,19902,1.06,0.06
98236,7,1988,600097,609929,1.02,1540,396.06,3,3,3,1,2,38,-9832,0.98,-0.02
99336,7,1950,299843,294920,0.98,790,373.32,1,2,1,1,2,76,4923,1.02,0.02
99403,7,1955,289054,245053,0.96,1090,224.82,1,3,1,1,2,71,43901,1.18,0.18
98366,7,1966,455097,454912,1,1460,311.58,1,3,2,1,2,60,185,1,0
98198,7,1955,575078,594927,1.03,1420,418.96,1,3,2,1,2,71,-19849,0.97,-0.03
98391,7,2025,759928,760090,1,2660,285.75,2,5,3,1,2,1,-162,1,0
98660,7,2005,424987,424827,1,1500,283.22,2,3,2,2,2,21,160,1,0
98338,7,2026,500019,500057,1,1630,306.78,2,3,3,2,2,0,-38,1,0
98626,7,1910,340056,340051,1,1040,326.97,2,2,1,1,2,116,5,1,0
98177,7,2025,649863,649872,1,1100,590.79,2,2,2,1,2,1,-9,1,0
98902,7,2001,360057,370077,1.03,1590,232.75,1,3,2,2,2,25,-10020,0.97,-0.03
98133,7,2025,698872,675091,0.97,1230,548.85,2,2,3,1,2,1,23781,1.04,0.04
98058,0,2004,340048,339094,1,800,423.87,2,1.5,1,1,2,22,954,1,0
98023,7,1967,535097,550058,1.03,1300,423.12,1,3,2,1,2,59,-14961,0.97,-0.03
98407,7,1979,614932,604934,0.98,1610,375.74,2,4,2,2,2,47,9998,1.02,0.02
99336,7,1955,323911,314940,0.97,1560,201.88,1,3,2,1,2,71,8971,1.03,0.03
98031,4,1979,75081,67055,0.96,1440,46.57,1,3,2,1,2,47,8026,1.12,0.12
98108,7,1971,799826,799950,1,1120,680.56,1,3,1,1,2,55,-124,1,0
98532,7,1930,298943,275054,0.96,1180,233.1,2,3,1,1,2,96,23889,1.09,0.09
98467,7,1982,739569,714076,0.97,1820,392.35,1,3,2,1,2,44,25493,1.04,0.04
98058,7,1960,648417,648443,1,1850,350.51,1,3,2,1,2,66,-26,1,0
98604,7,2025,624899,625058,1,2650,235.87,2,5,3,3,2,1,-159,1,0
98104,0,1930,349950,348444,1,980,355.56,1,1.5,1,1,2,96,1506,1,0
98277,7,2025,660036,660036,1,2320,284.5,2,4,3,2,2,1,0,1,0
98002,7,1944,540043,524918,0.97,1360,385.97,1,3,2,1,2,82,15125,1.03,0.03
98374,7,1982,449852,464901,1.03,1110,418.83,1,3,2,1,2,44,-15049,0.97,-0.03
98155,7,1931,599929,450055,0.96,1270,354.37,1,1.5,1,1,2,95,43901,1.33,0.33
98087,0,1980,299894,309940,1.03,1040,298.02,1,2,1,1,2,46,-10046,0.97,-0.03
99004,7,2019,429837,420073,0.98,1810,324.3,2,3,2,2,2,7,9764,1.02,0.02
98923,7,1971,339907,340083,1,1400,242.92,1,3,2,1,2,55,-176,1,0
99207,7,1910,269094,274944,1.02,960,286.4,1,3,1,1,2,116,-5850,0.98,-0.02
98563,7,1965,305632,295060,0.97,720,409.81,1,2,1,1,2,61,10572,1.04,0.04
98444,7,1961,415944,406929,0.98,1190,341.96,1,3,1,1,2,65,9015,1.02,0.02
98445,7,1989,434944,444677,1.02,1580,281.44,2,3,3,2,2,37,-9733,0.98,-0.02
98262,7,1985,398926,399070,1,940,424.54,2,3,1,1,2,41,-144,1,0
98026,7,1910,575080,574912,1,1120,513.31,1,2,1,1,2,116,168,1,0
99016,7,2023,399899,400026,1,1290,310.1,1,3,2,1,2,3,-127,1,0
98513,7,2006,484866,490072,1.01,2020,242.61,2,4,3,2,2,20,-5206,0.99,-0.01
98026,7,2024,1222787,1462187.5,0.97,3690,455.26,2,5,4,3,2,2,43901,0.84,-0.16
98444,7,1958,424950,439902,1.03,1240,354.76,2,3,2,1,2,68,-14952,0.97,-0.03
99207,7,1946,270054,270076,1,1480,182.48,2,3,1,1,2,80,-22,1,0
98908,7,1993,498927,489923,0.98,2760,177.51,2,4,4,3,2,33,9004,1.02,0.02
99003,7,1980,699914,684903,0.98,3865,138.36,2,5.5,4.5,3.5,2,46,15011,1.02,0.02
98683,0,2003,395479,395445,1,1500,263.63,2,3,2,2,2,23,34,1,0
98272,7,2025,799879,799896,1,2240,357.1,2,4,3,2,2,1,-17,1,0
98901,7,1995,359835,354928,0.99,1210,293.33,1,3,2,2,2,31,4907,1.01,0.01
98391,7,2025,830098,829933,1,2970,279.44,2,5,3,2,2,1,165,1,0
98942,7,2002,599927,560171,0.96,2980,187.98,2,2,3,2,2,24,39756,1.07,0.07
99352,7,1977,449934,430056,0.96,1960,219.42,1,4,2,2,2,49,19878,1.05,0.05
98682,7,1987,950072,949906,1,3600,263.86,2,5,3,3,2,39,166,1,0
98512,7,2007,775050,774919,1,3500,221.41,2,5.5,4,3,2,19,131,1,0
99208,7,1979,595065,585085,0.98,3120,187.53,1,5,3,3,2,47,9980,1.02,0.02
98629,7,2026,629924,630056,1,2350,268.11,2,4,2,2,2,0,-132,1,0
98901,7,1965,538904,524933,0.97,3160,166.12,2,4,3,3,2,61,13971,1.03,0.03
98684,7,2000,680087,679919,1,2500,271.97,2,4,2,2,2,26,168,1,0
98329,7,1977,549089,560076,1.02,1180,474.64,2,3,1,1,2,49,-10987,0.98,-0.02
98683,0,1983,361077,360915,1,960,375.95,1,2,1,1,2,43,162,1,0
99022,7,2007,349945,357916,1.02,1140,313.96,1,3,2,2,2,19,-7971,0.98,-0.02
98684,7,1989,810069,809929,1,2270,356.8,2,3,2,2,2,37,140,1,0
98223,7,2009,945100,944911,1,2630,359.28,2,4,3,2,2,17,189,1,0
98604,7,2004,1074948,1074937,1,3030,354.76,2,4,3,3,2,22,11,1,0
99163,7,1977,388906,397054,1.02,1950,203.62,1,3,2,1,2,49,-8148,0.98,-0.02
99206,7,1951,465084,465096,1,2330,199.61,1,4,2,2,2,75,-12,1,0
98387,7,2016,600014,615051,1.03,2710,226.96,2,5,3,2,2,10,-15037,0.98,-0.02
98424,7,2013,694911,687936,0.99,2140,321.47,2,4,3,2,2,13,6975,1.01,0.01
98270,7,2007,875092,880055,1.01,3190,275.88,2,4,3,2,2,19,-4963,0.99,-0.01
98136,7,1959,1222787,1462187.5,0.98,2740,574.8,2,4,4,2,2,67,25113,0.84,-0.16
98001,7,1990,629445,661070,1.03,1800,367.26,2,4,3,3,2,36,-31625,0.95,-0.05
98107,7,1959,854917,910056,1.03,1670,544.94,1,2,2,1,2,67,-33595,0.94,-0.06
98223,7,2007,1059900,1060073,1,2770,382.7,2,3,3,2,2,19,-173,1,0
99110,7,1994,479051,469903,0.98,1660,283.07,1,3,2,2,2,32,9148,1.02,0.02
98274,7,1960,718917,695056,0.97,2160,321.79,1,3,2,2,2,66,23861,1.03,0.03
98671,7,2025,1100056,1100097,1,3750,293.36,3,5,4,3.5,2,1,-41,1,0
98580,7,2006,1024917,1024930,1,2920,351,2,3,3,2,2,20,-13,1,0
98221,7,2026,784919,766920,0.98,1250,613.54,1,3,2,2,2,0,17999,1.02,0.02
98332,7,1988,1049946,977428,0.96,3390,288.33,2,4,3,2,2,38,43901,1.07,0.07
98661,7,1977,451084,451066,1,1580,285.48,1,4,2,2,2,49,18,1,0
99352,7,2025,699805,695055,0.99,2400,289.61,1,4,2,2,2,1,4750,1.01,0.01
98037,7,1990,959406,924920,0.96,2140,432.21,2,4,3,2,2,36,34486,1.04,0.04
99208,7,2025,564949,565096,1,2260,250.04,2,4,3,3,2,1,-147,1,0
98926,7,2003,488938,488924,1,1820,268.64,2,3,3,2,2,23,14,1,0
98685,7,2000,799838,799820,1,2610,306.44,1,4,2,2,2,26,18,1,0
98204,0,1984,340023,335032,0.99,1040,322.15,1,2,2,2,2,42,4991,1.01,0.01
98312,7,1985,424943,450931,1.03,2580,174.78,1,2,3,1,2,41,-25988,0.94,-0.06
98584,7,2025,659407,659444,1,2200,299.75,2,3,2,2,2,1,-37,1,0
98391,7,2025,1133789,1134683,1,3865,271.46,2,5,4.5,3,2,1,-894,1,0
98665,7,2002,574909,574906,1,2150,267.4,2,5,2,2,2,24,3,1,0
98040,7,1950,1222787,1462187.5,0.96,2720,680.56,2,4,2,2,2,76,43901,0.84,-0.16
99338,7,2003,485050,483094,1,2120,227.87,1,4,2,2,2,23,1956,1,0
98640,7,2024,1138904,949907,0.96,2800,339.25,2,3,3,3,2,2,43901,1.2,0.2
98802,7,2023,560064,561062,1,1900,295.3,2,2,3,1,2,3,-998,1,0
98270,7,1990,694917,708921,1.02,2390,296.62,2,4,3,2,2,36,-14004,0.98,-0.02
98801,7,1972,544904,539912,0.99,1780,303.32,1,3,2,1,2,54,4992,1.01,0.01
98311,7,1985,530001,539925,1.02,1710,315.75,2,3,3,2,2,41,-9924,0.98,-0.02
98075,7,1996,1222787,1462187.5,0.99,3110,610.91,2,4,3,2,2,30,25035,0.84,-0.16
98332,7,2002,749050,764096,1.02,2380,321.05,2,3,3,2,2,24,-15046,0.98,-0.02
98408,7,1942,416056,426081,1.02,2070,205.84,2,3,1,1,2,84,-10025,0.98,-0.02
98363,3,1992,80052,80092,1,1810,324.3,2,3,2,2,2,34,-40,1,0
98409,5,1969,500090,489910,0.98,1870,261.98,2,4,2,2,2,57,10180,1.02,0.02
98168,8,2023,680080,640091,0.96,2160,296.34,2,4,4,2,2,3,39989,1.06,0.06
98221,3,1992,100099,100093,1,1810,324.3,2,3,2,2,2,34,6,1,0
98548,3,1992,139990,135061,0.96,1810,324.3,2,3,2,2,2,34,4929,1.04,0.04
99026,3,1992,175099,172050,0.98,1810,324.3,2,3,2,2,2,34,3049,1.02,0.02
98033,0,1968,285062,285057,1,720,395.91,1,1.5,1,1,2,58,5,1,0
98296,7,1945,650064,649938,1,1720,377.87,1,2,2,1,2,81,126,1,0
98270,4,1991,64907,59915,0.96,780,76.81,1,2,1,1,2,35,4992,1.08,0.08
98841,7,2017,479962,468826,0.98,1850,253.42,1,3,3,2,2,9,11136,1.02,0.02
98002,4,1993,124948,102927,0.96,780,131.96,1,2,1,2,2,33,22021,1.21,0.21
99208,7,2015,1080084,1034950,0.96,1810,324.3,1,5,4,3,2,11,43901,1.04,0.04
98407,7,2016,985090,984916,1,1960,502.51,2,3,3,1,2,10,174,1,0
98045,7,2021,1222787,1462187.5,0.96,3865,572.9,2,4,4.5,1,2,5,43901,0.84,-0.16
98903,4,2019,150096,144912,0.97,1300,111.47,1,3,2,2,2,7,5184,1.04,0.04
98166,5,1959,1222787,1462187.5,0.96,1810,324.3,2,3,2,2,2,67,43901,0.84,-0.16
98031,7,2011,710039,700065,0.99,1620,432.14,2,3,3,2,2,15,9974,1.01,0.01
98382,7,1979,699857,829052,1.03,3865,188.42,2,3,4.5,3.5,2,47,-33595,0.84,-0.16
99023,3,1992,199585,185064,0.96,1810,324.3,2,3,2,2,2,34,14521,1.08,0.08
98607,7,2025,944628,944622,1,2690,351.16,2,3,2,2,2,1,6,1,0
98407,7,1926,719092,727575,1.01,2490,292.2,2,3,3,2,2,100,-8483,0.99,-0.01
98011,8,2025,850062,845072,0.99,1800,469.48,2,3,4,3,2,1,4990,1.01,0.01
98403,7,1909,625052,625063,1,1970,317.29,2,4,3,1,2,117,-11,1,0
98371,7,2017,999922,999932,1,3710,269.52,2,5,4,3,2,9,-10,1,0
98229,4,1996,89840,89984,1,1260,71.42,1,2,2,1,2,30,-144,1,0
98632,7,2025,724945,725100,1,3160,229.46,3,4,3,3,2,1,-155,1,0
98516,7,2004,648944,645088,0.99,2330,276.86,1,2,3,1,2,22,3856,1.01,0.01
98282,3,1992,198915,165087,0.96,1810,324.3,2,3,2,2,2,34,33828,1.2,0.2
98115,7,2021,1222787,1462187.5,1,3300,680.56,2,5,3,1,2,5,-2001,0.84,-0.16
98611,3,1992,149823,149845,1,1810,324.3,2,3,2,2,2,34,-22,1,0
98405,0,1925,273862,257414,0.96,840,306.45,1,1.5,1,1,2,101,16448,1.06,0.06
98220,3,1992,169077,149091,0.96,1810,324.3,2,3,2,2,2,34,19986,1.13,0.13
98038,7,1992,590082,590076,1,1090,541.35,1,3,2,2,2,34,6,1,0
98223,7,1970,597446,597446,1,1320,452.61,1,3,2,2,2,56,0,1,0
98506,0,1989,399993,395086,0.99,1210,326.52,3,2,2,1,2,37,4907,1.01,0.01
99205,7,1947,375072,386154,1.03,1990,194.05,1,3,2,2,2,79,-11082,0.97,-0.03
98043,7,1960,900057,963061,1.03,1900,506.87,1,3,2,1,2,66,-33595,0.93,-0.07
98059,7,2014,1222787,1377442,1,3080,447.22,1,4,3,2,2,12,-33,0.89,-0.11
98501,7,2014,624413,609913,0.98,2720,224.23,2,4,3,2,2,12,14500,1.02,0.02
98245,7,1980,1200052,1140066,0.96,1920,593.78,2,1.5,3,2,2,46,43901,1.05,0.05
98444,7,1998,474941,471086,0.99,1310,359.61,1,3,2,2,2,28,3855,1.01,0.01
98597,3,1992,36950,34915,0.96,1810,324.3,2,3,2,2,2,34,2035,1.06,0.06
98922,7,2024,1222787,1389837,1,2170,640.48,1,3,4,1,2,2,126,0.88,-0.12
98115,7,1950,1222787,1462187.5,0.99,3580,680.56,1,5,4,2,2,76,24997,0.84,-0.16
99163,7,1974,578914,579078,1,2880,201.07,1,4,3,1,2,52,-164,1,0
99205,7,1950,349824,350070,1,2110,165.91,2,2,1,1,2,76,-246,1,0
98203,7,1940,900049,900043,1,3620,248.63,2,5.5,3,2,2,86,6,1,0
98375,7,2003,525088,524932,1,1800,291.63,3,3,3,2,2,23,156,1,0
98225,7,1967,599081,609062,1.02,1250,487.25,1,3,2,1,2,59,-9981,0.98,-0.02
98682,7,2025,616925,617093,1,1720,358.78,2,3,2,2,2,1,-168,1,0
98664,7,2013,564948,574913,1.02,2250,255.52,2,4,3,2,2,13,-9965,0.98,-0.02
98199,7,1942,1222787,1462187.5,1.01,2650,664.12,1,4,3,2,2,84,-9972,0.84,-0.16
98282,7,1997,889081,850098,0.96,2800,303.61,1,3,3,3,2,29,38983,1.05,0.05
98422,7,1991,1222787,1340089,0.96,3865,299.8,2,4,4.5,2,2,35,43901,0.91,-0.09
99163,7,1998,398948,436594,1.03,1230,354.95,1,3,2,2,2,28,-33595,0.91,-0.09
98597,7,2013,590061,575090,0.97,3090,186.11,2,4,3,2,2,13,14971,1.03,0.03
98327,7,1999,775095,800070,1.03,2780,287.79,2,4,3,2,2,27,-24975,0.97,-0.03
98570,7,2000,494073,486053,0.98,1700,285.91,1,3,2,2,2,26,8020,1.02,0.02
98375,7,2007,575086,575080,1,2370,242.65,2,4,3,2,2,19,6,1,0
98229,7,2004,699970,685089,0.98,1350,507.47,1,3,2,2,2,22,14881,1.02,0.02
98290,7,1988,675058,675100,1,1430,472.1,1,3,2,1,2,38,-42,1,0
98032,7,1977,725068,714916,0.99,2370,301.65,2,4,3,2,2,49,10152,1.01,0.01
99338,7,2003,370054,370078,1,1390,266.24,1,3,2,2,2,23,-24,1,0
98108,7,1941,399910,449921,1.03,900,499.91,1,2,1,1,2,85,-33595,0.89,-0.11
99205,7,1926,274941,269945,0.98,1640,164.6,2,3,1,1,2,100,4996,1.02,0.02
98115,7,1924,799881,858550,1.03,1450,592.1,1,3,2,1,2,102,-33595,0.93,-0.07
98056,0,1979,338901,320052,0.96,1010,316.88,1,2,2,1,2,47,18849,1.06,0.06
98503,7,1976,475080,475096,1,1630,291.47,1,4,2,2,2,50,-16,1,0
98065,7,2007,994927,994910,1,2050,485.32,2,3,3,1,2,19,17,1,0
98338,7,2012,609077,620063,1.02,2380,260.53,2,4,3,2,2,14,-10986,0.98,-0.02
99217,7,2025,454906,455066,1,1860,244.66,2,3,3,2,2,1,-160,1,0
98203,7,1952,999937,1006926,1.01,2700,372.94,1,3,3,1,2,74,-6989,0.99,-0.01
98382,7,1950,434918,434938,1,1750,248.54,2,3,2,2,2,76,-20,1,0
98056,7,2005,1222787,1255071,1,3030,414.21,2,5.5,4,3,2,21,-4977,0.97,-0.03
98604,7,2013,1222787,1425067,0.96,2920,488.04,1,3,3,2,2,13,43901,0.86,-0.14
98801,7,1920,354928,349915,0.99,1250,279.93,1,2,2,2,2,106,5013,1.01,0.01
98074,7,1987,1150057,1155088,1,2010,574.67,3,3,3,2,2,39,-5031,1,0
98675,7,1994,409938,409945,1,1010,405.89,1,3,1,1,2,32,-7,1,0
98361,7,1996,549902,549927,1,1120,491.01,2,2,2,2,2,30,-25,1,0
98391,7,2001,499923,506100,1.01,1380,366.74,2,3,2,2,2,25,-6177,0.99,-0.01
99206,7,1972,515065,528594,1.03,2500,211.44,1,5,3,1,2,54,-13529,0.97,-0.03
98115,0,1999,375071,375090,1,720,520.96,1,1.5,1,1,2,27,-19,1,0
98682,7,2026,594881,594873,1,2040,291.6,2,3,2,2,2,0,8,1,0
98626,7,1995,524923,524950,1,2210,237.53,3,3,2,2,2,31,-27,1,0
98258,7,1997,725085,736901,1.02,2010,366.62,2,3,3,2,2,29,-11816,0.98,-0.02
99350,7,2014,724937,700087,0.97,1880,372.39,2,3,2,1,2,12,24850,1.04,0.04
98944,7,1955,424517,399905,0.96,1970,203,1,5,2,1,2,71,24612,1.06,0.06
98499,7,1948,720072,710096,0.99,2830,250.92,1,3,3,1,2,78,9976,1.01,0.01
98257,7,1977,400097,390062,0.97,2180,178.93,1,3,2,2,2,49,10035,1.03,0.03
98422,7,1998,680058,699950,1.03,1950,358.95,2,3,4,1,2,28,-19892,0.97,-0.03
98312,7,1940,448942,458917,1.02,2060,222.78,1,2,2,1,2,86,-9975,0.98,-0.02
98908,7,1992,640072,631073,0.99,3865,160.58,2,4,3,2,2,34,8999,1.01,0.01
99336,7,1948,309075,308949,1,1340,230.56,1,4,2,1,2,78,126,1,0
98367,7,2025,725085,719937,0.99,1870,384.99,2,3,3,2,2,1,5148,1.01,0.01
98367,7,2025,739970,740000,1,2810,263.35,2,4,3,2,2,1,-30,1,0
99208,7,1979,539804,550832,1.02,3520,156.49,2,5,3,3,2,47,-11028,0.98,-0.02
98632,7,1950,400074,390063,0.98,1580,246.88,1,2,1,1,2,76,10011,1.03,0.03
98382,7,2009,1222787,1462187.5,0.98,3800,421.07,1,3,3,2,2,17,24861,0.84,-0.16
98118,7,2005,795056,794917,1,1760,451.66,2,4,3,2,2,21,139,1,0
98406,7,1950,625099,640066,1.02,1600,400.04,1,3,2,1,2,76,-14967,0.98,-0.02
98116,7,1951,795056,862907,1.03,980,680.56,1,3,1,1,2,75,-33595,0.92,-0.08
98059,7,1967,799802,814921,1.02,1900,428.91,1,4,2,1,2,59,-15119,0.98,-0.02
98008,7,1987,1222787,1462187.5,1,3865,523.01,2,5,4.5,3,2,39,-6,0.84,-0.16
98112,7,1957,1222787,1462187.5,0.98,1810,680.56,2,4,2,2,2,69,29880,0.84,-0.16
99205,7,1928,339065,339093,1,2340,144.91,2,4,2,2,2,98,-28,1,0
99004,7,1982,359081,369824,1.03,1840,200.99,1,4,2,2,2,44,-10743,0.97,-0.03
98362,7,1977,494929,482550,0.98,2380,202.75,1,3,2,1,2,49,12379,1.03,0.03
98844,7,1979,369890,355083,0.96,1430,248.31,1,2,2,1,2,47,14807,1.04,0.04
98446,7,2026,674869,674878,1,2700,249.95,2,5,3,2,2,0,-9,1,0
98625,7,1966,499970,460062,0.96,2760,166.69,2,4,3,3,2,60,39908,1.09,0.09
98597,7,2025,606368,612901,1.01,2510,244.18,2,5,3,3,2,1,-6533,0.99,-0.01
98052,0,2026,1222787,1298959,1,2050,633.64,3,4,4,2,2,0,40,0.94,-0.06
98034,0,1985,474929,449931,0.96,1190,378.09,1,2,2,1,2,41,24998,1.06,0.06
98198,7,1967,575057,560061,0.97,1300,430.82,1,3,2,2,2,59,14996,1.03,0.03
98370,7,1987,546930,551921,1.01,1560,353.8,2,3,3,1,2,39,-4991,0.99,-0.01
98133,7,1949,749898,770084,1.03,2380,323.56,1,4,2,2,2,77,-20186,0.97,-0.03
98118,7,1955,650061,665096,1.02,1670,398.26,1,3,2,1,2,71,-15035,0.98,-0.02
99218,7,2021,387598,384947,0.99,1240,310.44,1,3,2,2,2,5,2651,1.01,0.01
98908,7,1972,405080,395066,0.98,1960,201.56,1,3,2,2,2,54,10014,1.03,0.03
98446,7,2025,589870,589887,1,1770,333.27,2,3,3,1,2,1,-17,1,0
98226,7,2026,548066,547921,1,1320,415.09,1,2,2,2,2,0,145,1,0
98642,7,2026,745847,745674,1,3020,246.91,2,4,3,3,2,0,173,1,0
99204,0,1989,265051,249906,0.96,1040,240.29,3,2,2,2,2,37,15145,1.06,0.06
98103,7,2007,875065,875096,1,1400,625.07,2,3,3,2,2,19,-31,1,0
98446,7,2025,629879,629861,1,2510,250.94,2,4,3,1,2,1,18,1,0
98133,0,1982,309926,314940,1.02,1000,314.94,1,2,1,1,2,44,-5014,0.98,-0.02
99301,7,2025,497924,497902,1,1870,266.26,1,4,2,1,2,1,22,1,0
98444,7,1984,568057,568095,1,1360,417.72,1,3,2,2,2,42,-38,1,0
98387,7,1968,449061,459098,1.02,1220,376.31,1,3,1,1,2,58,-10037,0.98,-0.02
99163,7,1909,403946,344938,0.96,1140,302.58,2,3,2,2,2,117,43901,1.17,0.17
98241,7,1920,324921,309948,0.96,1040,298.03,1,2,1,1,2,106,14973,1.05,0.05
98036,0,1978,289067,285084,0.99,760,375.11,1,2,1,1,2,48,3983,1.01,0.01
98664,7,1974,425078,424920,1,990,429.21,1,3,1,1,2,52,158,1,0
98204,0,1999,428920,443905,1.03,1200,369.92,2,2,3,1,2,27,-14985,0.97,-0.03
98663,7,1929,442085,441921,1,1210,365.22,2,3,2,2,2,97,164,1,0
98028,7,1939,650077,650088,1,1600,406.3,1,3,2,2,2,87,-11,1,0
99019,0,1985,354917,354910,1,1330,266.85,2,2,2,1,2,41,7,1,0
98682,7,1987,430809,430938,1,1310,328.96,1,2,2,2,2,39,-129,1,0
98422,7,1994,565083,564943,1,1230,459.3,1,3,2,2,2,32,140,1,0
99004,7,2003,339919,340089,1,1170,290.67,1,3,2,2,2,23,-170,1,0
98003,7,2007,1222787,1300059,0.96,3865,308.07,1,5.5,4,3,2,19,43901,0.94,-0.06
98292,7,1920,480062,479940,1,900,533.27,1,2,1,2,2,106,122,1,0
98664,7,2013,469590,469588,1,1260,372.69,1,3,2,2,2,13,2,1,0
98541,7,1930,549933,416940,0.96,1150,362.56,2,3,1,1,2,96,43901,1.32,0.32
98006,7,1991,1222787,1462187.5,1.02,3865,494.47,2,4,4,2,2,35,-33595,0.84,-0.16
98136,7,1979,1222787,1462187.5,1.03,2430,680.56,2,3,4,1,2,47,-33595,0.84,-0.16
98837,3,1992,127928,119927,0.96,1810,324.3,2,3,2,2,2,34,8001,1.07,0.07
98531,3,1992,449923,350082,0.96,1810,324.3,2,3,2,2,2,34,43901,1.29,0.29
98801,7,2017,573919,559913,0.98,1960,285.67,2,3,3,2,2,9,14006,1.03,0.03
98597,7,2025,579874,589516,1.02,2600,226.74,2,4,4,3,2,1,-9642,0.98,-0.02
98607,7,2025,868986,869001,1,1800,482.78,1,3,2,2,2,1,-15,1,0
99320,3,1992,140098,130088,0.96,1810,324.3,2,3,2,2,2,34,10010,1.08,0.08
99224,7,1975,340076,310060,0.96,3500,88.59,2,4,4,3,2,51,30016,1.1,0.1
98682,7,1992,449909,450067,1,1450,310.39,1,3,2,2,2,34,-158,1,0
98901,4,1998,130087,170065,1.03,1300,130.82,2,3,2,2,2,28,-33595,0.76,-0.24
98908,5,1965,529922,535053,1.01,2840,188.4,2,3,4,3.5,2,61,-5131,0.99,-0.01
98059,0,1990,330095,329099,1,940,350.11,1,2,2,1,2,36,996,1,0
98851,3,1992,44944,54938,1.03,1810,324.3,2,3,2,2,2,34,-9994,0.82,-0.18
99301,7,2024,509946,509778,1,1870,272.61,1,4,2,1,2,2,168,1,0
99352,7,1994,459093,443932,0.97,1770,250.81,1,3,2,2,2,32,15161,1.03,0.03
98674,3,1992,240213,240340,1,1810,324.3,2,3,2,2,2,34,-127,1,0
99362,3,1992,79087,65096,0.96,1810,324.3,2,3,2,2,2,34,13991,1.21,0.21
99016,7,2016,639924,629939,0.98,2700,233.31,2,4,3,2,2,10,9985,1.02,0.02
99027,7,2004,610013,589945,0.97,3400,173.51,2,4,3,3,2,22,20068,1.03,0.03
98371,3,1992,425236,412067,0.97,1810,324.3,2,3,2,2,2,34,13169,1.03,0.03
99403,7,1985,346738,119943,0.96,1600,74.96,1,3,2,2,2,41,43901,2.89,1.89
98569,3,1992,195066,159900,0.96,1810,324.3,2,3,2,2,2,34,35166,1.22,0.22
99218,7,1998,649874,627559,0.97,2930,214.18,2,4,3,3,2,28,22315,1.04,0.04
99337,7,1980,434908,456935,1.03,1930,236.75,2,4,3,1,2,46,-22027,0.95,-0.05
98607,7,2014,1222787,1410063,1,3865,343.92,2,4,3,3,2,12,-132,0.87,-0.13
99037,7,1990,634925,609949,0.96,3790,160.94,1,4,2,2,2,36,24976,1.04,0.04
98611,3,1992,135052,134950,1,1810,324.3,2,3,2,2,2,34,102,1,0
98903,3,1992,29445,22152,0.96,1810,324.3,2,3,2,2,2,34,7293,1.33,0.33
98277,3,1992,209948,194939,0.96,1810,324.3,2,3,2,2,2,34,15009,1.08,0.08
98642,7,2025,525043,525044,1,2010,261.22,2,4,2,2,2,1,-1,1,0
98601,7,2005,879906,879936,1,3865,201.82,2,5.5,3,3,2,21,-30,1,0
99163,5,1971,378908,378937,1,1800,210.52,2,4,2,2,2,55,-29,1,0
99026,7,2019,1222787,1370071,1,3520,389.22,2,4,4.5,3,2,7,20,0.89,-0.11
99208,7,2026,469052,479100,1.02,1500,319.4,2,3,2,2,2,0,-10048,0.98,-0.02
99101,3,1992,119947,119935,1,1810,324.3,2,3,0.5,2,2,34,12,1,0
98632,7,1916,539936,539915,1,3060,176.44,3,3,2,2,2,110,21,1,0
99009,7,2025,650078,649911,1,2070,313.97,2,4,3,3,2,1,167,1,0
98686,7,2020,825067,825052,1,3140,262.76,2,5,3,3,2,6,15,1,0
99026,0,1977,337574,334225,0.99,1340,249.42,1,2,2,1,2,49,3349,1.01,0.01
99352,7,1978,628942,622572,0.99,3865,137.13,2,5,4,2,2,48,6370,1.01,0.01
99026,7,1999,329987,328925,1,2030,162.03,1,3,2,2,2,27,1062,1,0
99337,7,1994,614934,614942,1,2030,302.93,1,3,3,1,2,32,-8,1,0
98682,7,2014,546847,546827,1,1950,280.42,2,3,2,2,2,12,20,1,0
98684,7,2004,644913,644944,1,2850,226.3,2,5,2,2,2,22,-31,1,0
98362,3,1992,338904,325098,0.96,1810,324.3,2,3,2,2,2,34,13806,1.04,0.04
99352,7,2023,599950,585079,0.98,2170,269.62,1,3,3,2,2,3,14871,1.03,0.03
99006,4,1999,390072,379949,0.97,2160,175.9,2,4,2,2,2,27,10123,1.03,0.03
99205,5,1909,240092,240075,1,1860,129.07,2,4,2,2,2,117,17,1,0
98363,7,1923,349986,349997,1,1060,330.19,2,3,2,2,2,103,-11,1,0
99362,5,1912,1000092,1048087,1.03,3230,324.49,2,5,4,3.5,2,114,-33595,0.95,-0.05
98005,8,1997,849929,818937,0.96,2320,352.99,2,3,4,3,2,29,30992,1.04,0.04
99218,7,1991,549922,534905,0.97,2980,179.5,2,5.5,3,3,2,35,15017,1.03,0.03
98332,4,1999,749864,749941,1,2430,308.62,1,3,2,2,2,27,-77,1,0
98362,3,1992,338943,324938,0.96,1810,324.3,2,3,0.5,2,2,34,14005,1.04,0.04
98686,7,1972,484938,485057,1,2300,210.89,2,4,2,2,2,54,-119,1,0
98382,7,1988,578920,557097,0.96,1940,287.16,2,2,3,2,2,38,21823,1.04,0.04
99180,4,2016,210084,210086,1,390,538.68,2,1.5,1,1,2,10,-2,1,0
98626,7,1970,324694,324826,1,1200,270.69,1,3,1,1,2,56,-132,1,0
99205,5,1909,299075,288084,0.96,1380,208.76,2,3,2,2,2,117,10991,1.04,0.04
99206,7,2025,455063,458708,1.01,1800,254.84,1,4,2,2,2,1,-3645,0.99,-0.01
98125,7,2004,1222787,1462187.5,1,3370,502.95,2,4,4,3,2,22,-22,0.84,-0.16
98028,7,1996,1222787,1462187.5,1,3460,433.5,2,5,4,2,2,30,-5,0.84,-0.16
98682,7,2014,612553,612599,1,2450,250.04,2,4,3,3,2,12,-46,1,0
98902,7,1991,674900,680051,1.01,2580,263.59,2,3,3,2,2,35,-5151,0.99,-0.01
98117,7,1924,1149928,1407052,1.03,2750,511.66,2,3,2,1,2,102,-33595,0.82,-0.18
98362,7,1973,390089,370078,0.96,1250,296.06,2,3,2,1,2,53,20011,1.05,0.05
99001,7,2025,395066,398897,1.01,1740,229.25,1,4,3,2,2,1,-3831,0.99,-0.01
99037,7,1960,489835,485086,0.99,2660,182.36,2,5,3,1,2,66,4749,1.01,0.01
98531,4,2006,107911,107902,1,1300,83,1,3,2,2,2,20,9,1,0
99362,7,1937,995085,994936,1,3640,273.33,1,4,4,3,2,89,149,1,0
98282,7,1983,525057,498935,0.96,790,631.56,1,1.5,1,2,2,43,26122,1.05,0.05
99206,7,2025,455080,444901,0.98,1800,247.17,1,4,2,2,2,1,10179,1.02,0.02
98092,7,2014,988912,979932,0.99,2740,357.64,2,5,3,2,2,12,8980,1.01,0.01
98105,7,2020,1222787,1462187.5,1.01,3865,680.56,2,5.5,4.5,3.5,2,6,-24993,0.84,-0.16
98531,4,2006,109597,107946,0.98,1300,83.04,1,3,2,2,2,20,1651,1.02,0.02
98065,8,2008,775082,785092,1.01,2230,352.06,2,3,4,2,2,18,-10010,0.99,-0.01
98292,4,1989,530067,552097,1.03,1780,310.17,1,3,3,2,2,37,-22030,0.96,-0.04
98036,7,1957,874950,874946,1,1800,486.08,1,3,2,1,2,69,4,1,0
98121,0,2002,499084,485090,0.97,920,527.27,1,1.5,1,1,2,24,13994,1.03,0.03
98671,7,1950,464940,464942,1,2760,168.46,2,4,1,1,2,76,-2,1,0
98685,7,1983,605088,604943,1,1550,390.29,2,4,2,2,2,43,145,1,0
99208,7,1994,589924,574931,0.97,3350,171.62,2,4,3,2,2,32,14993,1.03,0.03
98290,7,1987,1222787,1235022,1,3610,342.11,1,3,4,3,2,39,-145,0.99,-0.01
98674,7,2018,409942,410093,1,1920,213.59,2,3,2,2,2,8,-151,1,0
98199,7,1959,1222787,1462187.5,1.03,2980,680.56,1,4,3,2,2,67,-33595,0.84,-0.16
98682,4,1998,69558,69943,1.01,780,89.67,1,2,1,1,2,28,-385,0.99,-0.01
99205,7,1949,345071,337579,0.98,1120,301.41,1,3,2,2,2,77,7492,1.02,0.02
98225,7,1954,769092,759094,0.99,1420,534.57,1,3,2,1,2,72,9998,1.01,0.01
98226,7,1979,995096,1029917,1.03,3865,227.86,2,5,3,1,2,47,-33595,0.97,-0.03
98422,7,1999,725100,739939,1.02,1830,404.34,2,4,3,1,2,27,-14839,0.98,-0.02
99201,0,2006,499852,494944,0.99,1980,249.97,2,3,2,2,2,20,4908,1.01,0.01
99021,7,2005,529922,508677,0.96,2590,196.4,2,5,3,2,2,21,21245,1.04,0.04
98312,4,1991,389060,402074,1.03,1570,256.1,1,3,2,2,2,35,-13014,0.97,-0.03
99352,0,1979,232308,219910,0.96,1110,198.12,2,2,3,2,2,47,12398,1.06,0.06
98362,7,1935,639910,610055,0.96,1770,344.66,2,3,2,2,2,91,29855,1.05,0.05
98329,7,2007,1222787,1377721,0.98,3865,300.81,2,5,4.5,3,2,19,21956,0.89,-0.11
98604,7,2000,1149917,1150076,1,3200,359.4,1,4,2,2,2,26,-159,1,0
98642,7,2025,974057,974098,1,2600,374.65,1,3,2,2,2,1,-41,1,0
98580,7,2005,1222787,1185080,0.96,3350,353.76,2,4,4,3,2,21,43901,1.03,0.03
99006,4,2020,569928,559928,0.98,2030,275.83,1,4,2,2,2,6,10000,1.02,0.02
98346,7,1991,1100091,1084903,0.99,3030,358.05,2,4,3,2,2,35,15188,1.01,0.01
98115,7,1964,1222787,1299085,1.02,3140,413.72,2,5,2,1,2,62,-24015,0.94,-0.06
98223,7,1958,619934,634914,1.02,1460,434.87,1,3,1,1,2,68,-14980,0.98,-0.02
98926,7,2023,539054,539079,1,2580,208.95,2,5,3,2,2,3,-25,1,0
98012,7,2018,1222787,1462187.5,1.03,2840,529.96,2,5,3,2,2,8,-33595,0.84,-0.16
98271,7,1967,634912,634925,1,1480,429,1,3,2,1,2,59,-13,1,0
98249,3,1992,168948,159919,0.96,1810,324.3,2,3,2,2,2,34,9029,1.06,0.06
98075,7,1997,1222787,1462187.5,0.96,3865,378.18,2,4,4.5,2,2,29,43901,0.84,-0.16
98102,8,2025,949876,944912,0.99,1790,527.88,2,3,4,1,2,1,4964,1.01,0.01
98221,7,1940,799073,779095,0.98,2330,334.38,2,3,2,1,2,86,19978,1.03,0.03
99134,7,1910,200095,199934,1,1390,143.84,2,3,1,1,2,116,161,1,0
98226,7,2020,1222787,1462187.5,1.03,3640,450.57,2,4,4,2,2,6,-33595,0.84,-0.16
98404,7,2026,749885,739949,0.99,2170,340.99,2,4,3,1,2,0,9936,1.01,0.01
98823,7,1955,410059,392577,0.96,2280,172.18,1,4,2,2,2,71,17482,1.04,0.04
98026,7,1990,1184938,1084905,0.96,3170,342.24,2,4,3,2,2,36,43901,1.09,0.09
98208,7,1968,648904,642418,0.99,1320,486.68,1,3,1,1,2,58,6486,1.01,0.01
98026,8,1996,539903,545063,1.01,1800,302.81,2,3,3,3,2,30,-5160,0.99,-0.01
98027,7,2006,1222787,1462187.5,0.97,3865,401.57,3,4,4.5,3,2,20,43901,0.84,-0.16
98250,3,1992,175082,171932,0.98,1810,324.3,2,3,2,2,2,34,3150,1.02,0.02
98620,4,2024,258939,258928,1,1170,221.31,1,3,2,2,2,2,11,1,0
98841,4,1983,44941,30061,0.96,980,30.67,1,2,1,1,2,43,14880,1.49,0.49
98244,7,2002,705064,675081,0.96,2060,327.71,2,2,2,1,2,24,29983,1.04,0.04
99216,5,1971,499916,500035,1,2750,181.83,1,5.5,4,3.5,2,55,-119,1,0
99352,7,2019,1200075,1199928,1,3810,314.94,1,4,4,3,2,7,147,1,0
98258,7,1978,1222787,1249903,1,3865,277.76,1,3,4.5,3,2,48,197,0.98,-0.02
98105,7,1948,1222787,1462187.5,1.01,3865,534.54,2,5,4,2,2,78,-32167,0.84,-0.16
98312,4,1979,345086,349929,1.01,1240,282.2,1,2,2,2,2,47,-4843,0.99,-0.01
98236,7,2003,919925,935099,1.02,2210,423.12,1,2,3,2,2,23,-15174,0.98,-0.02
98926,7,2012,880050,879950,1,2630,334.58,1,4,3,3,2,14,100,1,0
98226,7,1990,1045054,994902,0.96,2260,440.22,1,3,3,2,2,36,43901,1.05,0.05
98604,7,2024,648937,648933,1,1850,350.77,1,3,2,2,2,2,4,1,0
98333,7,1976,1222787,1462187.5,1,3270,451.04,1,3,3,1,2,50,29,0.84,-0.16
98007,8,1979,535092,520098,0.97,1190,437.06,2,2,2,1,2,47,14994,1.03,0.03
98203,7,2006,650093,649920,1,1900,342.06,2,3,3,2,2,20,173,1,0
98225,7,1975,830093,829919,1,1590,521.96,2,3,2,1,2,51,174,1,0
98070,7,1971,1025082,1025088,1,3865,253.73,2,4,3,1,2,55,-6,1,0
98391,7,1978,570078,569938,1,1670,341.28,2,3,2,1,2,48,140,1,0
98126,7,2020,829917,835991,1.01,1870,447.05,3,3,3,3,2,6,-6074,0.99,-0.01
98290,7,2017,925070,920067,0.99,2530,363.66,2,4,4,3,2,9,5003,1.01,0.01
98002,4,2000,70084,71676,1.02,960,74.66,1,3,2,1,2,26,-1592,0.98,-0.02
99006,3,1992,174910,175087,1,1810,324.3,2,3,2,2,2,34,-177,1,0
98059,7,1959,549912,449937,0.96,1870,240.61,1,3,3,1,2,67,43901,1.22,0.22
98133,8,2025,860031,860028,1,1870,459.91,2,3,4,1,2,1,3,1,0
98146,7,1970,1222787,1300050,1.03,2770,469.33,3,4,3,1,2,56,-33595,0.94,-0.06
98027,7,1977,1184914,1209949,1.02,2770,436.8,2,4,3,1,2,49,-25035,0.98,-0.02
98597,7,2011,499931,514901,1.03,2110,244.03,2,4,3,2,2,15,-14970,0.97,-0.03
98391,7,1970,543084,554093,1.02,2220,249.59,3,4,3,2,2,56,-11009,0.98,-0.02
98031,7,2006,694923,717594,1.03,2760,260,2,4,3,1,2,20,-22671,0.97,-0.03
98133,8,2024,899856,879066,0.98,2110,416.62,2,4,3,2,2,2,20790,1.02,0.02
98108,7,1958,900067,1300076,1.03,2680,485.1,1,4,4,1,2,68,-33595,0.69,-0.31
98311,7,1981,625097,641584,1.03,2460,260.81,2,3,3,1,2,45,-16487,0.97,-0.03
98503,7,1972,550043,550012,1,2020,272.28,2,4,3,1,2,54,31,1,0
98512,7,1994,664929,665082,1,2270,292.99,1,4,3,2,2,32,-153,1,0
98248,7,1981,949926,958915,1.01,2130,450.19,1,3,3,1,2,45,-8989,0.99,-0.01
99403,7,1971,389077,142170,0.96,1990,71.44,2,4,3,3,2,55,43901,2.74,1.74
98632,7,1948,379411,379428,1,1520,249.62,1,2,2,1,2,78,-17,1,0
98168,7,1961,699985,694935,0.99,1630,426.34,2,4,2,1,2,65,5050,1.01,0.01
98570,7,2021,585093,594910,1.02,2100,283.29,1,3,2,2,2,5,-9817,0.98,-0.02
98826,7,1971,638932,589900,0.96,1130,522.04,2,1.5,1,1,2,55,43901,1.08,0.08
98103,7,2026,1222787,1462187.5,1,2740,680.56,2,4,4,2,2,0,9975,0.84,-0.16
98367,7,2002,550071,517911,0.96,1570,329.88,2,3,3,1,2,24,32160,1.06,0.06
98310,7,1948,550096,555067,1.01,1800,308.37,2,3,2,1,2,78,-4971,0.99,-0.01
98125,8,2007,500065,500089,1,1180,423.8,2,3,2,1,2,19,-24,1,0
98223,7,2013,1222787,1249938,0.96,3810,328.07,1,4,3,2,2,13,43901,0.98,-0.02
98516,7,1980,549944,544905,0.99,1690,322.43,2,3,3,1,2,46,5039,1.01,0.01
98277,7,1974,495093,495063,1,1560,317.35,3,3,2,1,2,52,30,1,0
98374,7,2026,635069,635070,1,2360,269.1,2,3,3,2,2,0,-1,1,0
98682,8,2015,419933,419946,1,1680,249.97,2,3,2,2,2,11,-13,1,0
99224,4,1987,102079,101946,1,1680,60.68,1,2,2,2,2,39,133,1,0
99166,3,1992,26925,25930,0.96,1810,324.3,2,3,2,2,2,34,995,1.04,0.04
98823,7,1956,341093,340922,1,1470,231.92,1,4,2,1,2,70,171,1,0
99204,0,1984,179077,173550,0.97,840,206.61,1,2,1,1,2,42,5527,1.03,0.03
98199,7,1965,1222787,1462187.5,0.97,3430,677.82,2,4,3,1,2,61,43901,0.84,-0.16
99180,3,1992,54945,54945,1,1810,324.3,2,3,2,2,2,34,0,1,0
98275,7,1989,949726,979900,1.03,2120,462.22,2,4,3,1,2,37,-30174,0.97,-0.03
98532,7,1996,1099930,1050063,0.96,1600,656.29,1,2,2,2,2,30,43901,1.05,0.05
98626,4,1967,52900,39931,0.96,670,59.6,1,2,1,1,2,59,12969,1.32,0.32
99166,3,1992,26904,25942,0.96,1810,324.3,2,3,0.5,2,2,34,962,1.04,0.04
98281,3,1992,148918,140092,0.96,1810,324.3,2,3,0.5,2,2,34,8826,1.06,0.06
98532,7,1995,729818,729913,1,2060,354.33,1,3,2,2,2,31,-95,1,0
98105,7,1926,1222787,1462187.5,0.96,3230,680.56,2,4,4,2,2,100,43901,0.84,-0.16
98930,7,1910,469059,460055,0.98,2500,184.02,2,3,2,1,2,116,9004,1.02,0.02
98223,7,1991,1222787,1462187.5,1,3600,486.09,2,3,4.5,2,2,35,31,0.84,-0.16
98226,7,1973,874933,875094,1,2460,355.73,2,5.5,3,1,2,53,-161,1,0
98312,7,1954,568934,558945,0.98,2540,220.06,1,2,2,1,2,72,9989,1.02,0.02
98012,7,1977,1222787,1450061,1,3360,431.57,1,5,3,1,2,49,-120,0.84,-0.16
98374,7,2010,475063,475077,1,1260,377.05,1,3,2,2,2,16,-14,1,0
98391,7,2017,1175051,1125055,0.96,3865,252.25,2,5.5,4,3.5,2,9,43901,1.04,0.04
98850,7,2016,849981,774935,0.96,1600,484.33,1,2,3,1,2,10,43901,1.1,0.1
98070,7,1995,865097,864950,1,2040,424,1,3,3,3,2,31,147,1,0
98166,7,1978,1222787,1413575,1.02,3380,418.22,1,5,4,2,2,48,-24490,0.87,-0.13
98230,7,2000,759072,745086,0.98,3540,210.48,2,3,2,2,2,26,13986,1.02,0.02
98118,8,2015,925071,898929,0.97,2260,397.76,2,3,4,2,2,11,26142,1.03,0.03
99353,8,2025,378785,378787,1,1480,255.94,2,3,3,1,2,1,-2,1,0
98229,7,2002,1222787,1304929,0.98,3570,365.53,1,4,3,3,2,24,20128,0.94,-0.06
99212,7,1946,270080,269925,1,840,321.34,1,2,1,1,2,80,155,1,0
99203,3,1992,325078,269942,0.96,1810,324.3,2,3,2,2,2,34,43901,1.2,0.2
98258,7,1980,1149950,1226055,1.03,2500,490.42,2,3,3,2,2,46,-33595,0.94,-0.06
98828,7,2018,594971,589941,0.99,2020,292.05,1,3,3,1,2,8,5030,1.01,0.01
98008,7,1966,1222787,1462187.5,1,3760,525.29,1,5,3,2,2,60,-164,0.84,-0.16
98204,7,2008,624942,630086,1.01,1560,403.9,2,3,3,2,2,18,-5144,0.99,-0.01
98133,7,2014,1095085,1199944,1.03,2590,463.3,2,4,3,2,2,12,-33595,0.91,-0.09
98631,0,1984,179424,165065,0.96,660,250.1,1,1.5,1,1,2,42,14359,1.09,0.09
98444,7,1974,400082,400071,1,1250,320.06,1,3,2,1,2,52,11,1,0
98208,7,1978,849914,850059,1,2050,414.66,2,4,3,1,2,48,-145,1,0
98597,7,1998,529900,531907,1,2600,204.58,2,5,3,3,2,28,-2007,1,0
98075,7,1972,1222787,1330097,0.96,3050,436.1,2,3,4,2,2,54,43901,0.92,-0.08
98023,7,1978,694919,699938,1.01,2250,311.08,2,4,3,1,2,48,-5019,0.99,-0.01
98110,7,2017,1222787,1462187.5,1,3230,556.64,2,4,4,2,2,9,144,0.84,-0.16
98033,7,1984,1222787,1462187.5,1,3140,680.56,2,5,4,2,2,42,137,0.84,-0.16
98374,7,1977,535100,535079,1,1240,431.52,1,3,2,1,2,49,21,1,0
98092,7,1978,1222787,1462187.5,0.96,3865,183.2,2,3,4,2,2,48,43901,0.84,-0.16
98387,7,1938,535083,535067,1,1810,295.62,3,3,3,2,2,88,16,1,0
98101,0,2010,1222787,1425063,0.98,1610,680.56,1,2,2,2,2,16,25033,0.86,-0.14
98466,7,1983,499914,525062,1.03,1030,509.77,1,3,2,1,2,43,-25148,0.95,-0.05
98036,7,1952,625036,675050,1.03,1420,475.39,1,4,2,1,2,74,-33595,0.93,-0.07
98282,7,1990,643014,654500,1.02,1640,399.09,2,3,2,2,2,36,-11486,0.98,-0.02
98029,0,1987,638901,631929,0.99,1600,394.96,1,2,2,1,2,39,6972,1.01,0.01
98801,7,2025,504981,512392,1.01,1740,294.48,1,3,2,1,2,1,-7411,0.99,-0.01
98040,7,1935,1222787,1462187.5,1.03,1580,680.56,1,3,2,1,2,91,-33595,0.84,-0.16
98119,7,1956,1222787,1462187.5,1.03,1910,680.56,1,3,2,1,2,70,-33595,0.84,-0.16
99217,7,1954,325094,337904,1.03,1680,201.13,2,4,2,2,2,72,-12810,0.96,-0.04
98373,7,1964,749947,749900,1,3160,237.31,1,3,3,2,2,62,47,1,0
98294,7,1953,495055,494918,1,1220,405.67,1,3,1,1,2,73,137,1,0
98406,7,1961,560025,549924,0.98,1600,343.7,2,4,2,1,2,65,10101,1.02,0.02
98239,7,2019,474913,477921,1.01,1390,343.83,1,2,2,1,2,7,-3008,0.99,-0.01
98360,7,2005,534909,548818,1.03,2320,236.56,2,3,3,2,2,21,-13909,0.97,-0.03
98531,7,1909,670072,641960,0.96,2540,252.74,2,4,3,2,2,117,28112,1.04,0.04
98284,7,1966,428917,431931,1.01,1200,359.94,1,2,2,1,2,60,-3014,0.99,-0.01
99208,3,1992,349078,349085,1,1810,324.3,2,3,2,2,2,34,-7,1,0
98335,7,1980,1059901,1079917,1.02,2590,416.96,2,3,2,1,2,46,-20016,0.98,-0.02
98040,7,1983,1222787,1462187.5,1,2570,680.56,1,4,3,2,2,43,1,0.84,-0.16
98512,7,2008,629929,633252,1.01,2340,270.62,2,3,3,2,2,18,-3323,0.99,-0.01
98642,7,2004,1099901,1099947,1,2990,367.88,2,4,2,2,2,22,-46,1,0
98115,7,1928,1198055,1409919,1.03,2100,671.39,2,4,3,2,2,98,-33595,0.85,-0.15
98934,7,1970,300099,289905,0.97,1380,210.08,1,3,2,2,2,56,10194,1.04,0.04
98026,0,1969,475057,474917,1,980,484.61,1,2,2,1,2,57,140,1,0
98108,7,2013,800064,799921,1,1860,430.07,2,3,3,2,2,13,143,1,0
98335,7,1980,775091,799939,1.03,2130,375.56,3,4,3,2,2,46,-24848,0.97,-0.03
98045,7,1973,824913,835090,1.01,1250,668.07,1,3,2,1,2,53,-10177,0.99,-0.01
98257,7,1991,420099,409927,0.98,2230,183.82,2,5,3,2,2,35,10172,1.02,0.02
98248,7,2018,1222787,1424937,0.96,3865,284.99,2,5,3,2,2,8,43901,0.86,-0.14
98020,7,1951,1222787,1462187.5,1,2040,680.56,1,3,2,1,2,75,-156,0.84,-0.16
98349,4,2025,344883,359944,1.03,1280,281.21,1,3,2,1,2,1,-15061,0.96,-0.04
98370,7,1941,599050,599097,1,990,605.15,1,1.5,2,1,2,85,-47,1,0
98370,7,1990,525056,539915,1.03,1590,339.57,2,3,3,2,2,36,-14859,0.97,-0.03
99163,7,2016,499065,499066,1,2100,237.65,2,3,3,2,2,10,-1,1,0
98221,7,2001,1222787,1462187.5,0.98,3865,376.18,1,4,3,2,2,25,35142,0.84,-0.16
98248,7,1991,698925,647052,0.96,1580,409.53,2,3,3,1,2,35,43901,1.08,0.08
98058,7,1962,999089,920069,0.96,3300,278.81,2,5.5,3,3,2,64,43901,1.09,0.09
98116,0,2025,750099,749917,1,1080,680.56,2,3,2,1,2,1,182,1,0
99208,7,2026,474876,474899,1,1960,242.3,1,3,2,3,2,0,-23,1,0
98087,7,2019,889906,870086,0.98,2450,355.14,2,4,4,1,2,7,19820,1.02,0.02
98406,7,1966,600100,609909,1.02,2130,286.34,1,4,3,2,2,60,-9809,0.98,-0.02
98270,7,1977,585093,587080,1,2120,276.92,2,4,3,1,2,49,-1987,1,0
98501,7,1989,784573,790492,1.01,2610,302.87,2,4,3,2,2,37,-5919,0.99,-0.01
98023,7,1994,699834,734912,1.03,1620,453.65,2,4,3,2,2,32,-33595,0.95,-0.05
98057,7,2006,950099,950067,1,3650,260.29,2,4,4,3,2,20,32,1,0
98290,7,2014,699562,689913,0.99,1350,511.05,1,4,2,1,2,12,9649,1.01,0.01
98109,7,1983,75070,66918,0.96,400,167.3,1,2,2,2,2,43,8152,1.12,0.12
98008,7,1956,1222787,1462187.5,1.03,2020,680.56,1,4,3,1,2,70,-33595,0.84,-0.16
98229,7,1997,794910,845055,1.03,1760,480.14,1,3,2,2,2,29,-33595,0.94,-0.06
98020,7,1985,1098917,1085050,0.99,1900,571.08,3,3,3,2,2,41,13867,1.01,0.01
98274,7,1950,899446,884314,0.98,3850,229.69,1,3,4,1,2,76,15132,1.02,0.02
98934,4,1980,299961,306135,1.02,1150,266.2,1,2,2,2,2,46,-6174,0.98,-0.02
98311,7,2026,575872,575949,1,2070,278.24,2,4,3,2,2,0,-77,1,0
98444,7,1975,540027,539903,1,2120,254.67,2,4,2,2,2,51,124,1,0
98498,8,1980,382590,382596,1,1450,263.86,2,3,3,2,2,46,-6,1,0
98332,7,2005,1222787,1224942,0.96,3865,311.69,1,3,3,2,2,21,43901,1,0
98335,7,2019,1054903,1055065,1,3040,347.06,2,3,3,2,2,7,-162,1,0
98802,7,2004,539928,515087,0.96,1860,276.93,2,3,3,2,2,22,24841,1.05,0.05
98335,7,1978,660091,700083,1.03,1660,421.74,1,3,2,1,2,48,-33595,0.94,-0.06
98121,0,2022,1222787,1462187.5,0.98,1190,680.56,1,2,2,2,2,4,43901,0.84,-0.16
99362,7,1977,625051,600100,0.96,3865,144.95,1,5,3,2,2,49,24951,1.04,0.04
98273,7,2004,1100052,999918,0.96,3210,311.5,1,4,3,3,2,22,43901,1.1,0.1
98826,7,1999,1098931,950084,0.96,2830,335.72,2,3,3,2,2,27,43901,1.16,0.16
98367,7,2025,675088,707827,1.03,2740,258.33,2,5,3,2,2,1,-32739,0.95,-0.05
98844,3,1992,254948,240076,0.96,1810,324.3,2,3,2,2,2,34,14872,1.06,0.06
98290,7,2023,1199932,1199936,1,3130,383.37,2,3,3,2,2,3,-4,1,0
98236,7,1976,750055,721762,0.96,1750,412.44,3,2,3,1,2,50,28293,1.04,0.04
98403,7,1920,1199097,1199904,1,2030,591.09,2,3,3,1,2,106,-807,1,0
98422,7,2025,1194916,1235069,1.03,2890,427.36,2,3,3,2,2,1,-33595,0.97,-0.03
98011,7,1968,949912,989944,1.03,1850,535.1,1,4,2,2,2,58,-33595,0.96,-0.04
98125,7,1956,1000086,1000080,1,2240,446.46,1,4,3,1,2,70,6,1,0
98445,7,1951,415083,459910,1.03,1640,280.43,1,3,1,1,2,75,-33595,0.9,-0.1
99349,7,2008,549861,519902,0.96,1540,337.6,1,3,3,2,2,18,29959,1.06,0.06
98208,7,1979,849950,849923,1,2060,412.58,2,4,2,1,2,47,27,1,0
98092,3,1992,180094,159910,0.96,1810,324.3,2,3,2,2,2,34,20184,1.13,0.13
98902,7,1934,890087,890062,1,3865,176.6,2,4,4,3,2,92,25,1,0
98802,7,2000,829813,829929,1,3865,192.56,1,4,3,3,2,26,-116,1,0
98368,7,1966,624930,609929,0.98,1400,435.66,1,2,1,2,2,60,15001,1.02,0.02
98366,7,1981,489910,504934,1.03,2210,228.48,2,3,2,1,2,45,-15024,0.97,-0.03
98075,7,1999,1222787,1462187.5,1.03,3150,566.64,2,5,3,3,2,27,-33595,0.84,-0.16
98033,7,2008,1222787,1462187.5,1,3865,576.95,2,4,4.5,3,2,18,-43,0.84,-0.16
98108,7,2016,1195096,1210066,1.01,2680,451.52,2,4,3,2,2,10,-14970,0.99,-0.01
98607,7,1924,579961,579844,1,2200,263.57,3,5,2,2,2,102,117,1,0
98006,7,1978,1222787,1300092,0.96,2960,439.22,1,4,3,1,2,48,43901,0.94,-0.06
98368,4,2000,398919,376907,0.96,1760,214.15,1,3,2,2,2,26,22012,1.06,0.06
99031,4,1998,475061,449903,0.96,1720,261.57,1,3,2,2,2,28,25158,1.06,0.06
98230,7,1958,374907,380063,1.01,620,613,1,2,1,1,2,68,-5156,0.99,-0.01
99301,7,2007,509928,516914,1.01,2610,198.05,2,4,3,2,2,19,-6986,0.99,-0.01
98034,7,1972,884950,884914,1,1630,542.89,2,4,3,1,2,54,36,1,0
98802,7,1970,394802,394990,1,1300,303.84,1,3,2,2,2,56,-188,1,0
99338,7,2023,464924,470091,1.01,1870,251.39,1,4,2,1,2,3,-5167,0.99,-0.01
99224,7,2025,640727,640566,1,2970,215.68,1,4,3,3,2,1,161,1,0
98466,7,1978,699916,749926,1.03,2610,287.33,2,3,3,1,2,48,-33595,0.93,-0.07
98065,8,2013,924923,925053,1,1960,471.97,2,3,3,2,2,13,-130,1,0
98001,7,1946,548051,539059,0.98,1410,382.31,2,3,2,1,2,80,8992,1.02,0.02
98802,7,2026,689088,688905,1,2030,339.36,1,3,3,2,2,0,183,1,0
98271,7,1978,795070,790093,0.99,2360,334.79,2,3,3,1,2,48,4977,1.01,0.01
98683,7,2026,459910,459945,1,1350,340.7,2,3,2,2,2,0,-35,1,0
98284,7,2004,568905,569932,1,1380,412.99,1,3,3,2,2,22,-1027,1,0
98125,7,2025,1222787,1349938,0.96,2670,505.59,2,5,4,2,2,1,43901,0.91,-0.09
98391,7,2003,699916,700066,1,2890,242.24,2,4,4,2,2,23,-150,1,0
98366,7,1976,874938,855918,0.98,2690,318.19,2,3,3,1,2,50,19020,1.02,0.02
98366,7,1960,350062,349924,1,1370,255.42,1,3,1,1,2,66,138,1,0
98270,7,1993,625071,644074,1.03,1940,332,2,3,3,2,2,33,-19003,0.97,-0.03
98801,7,2017,1222787,1449928,1,3090,469.23,1,3,4,2,2,9,165,0.84,-0.16
99001,7,2020,409976,412082,1.01,1910,215.75,1,3,2,2,2,6,-2106,0.99,-0.01
98270,7,1998,609933,610084,1,1540,396.16,1,3,2,2,2,28,-151,1,0
98632,7,2024,655089,655052,1,1340,488.84,1,3,1,1,2,2,37,1,0
98188,7,1963,624907,709944,1.03,2240,316.94,2,4,2,1,2,63,-33595,0.88,-0.12
98208,7,1998,824854,809933,0.98,1690,479.25,2,4,3,1,2,28,14921,1.02,0.02
98225,0,1979,699065,680072,0.97,1200,566.73,1,2,2,1,2,47,18993,1.03,0.03
99336,0,1973,218586,228200,1.03,1280,178.28,1,2,2,1,2,53,-9614,0.96,-0.04
98038,7,2005,900030,875095,0.97,3060,285.98,2,4,3,2,2,21,24935,1.03,0.03
98126,7,1971,1099928,1189917,1.03,1820,653.8,1,4,2,2,2,55,-33595,0.92,-0.08
98168,7,1924,548930,548949,1,1060,517.88,1,3,2,1,2,102,-19,1,0
98501,7,2008,799944,799944,1,3080,259.72,2,3,3,3,2,18,0,1,0
98133,7,1946,749886,824927,1.03,1300,634.56,1,3,2,1,2,80,-33595,0.91,-0.09
98092,7,1983,584922,591921,1.01,1430,413.93,2,4,3,2,2,43,-6999,0.99,-0.01
98271,7,2014,938905,919917,0.98,2230,412.52,1,4,2,2,2,12,18988,1.02,0.02
98272,7,2026,1079656,1079893,1,3860,279.77,2,4,4,3,2,0,-237,1,0
99216,7,2025,349941,345095,0.99,900,383.44,1,2,2,2,2,1,4846,1.01,0.01
98665,0,2005,324916,324925,1,1350,240.69,2,2,2,2,2,21,-9,1,0
98038,7,1989,850004,859920,1.01,2380,361.31,3,4,3,2,2,37,-9916,0.99,-0.01
99004,4,1985,439916,439948,1,1370,321.13,2,3,2,2,2,41,-32,1,0
98502,7,1969,414933,424908,1.02,1420,299.23,2,2,1,1,2,57,-9975,0.98,-0.02
98146,7,1969,799878,800027,1,2510,318.74,2,4,2,1,2,57,-149,1,0
98595,4,1995,279814,271939,0.97,1190,228.52,1,3,2,1,2,31,7875,1.03,0.03
98363,3,1992,80071,79934,1,1810,324.3,2,3,0.5,2,2,34,137,1,0
98290,7,1909,814909,860067,1.03,1820,472.56,2,4,2,1,2,117,-33595,0.95,-0.05
98642,7,1989,711923,712051,1,1880,378.75,1,3,2,2,2,37,-128,1,0
98373,7,2001,624899,616902,0.99,2000,308.45,2,3,3,2,2,25,7997,1.01,0.01
98109,5,1947,994918,1005090,1.01,2200,456.86,2,3,2,2,2,79,-10172,0.99,-0.01
98144,8,2019,664835,654805,0.98,1400,467.72,2,2,2,2,2,7,10030,1.02,0.02
98105,8,2026,1222787,1374932,1,2070,664.22,2,3,4,1,2,0,5057,0.89,-0.11
99006,3,1992,181930,182078,1,1810,324.3,2,3,2,2,2,34,-148,1,0
98032,5,1909,900077,885073,0.98,2210,400.49,2,4,4,2,2,117,15004,1.02,0.02
99352,7,1991,549056,540074,0.98,2370,227.88,2,4,3,2,2,35,8982,1.02,0.02
98201,0,1983,329894,330030,1,880,375.03,1,2,1,1,2,43,-136,1,0
98117,8,2026,998978,998972,1,1730,577.44,2,3,3,1,2,0,6,1,0
98372,1,1977,164941,160411,0.97,650,246.79,2,1.5,1,2,2,49,4530,1.03,0.03
98310,3,1992,100099,94948,0.96,1810,324.3,2,3,2,2,2,34,5151,1.05,0.05
98611,7,1977,385093,384941,1,1060,363.15,1,3,1,1,2,49,152,1,0
98802,7,2003,764915,749905,0.98,2590,289.54,1,3,3,1,2,23,15010,1.02,0.02
98537,7,1926,329913,334906,1.02,1640,204.21,2,3,1,1,2,100,-4993,0.99,-0.01
98020,0,1999,1222787,1462187.5,0.96,2350,659.54,1,2,3,2,2,27,43901,0.84,-0.16
98258,7,2009,589053,589068,1,1060,555.72,2,3,2,1,2,17,-15,1,0
98006,7,1977,1222787,1462187.5,1,3230,587.64,2,5,4,1,2,49,-3,0.84,-0.16
98801,7,1920,975075,950051,0.97,3860,246.13,2,4,3,2,2,106,25024,1.03,0.03
98368,7,2017,555096,605664,1.03,910,665.56,1,2,1,2,2,9,-33595,0.92,-0.08
98126,7,1930,1050061,1150087,1.03,2040,563.77,1,3,2,1,2,96,-33595,0.91,-0.09
98802,0,1993,569925,569933,1,2710,210.31,2,3,2,2,2,33,-8,1,0
98922,7,2022,1222787,1462187.5,0.98,2840,515.82,2,4,4,2,2,4,30007,0.84,-0.16
98686,7,1992,949944,950056,1,3670,258.87,2,5,3,3,2,34,-112,1,0
98274,4,1993,249055,232075,0.96,1390,166.96,1,2,2,2,2,33,16980,1.07,0.07
99202,7,1909,315068,319914,1.02,1070,298.99,2,2,2,2,2,117,-4846,0.98,-0.02
98030,0,1978,175054,175079,1,760,230.37,2,2,1,1,2,48,-25,1,0
99301,7,1960,469797,469772,1,2510,187.16,1,3,2,1,2,66,25,1,0
98516,7,2002,1199933,1125096,0.96,3590,313.4,1,3,2,2,2,24,43901,1.07,0.07
99353,7,2025,649960,644939,0.99,1930,334.17,1,3,2,2,2,1,5021,1.01,0.01
98366,7,2016,513922,532712,1.03,1600,332.94,1,3,2,2,2,10,-18790,0.96,-0.04
98292,7,2025,675045,676354,1,2540,266.28,2,5,3,1,2,1,-1309,1,0
99206,7,1977,494935,494926,1,2140,231.27,2,4,3,1,2,49,9,1,0
98296,7,2005,849073,815099,0.96,2580,315.93,2,5,3,2,2,21,33974,1.04,0.04
98133,7,1948,764901,754947,0.99,1580,477.81,1,3,2,1,2,78,9954,1.01,0.01
98136,8,2021,699082,699056,1,1290,541.9,2,3,2,2,2,5,26,1,0
98023,7,1962,600044,604933,1.01,1240,487.85,1,4,2,2,2,64,-4889,0.99,-0.01
98092,7,2002,674933,669927,0.99,2670,250.91,3,5,3,3,2,24,5006,1.01,0.01
98405,7,2001,500022,509905,1.02,1790,284.86,2,5,2,2,2,25,-9883,0.98,-0.02
98626,7,1956,474929,475075,1,1640,289.68,1,3,2,1,2,70,-146,1,0
99006,3,1992,182095,181928,1,1810,324.3,2,3,2,2,2,34,167,1,0
98628,3,1992,44902,44942,1,1810,324.3,2,3,2,2,2,34,-40,1,0
98422,7,2026,799321,799878,1,2510,318.68,2,4,3,2,2,0,-557,1,0
98337,7,1927,388912,382423,0.98,1450,263.74,1,2,1,1,2,99,6489,1.02,0.02
98823,4,1998,175075,170079,0.97,780,218.05,1,2,2,2,2,28,4996,1.03,0.03
98115,7,1951,1222787,1350080,1,2480,544.39,1,5,2,1,2,75,-257,0.91,-0.09
98584,4,1993,325100,324929,1,1510,215.18,1,3,2,1,2,33,171,1,0
98199,7,1955,1055064,1131942,1.03,1510,680.56,1,3,2,1,2,71,-33595,0.93,-0.07
98166,7,1978,1222787,1384943,0.99,3420,404.95,1,4,3,2,2,48,13990,0.88,-0.12
98252,7,1949,649855,665057,1.02,1470,452.42,1,2,1,1,2,77,-15202,0.98,-0.02
98058,7,1989,1069069,1030081,0.96,2470,417.04,2,3,3,2,2,37,38988,1.04,0.04
98282,4,1979,374439,374907,1,1440,260.35,1,2,2,1,2,47,-468,1,0
98391,7,2004,1222787,1300094,1,3865,292.81,2,5.5,4,3,2,22,-17,0.94,-0.06
98198,7,2014,580016,578935,1,1620,357.37,2,3,3,2,2,12,1081,1,0
98002,4,1984,155095,155054,1,1250,124.04,1,3,2,2,2,42,41,1,0
98366,7,2012,490096,490082,1,1640,298.83,2,3,3,2,2,14,14,1,0
99163,4,1995,65064,54949,0.96,920,59.73,1,2,2,2,2,31,10115,1.18,0.18
98674,7,1962,513077,521919,1.02,1820,286.77,1,3,3,3,2,64,-8842,0.98,-0.02
98640,3,1992,150100,150069,1,1810,324.3,2,3,2,2,2,34,31,1,0
98588,3,1992,299987,269908,0.96,1810,324.3,2,3,2,2,2,34,30079,1.11,0.11
98346,7,2024,595060,594919,1,1250,475.94,1,3,2,1,2,2,141,1,0
99016,4,2009,355080,350087,0.99,1450,241.44,1,3,2,2,2,17,4993,1.01,0.01
98133,0,1986,360081,354930,0.99,840,422.54,1,2,2,2,2,40,5151,1.01,0.01
98310,7,1972,470078,480092,1.02,1530,313.79,1,3,2,1,2,54,-10014,0.98,-0.02
98028,0,1985,459051,452076,0.98,1040,434.69,2,2,2,1,2,41,6975,1.02,0.02
98513,8,2007,448935,448919,1,1510,297.3,2,3,3,1,2,19,16,1,0
98258,7,2018,848907,835568,0.98,3550,235.37,2,4,4,3,2,8,13339,1.02,0.02
98331,4,2024,378938,348928,0.96,1540,226.58,1,3,2,2,2,2,30010,1.09,0.09
98584,7,1966,500064,506907,1.01,1730,293.01,1,3,2,2,2,60,-6843,0.99,-0.01
98075,7,1969,1099934,1099930,1,1810,607.7,1,3,3,2,2,57,4,1,0
98106,7,1992,734891,734899,1,1890,388.84,1,2,2,2,2,34,-8,1,0
99202,7,1909,299057,305069,1.02,1540,198.1,1,3,1,1,2,117,-6012,0.98,-0.02
98940,7,1975,379833,349931,0.96,1150,304.29,1,1.5,1,1,2,51,29902,1.09,0.09
99207,7,1926,279406,279571,1,1430,195.5,1,4,2,2,2,100,-165,1,0
98951,4,1973,649950,640053,0.98,1750,365.74,2,2,2,2,2,53,9897,1.02,0.02
98661,0,1994,1139991,1140111,1,1700,670.65,2,2,2,2,2,32,-120,1,0
98042,7,1990,739947,730066,0.99,1950,374.39,2,3,3,2,2,36,9881,1.01,0.01
98277,7,1978,444922,427429,0.96,2160,197.88,2,3,3,1,2,48,17493,1.04,0.04
98501,7,2025,669888,669899,1,2610,256.67,2,5,4,3,2,1,-11,1,0
98640,3,1992,160090,150069,0.96,1810,324.3,2,3,2,2,2,34,10021,1.07,0.07
98503,7,1995,450079,504934,1.03,1690,298.78,1,3,2,2,2,31,-33595,0.89,-0.11
98366,7,2009,465089,476949,1.03,1710,278.92,2,3,3,2,2,17,-11860,0.98,-0.02
98266,4,1976,20082,17938,0.96,380,47.21,1,1.5,1,1,2,50,2144,1.12,0.12
99353,8,2025,377922,377914,1,1480,255.35,2,3,3,1,2,1,8,1,0
99113,7,1955,428907,425943,0.99,1580,269.58,1,2,3,1,2,71,2964,1.01,0.01
99352,7,1944,299974,295088,0.98,820,359.86,1,3,1,1,2,82,4886,1.02,0.02
98626,7,1969,374998,384947,1.03,1390,276.94,1,3,2,2,2,57,-9949,0.97,-0.03
98382,4,1968,39900,37921,0.96,700,54.17,1,2,1,2,2,58,1979,1.05,0.05
98372,7,1993,649870,659917,1.02,1960,336.69,2,3,3,2,2,33,-10047,0.98,-0.02
98224,3,1992,24916,18091,0.96,1810,324.3,2,3,2,2,2,34,6825,1.38,0.38
98648,3,1992,149937,150077,1,1810,324.3,2,3,2,2,2,34,-140,1,0
98201,3,1992,1000091,999923,1,1810,324.3,2,3,2,2,2,34,168,1,0
98203,0,1979,340083,340088,1,960,354.26,1,2,2,2,2,47,-5,1,0
98026,7,2025,1222787,1462187.5,1,3865,561.12,2,5,4,2,2,1,3,0.84,-0.16
98569,3,1992,59937,59940,1,1810,324.3,2,3,2,2,2,34,-3,1,0
98103,7,2026,900040,909910,1.01,1200,680.56,2,3,3,2,2,0,-9870,0.99,-0.01
98418,7,1972,409922,417427,1.02,1040,401.37,1,3,1,1,2,54,-7505,0.98,-0.02
98584,3,1992,207009,199055,0.96,1810,324.3,2,3,2,2,2,34,7954,1.04,0.04
98284,4,1978,74942,69919,0.96,1150,60.8,1,2,2,1,2,48,5023,1.07,0.07
98168,7,1949,550028,489901,0.96,1660,295.12,2,4,2,1,2,77,43901,1.12,0.12
98405,7,1909,500016,499943,1,1570,318.44,2,3,2,1,2,117,73,1,0
98230,7,1973,549945,574950,1.03,1340,429.07,1,2,2,1,2,53,-25005,0.96,-0.04
98168,7,2006,764929,749904,0.98,2980,251.65,3,4,3,2,2,20,15025,1.02,0.02
98360,3,1992,175083,175080,1,1810,324.3,2,3,2,2,2,34,3,1,0
98597,7,2009,400016,415061,1.03,1560,266.06,2,3,3,2,2,17,-15045,0.96,-0.04
98249,7,2001,470098,489910,1.03,1060,462.18,1,2,2,1,2,25,-19812,0.96,-0.04
99207,7,1947,329861,330020,1,1630,202.47,1,4,2,2,2,79,-159,1,0
98110,0,1959,378924,360066,0.96,1350,266.72,2,3,1,1,2,67,18858,1.05,0.05
98271,7,1969,579903,579936,1,1960,295.89,1,3,2,1,2,57,-33,1,0
98335,4,2023,119928,114920,0.96,840,136.81,1,2,2,2,2,3,5008,1.04,0.04
98391,7,2010,595942,589944,0.99,1840,320.62,2,4,3,2,2,16,5998,1.01,0.01
98363,5,1971,685051,674932,0.99,2000,337.47,2,3,2,2,2,55,10119,1.01,0.01
98311,4,1978,469853,477435,1.02,1440,331.55,1,3,2,2,2,48,-7582,0.98,-0.02
98548,3,1992,125098,119947,0.96,1810,324.3,2,3,2,2,2,34,5151,1.04,0.04
98144,7,1980,749913,649912,0.96,1990,326.59,2,3,3,2,2,46,43901,1.15,0.15
98610,3,1992,168945,169050,1,1810,324.3,2,3,2,2,2,34,-105,1,0
99354,7,1974,644936,630098,0.98,3460,182.11,2,5,4,2,2,52,14838,1.02,0.02
98686,7,2024,550052,550054,1,1590,345.95,1,3,2,2,2,2,-2,1,0
99217,7,1950,294948,295068,1,1810,324.3,2,3,1,1,2,76,-120,1,0
98443,4,1977,90012,89895,1,1150,78.17,1,2,2,1,2,49,117,1,0
98006,3,1978,175079,165068,0.96,1570,105.14,2,3,2,2,2,48,10011,1.06,0.06
98371,7,2025,924942,924914,1,3260,283.72,2,5,4,2,2,1,28,1,0
99021,4,1994,220000,210054,0.96,1680,125.03,1,3,2,2,2,32,9946,1.05,0.05
98685,7,2002,607073,606924,1,2060,294.62,2,4,2,2,2,24,149,1,0
98673,4,1974,799937,799911,1,1660,481.87,1,3,2,2,2,52,26,1,0
98087,8,2026,674824,674827,1,1650,408.99,2,3,4,3,2,0,-3,1,0
98632,3,1992,153810,150945,0.98,1810,324.3,2,3,2,2,2,34,2865,1.02,0.02
98270,7,1994,679065,658915,0.97,2280,289,2,4,3,2,2,32,20150,1.03,0.03
98908,7,2014,399952,399841,1,1530,261.33,1,3,2,2,2,12,111,1,0
98632,7,1983,455052,448500,0.99,1800,249.17,1,3,2,1,2,43,6552,1.01,0.01
98642,7,2020,426093,426072,1,1500,284.05,2,3,2,2,2,6,21,1,0
99352,8,1970,405055,391937,0.97,1960,199.97,2,4,2,2,2,56,13118,1.03,0.03
98282,3,1992,394918,394949,1,1810,324.3,2,3,2,2,2,34,-31,1,0
98292,4,1998,500069,500089,1,1080,463.05,1,3,2,2,2,28,-20,1,0
98848,3,1992,184911,170080,0.96,1810,324.3,2,3,2,2,2,34,14831,1.09,0.09
98363,5,1971,685053,675096,0.99,2000,337.55,2,4,2,2,2,55,9957,1.01,0.01
98038,4,1971,319905,325926,1.02,1340,243.23,1,2,2,2,2,55,-6021,0.98,-0.02
98226,7,1991,649915,624928,0.96,1550,403.18,1,3,2,2,2,35,24987,1.04,0.04
98576,7,2015,824928,774908,0.96,2530,306.29,2,3,3,3,2,11,43901,1.06,0.06
98178,7,2025,999840,999954,1,3010,332.21,3,4,4,3,2,1,-114,1,0
99223,7,2025,1095099,1094932,1,3330,328.81,1,5,4,3.5,2,1,167,1,0
98360,7,2006,630065,630090,1,3170,198.77,2,4,3,2,2,20,-25,1,0
99202,7,1909,318925,318936,1,1460,218.45,2,5,2,2,2,117,-11,1,0
99301,7,2024,484065,484090,1,2270,213.26,2,5,3,2,2,2,-25,1,0
98903,7,1976,299939,350936,1.03,2050,171.19,1,3,2,2,2,50,-33595,0.85,-0.15
98055,0,1999,409929,398071,0.97,1190,334.51,2,3,2,1,2,27,11858,1.03,0.03
98125,8,2026,799957,799805,1,1090,680.56,2,3,3,1,2,0,152,1,0
98501,7,2024,529950,540538,1.02,2500,216.22,2,4,3,1,2,2,-10588,0.98,-0.02
98112,0,1996,785064,779901,0.99,1020,680.56,1,2,2,1,2,30,5163,1.01,0.01
98368,7,2021,575055,555052,0.97,1150,482.65,1,2,2,1,2,5,20003,1.04,0.04
98902,7,1910,310071,310063,1,2250,137.81,2,4,1,1,2,116,8,1,0
98338,7,2006,764906,747920,0.98,2900,257.9,2,3,3,2,2,20,16986,1.02,0.02
98022,7,2025,674932,674910,1,1840,366.8,1,3,2,2,2,1,22,1,0
98902,7,1961,319950,319904,1,1260,253.89,1,3,2,1,2,65,46,1,0
98115,0,1972,549855,550098,1,1660,331.38,1,2,2,1,2,54,-243,1,0
98230,7,2026,562875,581071,1.03,2320,250.46,2,5,3,1,2,0,-18196,0.97,-0.03
98282,7,1922,550064,535083,0.97,2090,256.02,2,3,2,1,2,104,14981,1.03,0.03
99336,7,1955,379074,375066,0.99,1990,188.48,1,4,2,2,2,71,4008,1.01,0.01
98136,7,1926,899051,1250091,1.03,1730,680.56,2,3,2,2,2,100,-33595,0.72,-0.28
98004,0,2008,795822,769918,0.97,970,680.56,1,1.5,1,1,2,18,25904,1.03,0.03
98607,7,2025,824070,823949,1,1940,424.72,1,3,2,2,2,1,121,1,0
98902,7,1994,380070,385092,1.01,1410,273.11,1,3,2,2,2,32,-5022,0.99,-0.01
98422,7,2002,675028,650068,0.96,2020,321.82,2,5,3,2,2,24,24960,1.04,0.04
99352,7,2023,598911,595074,0.99,2350,253.22,1,4,3,3,2,3,3837,1.01,0.01
98204,0,1980,340073,310074,0.96,1300,238.52,2,2,3,1,2,46,29999,1.1,0.1
99201,7,1909,295092,270091,0.96,1110,243.33,2,2,1,1,2,117,25001,1.09,0.09
98926,7,1978,585077,584937,1,1760,332.35,1,3,2,1,2,48,140,1,0
98569,7,2026,379063,355069,0.96,1030,344.73,1,2,2,1,2,0,23994,1.07,0.07
98230,7,2008,449561,454449,1.01,1010,449.95,1,3,2,2,2,18,-4888,0.99,-0.01
98075,7,1996,1222787,1462187.5,0.97,3730,652.8,2,4,3,2,2,30,43901,0.84,-0.16
98056,7,2025,1222787,1462187.5,1,2440,606.53,2,5,3,2,2,1,-26,0.84,-0.16
98857,5,1946,519937,499921,0.96,3865,99.59,2,5.5,4,2,2,80,20016,1.04,0.04
98948,7,1950,239804,237595,0.99,1020,232.94,2,2,1,1,2,76,2209,1.01,0.01
98014,7,1979,750074,749927,1,1680,446.39,2,4,2,1,2,47,147,1,0
98371,7,1920,319994,323096,1.01,580,557.06,1,1.5,1,2,2,106,-3102,0.99,-0.01
99403,7,1948,279084,568006,1,1770,324.3,2,2,1,1,2,78,-33595,0.49,-0.51
99004,7,2025,389928,389943,1,1740,224.11,1,4,3,2,2,1,-15,1,0
98005,8,1997,700061,699924,1,1400,499.95,2,2,3,2,2,29,137,1,0
98371,0,1980,494863,494924,1,1720,287.75,3,3,3,2,2,46,-61,1,0
98226,0,1993,385066,379931,0.99,1040,365.32,1,2,2,1,2,33,5135,1.01,0.01
99224,7,2025,499157,449187,0.96,2000,224.59,2,5,3,3,2,1,43901,1.11,0.11
98112,7,1931,1222787,1462187.5,1,2570,680.56,2,4,2,2,2,95,27,0.84,-0.16
99207,7,1909,239074,229948,0.96,710,323.87,1,2,1,1,2,117,9126,1.04,0.04
98374,5,1974,828948,829077,1,2880,287.87,2,5.5,4,2,2,52,-129,1,0
98903,7,2023,430075,430060,1,1410,305.01,1,3,2,2,2,3,15,1,0
98513,7,1992,475073,474932,1,1180,402.48,3,3,3,2,2,34,141,1,0
98223,7,2003,525093,525074,1,1100,477.34,1,3,2,2,2,23,19,1,0
98028,7,2000,948914,949086,1,1820,521.48,2,4,3,2,2,26,-172,1,0
99166,7,2012,149841,110064,0.96,670,164.27,1,1.5,2,2,2,14,39777,1.36,0.36
98625,7,2000,418057,417931,1,1160,360.29,1,3,2,2,2,26,126,1,0
99207,7,1950,249920,239947,0.96,1610,149.04,2,2,1,1,2,76,9973,1.04,0.04
98446,7,1947,349948,330069,0.96,2040,161.8,2,4,1,1,2,79,19879,1.06,0.06
98569,7,2025,284884,284871,1,880,323.72,1,2,1,1,2,1,13,1,0
98273,7,1909,444943,455081,1.02,1550,293.6,2,4,2,1,2,117,-10138,0.98,-0.02
98391,7,1984,574949,529936,0.96,2200,240.88,2,5,3,1,2,42,43901,1.08,0.08
98445,7,1978,499904,494947,0.99,1720,287.76,2,3,3,1,2,48,4957,1.01,0.01
99019,7,2025,688294,688319,1,2030,339.07,1,4,3,3,2,1,-25,1,0
98284,4,2007,724950,700083,0.97,2180,321.14,1,3,2,2,2,19,24867,1.04,0.04
98038,7,1961,545047,584946,1.03,1140,513.11,1,3,1,1,2,65,-33595,0.93,-0.07
98038,7,1994,734941,740075,1.01,1560,474.41,2,3,3,2,2,32,-5134,0.99,-0.01
98118,8,2026,924809,899954,0.97,1550,580.62,2,3,2,1,2,0,24855,1.03,0.03
98466,7,1958,475051,506073,1.03,930,544.16,1,3,1,1,2,68,-31022,0.94,-0.06
98375,7,1982,349943,355082,1.01,1000,355.08,1,3,2,1,2,44,-5139,0.99,-0.01
98292,7,2025,645050,645751,1,1800,358.75,2,4,2,1,2,1,-701,1,0
98387,7,2008,559086,559086,1,1650,338.84,1,3,2,2,2,18,0,1,0
98119,0,1979,598919,588912,0.98,1160,507.68,3,2,2,1,2,47,10007,1.02,0.02
98204,7,2000,625074,625062,1,1100,568.24,1,3,2,2,2,26,12,1,0
99336,7,1948,329962,324907,0.98,1110,292.71,1,3,1,1,2,78,5055,1.02,0.02
98512,2,1995,1222787,1462187.5,0.97,1380,680.56,2,3,2,1,2,31,43901,0.84,-0.16
98444,7,1977,269921,269931,1,1030,262.07,1,3,1,1,2,49,-10,1,0
98106,7,2025,1169961,1159810,0.99,2700,429.56,2,5,3,2,2,1,10151,1.01,0.01
98329,7,1992,455080,465066,1.02,1630,285.32,2,3,2,2,2,34,-9986,0.98,-0.02
98248,7,2013,600035,590053,0.98,1300,453.89,1,3,2,2,2,13,9982,1.02,0.02
98277,7,1949,295993,270086,0.96,1450,186.27,2,3,1,1,2,77,25907,1.1,0.1
99163,7,2005,539975,535083,0.99,2250,237.81,2,4,3,1,2,21,4892,1.01,0.01
98662,7,1992,515050,514921,1,1670,308.34,1,3,2,2,2,34,129,1,0
99360,7,1970,230064,235057,1.02,780,301.36,1,3,1,1,2,56,-4993,0.98,-0.02
98580,7,2005,624907,625082,1,2480,252.05,2,3,2,2,2,21,-175,1,0
98056,7,1995,938923,939940,1,1720,546.48,1,3,2,2,2,31,-1017,1,0
98272,7,1909,430081,430078,1,700,614.4,2,1.5,1,1,2,117,3,1,0
98550,7,1964,275073,274925,1,1120,245.47,1,3,2,1,2,62,148,1,0
98642,7,2021,725058,724911,1,2140,338.74,1,3,2,2,2,5,147,1,0
98642,7,2010,635095,635099,1,2060,308.3,1,3,2,2,2,16,-4,1,0
98240,7,1947,494911,500059,1.01,1130,442.53,1,2,1,1,2,79,-5148,0.99,-0.01
98424,7,2009,515100,514945,1,1360,378.64,2,3,3,2,2,17,155,1,0
99301,7,2023,389907,394922,1.01,1240,318.49,1,3,2,2,2,3,-5015,0.99,-0.01
98030,7,2025,799836,798902,1,2400,332.88,2,4,3,2,2,1,934,1,0
99208,7,2007,398062,397942,1,1250,318.35,2,3,2,2,2,19,120,1,0
98661,7,1956,508062,508074,1,2500,203.23,2,4,3,3,2,70,-12,1,0
98155,7,1951,694904,705930,1.02,1150,613.85,1,3,1,1,2,75,-11026,0.98,-0.02
98037,0,1989,329872,329884,1,960,343.63,1,2,2,2,2,37,-12,1,0
98168,7,1941,534927,549917,1.03,1040,528.77,1,3,1,1,2,85,-14990,0.97,-0.03
98033,7,2025,1222787,1462187.5,0.99,2060,680.56,2,4,3,2,2,1,9966,0.84,-0.16
98241,7,1970,450030,456925,1.02,1730,264.12,1,4,2,2,2,56,-6895,0.98,-0.02
98045,7,1978,714904,769907,1.03,1240,620.89,1,3,2,1,2,48,-33595,0.93,-0.07
98424,0,1967,310100,310069,1,940,329.86,1,2,1,1,2,59,31,1,0
98516,7,2008,514946,514949,1,1840,279.86,2,3,3,2,2,18,-3,1,0
98203,7,2006,1099932,1049905,0.96,2620,400.73,2,4,3,2,2,20,43901,1.05,0.05
98040,7,1974,1222787,1462187.5,0.97,2750,610.93,3,5,3,3,2,52,43901,0.84,-0.16
98201,0,2007,435091,445089,1.02,1590,279.93,2,3,3,2,2,19,-9998,0.98,-0.02
98033,7,1980,1222787,1398888,1,2210,632.98,3,4,3,2,2,46,-145,0.87,-0.13
98087,7,2002,589884,564924,0.96,1340,421.59,2,3,3,2,2,24,24960,1.04,0.04
98930,7,2026,352927,352904,1,1400,252.07,1,3,1,1,2,0,23,1,0
98503,7,1988,399910,425302,1.03,1260,337.54,1,3,2,1,2,38,-25392,0.94,-0.06
98109,0,1968,749945,724916,0.97,1190,609.17,1,3,2,1,2,58,25029,1.03,0.03
98444,7,1950,429920,437929,1.02,1000,437.93,1,3,2,2,2,76,-8009,0.98,-0.02
99217,7,2025,529925,537283,1.01,1800,298.49,1,3,2,2,2,1,-7358,0.99,-0.01
98607,7,2025,500056,500085,1,1480,337.9,2,4,2,2,2,1,-29,1,0
98930,7,2026,352926,352938,1,1400,252.1,1,3,2,1,2,0,-12,1,0
98418,7,1924,474929,494942,1.03,1560,317.27,2,3,2,2,2,102,-20013,0.96,-0.04
98201,7,1909,515082,516082,1,820,629.37,1,2,2,1,2,117,-1000,1,0
98520,7,1916,154834,140064,0.96,3080,45.48,1,3,1,1,2,110,14770,1.11,0.11
98506,7,2025,734904,740049,1.01,3410,217.02,2,5,3,2,2,1,-5145,0.99,-0.01
98122,0,1981,549947,550067,1,910,604.47,1,2,1,1,2,45,-120,1,0
99206,7,2025,414902,415050,1,1470,282.35,1,3,2,2,2,1,-148,1,0
98335,7,1989,599899,580005,0.97,1410,411.35,1,3,2,2,2,37,19894,1.03,0.03
99301,7,2012,439087,438913,1,1600,274.32,1,3,2,2,2,14,174,1,0
98199,0,1968,438933,430075,0.98,990,434.42,1,2,1,1,2,58,8858,1.02,0.02
98365,7,2017,740069,716430,0.97,1490,480.83,1,2,2,1,2,9,23639,1.03,0.03
99206,7,2026,425045,425454,1,1470,289.42,1,3,2,2,2,0,-409,1,0
98292,7,2025,675080,685041,1.01,2000,342.52,1,4,2,1,2,1,-9961,0.99,-0.01
98007,0,1969,299058,280082,0.96,610,459.15,3,1.5,1,1,2,57,18976,1.07,0.07
98168,7,1936,295083,324921,1.03,400,680.56,1,1.5,1,2,2,90,-29838,0.91,-0.09
98229,7,1994,645086,654941,1.02,1600,409.34,2,3,3,2,2,32,-9855,0.98,-0.02
98402,0,1909,268907,249944,0.96,600,416.57,3,1.5,1,1,2,117,18963,1.08,0.08
99301,7,2025,436909,436939,1,1460,299.27,1,3,2,2,2,1,-30,1,0
98903,7,2017,714935,725551,1.01,2360,307.44,1,4,3,3,2,9,-10616,0.99,-0.01
98837,7,2025,329763,329751,1,1150,286.74,1,3,2,1,2,1,12,1,0
98520,7,1914,189808,189832,1,740,256.53,1,2,1,2,2,112,-24,1,0
98335,7,1974,599966,564917,0.96,2110,267.73,1,4,2,1,2,52,35049,1.06,0.06
99163,0,1994,174894,167900,0.96,780,215.26,3,2,1,1,2,32,6994,1.04,0.04
98021,7,2025,1222787,1462187.5,0.96,3270,550.47,2,5,4.5,2,2,1,43901,0.84,-0.16
98930,7,1966,349943,339934,0.97,3020,112.56,1,4,3,2,2,60,10009,1.03,0.03
99208,7,2004,635080,634926,1,2890,219.7,1,4,3,2,2,22,154,1,0
98310,7,1942,349962,349973,1,740,472.94,1,2,1,1,2,84,-11,1,0
98409,7,1943,414956,436151,1.03,870,501.32,1,3,1,1,2,83,-21195,0.95,-0.05
98058,7,2025,1222787,1462187.5,1,3860,410.6,2,4,4,3,2,1,178,0.84,-0.16
98168,7,1943,424943,414921,0.98,720,576.28,1,2,1,2,2,83,10022,1.02,0.02
99344,7,2001,268084,268568,1,1600,167.86,1,4,2,2,2,25,-484,1,0
98006,7,1976,1222787,1319978,0.96,2150,613.94,2,4,3,3,2,50,43901,0.93,-0.07
99301,7,2026,1222787,1414621,1,2950,479.53,1,4,3,2,2,0,34,0.86,-0.14
98020,7,1940,1174942,1174950,1,1080,680.56,1,2,1,1,2,86,-8,1,0
98037,0,1968,324910,330082,1.02,1010,326.81,1,3,2,2,2,58,-5172,0.98,-0.02
98903,7,2026,481065,470083,0.98,1800,261.16,1,3,2,2,2,0,10982,1.02,0.02
98506,7,2025,770051,770082,1,3410,225.83,2,4,3,2,2,1,-31,1,0
98930,7,2026,418360,418341,1,1770,236.35,1,3,2,2,2,0,19,1,0
98802,7,1967,339937,340054,1,700,485.79,1,2,1,1,2,59,-117,1,0
99301,7,2026,381900,381937,1,1150,332.12,1,3,2,2,2,0,-37,1,0
98640,7,1955,124903,89912,0.96,540,166.5,1,1.5,1,1,2,71,34991,1.39,0.39
99205,7,1909,249950,249925,1,1160,215.45,2,3,1,1,2,117,25,1,0
98136,7,1926,1185078,1303421,1.03,2100,620.68,1,3,2,2,2,100,-33595,0.91,-0.09
98902,7,1939,128900,129919,1.01,820,158.44,2,2,1,1,2,87,-1019,0.99,-0.01
98902,7,1955,278921,276944,0.99,2140,129.41,2,3,2,2,2,71,1977,1.01,0.01
99037,7,2025,469871,469887,1,1960,239.74,1,3,2,2,2,1,-16,1,0
99224,7,2025,540059,530080,0.98,2210,239.86,2,4,2,2,2,1,9979,1.02,0.02
98409,0,2004,349942,345099,0.99,1030,335.05,2,2,1,1,2,22,4843,1.01,0.01
98640,7,1999,299979,295063,0.98,1310,225.24,1,2,2,2,2,27,4916,1.02,0.02
98055,7,2025,1030095,1030070,1,2740,375.94,2,4,3,1,2,1,25,1,0
99037,7,2025,600004,599854,1,3460,173.37,2,5,3,3,2,1,150,1,0
98662,7,1964,449906,449942,1,2440,184.4,1,4,2,2,2,62,-36,1,0
99019,7,1997,510071,510063,1,2120,240.6,2,4,3,3,2,29,8,1,0
98168,7,1951,349923,401352,1.03,820,489.45,1,2,1,1,2,75,-33595,0.87,-0.13
99206,7,2026,458053,454934,0.99,1800,252.74,1,4,2,2,2,0,3119,1.01,0.01
99301,7,2026,389769,395707,1.02,1210,327.03,1,3,2,1,2,0,-5938,0.98,-0.02
98563,7,2025,500009,490067,0.98,1500,326.71,1,3,2,2,2,1,9942,1.02,0.02
98375,7,2026,494837,495000,1,1490,332.21,2,3,3,2,2,0,-163,1,0
98383,7,2025,750076,750085,1,2540,295.31,2,4,3,2,2,1,-9,1,0
98203,0,2003,299898,306095,1.02,850,360.11,1,2,2,1,2,23,-6197,0.98,-0.02
98569,7,2005,623928,589913,0.96,2020,292.04,3,3,4,2,2,21,34015,1.06,0.06
98597,7,2026,527980,527815,1,1430,369.1,1,3,2,2,2,0,165,1,0
98362,7,1937,649944,614925,0.96,2200,279.51,2,4,2,1,2,89,35019,1.06,0.06
98221,7,1955,599835,609900,1.02,2380,256.26,2,4,2,1,2,71,-10065,0.98,-0.02
98685,7,2004,569974,720054,1,2480,290.34,2,4,3,3,2,22,-33595,0.79,-0.21
98663,0,1972,284917,284914,1,1620,175.87,2,3,2,2,2,54,3,1,0
98109,7,1931,1222787,1462187.5,1,2500,680.56,2,4,3,1,2,95,-8156,0.84,-0.16
98001,7,2005,714808,715067,1,2240,319.23,2,4,3,2,2,21,-259,1,0
98033,0,1993,1222787,1462187.5,0.98,2320,680.56,1,2,3,2,2,33,43901,0.84,-0.16
98275,7,1993,1148950,950080,0.96,2810,338.11,2,3,3,3,2,33,43901,1.21,0.21
99206,7,1948,469052,450090,0.96,2900,155.2,2,3,3,3,2,78,18962,1.04,0.04
98349,7,2008,674920,639946,0.96,1940,329.87,1,3,2,2,2,18,34974,1.05,0.05
98033,7,2021,1222787,1462187.5,0.96,3540,680.56,2,5,4,3.5,2,5,43901,0.84,-0.16
98501,7,2021,524561,539561,1.03,1710,315.53,1,3,2,2,2,5,-15000,0.97,-0.03
98077,7,1993,1222787,1462187.5,1,3180,628.95,2,4,3,2,2,33,-146,0.84,-0.16
98321,7,2025,710504,710527,1,2740,259.32,2,5,3,2,2,1,-23,1,0
98642,7,2020,444908,445079,1,1690,263.36,2,3,2,2,2,6,-171,1,0
98607,7,2003,1126789,1126667,1,3865,225.33,3,4,3,3,2,23,122,1,0
99212,7,1971,419919,420069,1,2650,158.52,1,5,3,3,2,55,-150,1,0
98674,7,2025,516879,516862,1,1860,277.88,2,4,2,2,2,1,17,1,0
98930,7,2026,355161,355287,1,1410,251.98,1,3,2,2,2,0,-126,1,0
98351,7,2021,1181922,1181900,1,2710,436.13,1,3,4,1,2,5,22,1,0
98672,7,1912,831924,832092,1,2160,385.23,3,3,2,2,2,114,-168,1,0
98340,7,2004,895070,895068,1,2620,341.63,1,3,3,1,2,22,2,1,0
98274,7,2025,1147912,1074921,0.96,3865,258.39,1,4,4,3.5,2,1,43901,1.07,0.07
98203,7,1941,650084,650086,1,1490,436.3,1,2,1,1,2,85,-2,1,0
98930,7,2026,418183,418333,1,1770,236.35,1,3,2,2,2,0,-150,1,0
99016,7,1943,514913,485070,0.96,3050,159.04,2,5,2,2,2,83,29843,1.06,0.06
98331,4,1986,344912,343066,0.99,1190,288.29,1,3,2,2,2,40,1846,1.01,0.01
98077,7,2021,1222787,1462187.5,0.96,3865,680.56,2,4,4,1,2,5,43901,0.84,-0.16
98674,7,1995,428937,429051,1,1550,276.81,1,3,2,2,2,31,-114,1,0
98606,7,1992,784088,784067,1,2540,308.69,2,4,2,2,2,34,21,1,0
98498,7,1974,350086,454010,1.03,2250,201.78,1,4,3,1,2,52,-33595,0.77,-0.23
98292,7,1984,1049900,1049939,1,3865,221.97,2,4,4,2,2,42,-39,1,0
98052,7,1986,1100057,1118159,1.02,1960,570.49,2,3,3,2,2,40,-18102,0.98,-0.02
98642,7,1909,499929,499934,1,1210,413.17,1,3,2,2,2,117,-5,1,0
98404,7,1977,335097,341080,1.02,1400,243.63,1,3,2,1,2,49,-5983,0.98,-0.02
98056,7,1990,1222787,1327940,1,2280,582.43,2,3,3,2,2,36,136,0.92,-0.08
98092,4,1989,699098,685061,0.98,1850,370.3,1,3,2,2,2,37,14037,1.02,0.02
98026,7,1974,825050,950055,1.03,2000,475.03,1,4,2,1,2,52,-33595,0.87,-0.13
98382,7,1979,1049051,1033934,0.99,2860,361.52,2,2,2,1,2,47,15117,1.01,0.01
99403,7,2007,675090,49939,0.96,2540,19.66,1,3,3,3,2,19,43901,13.52,12.52
98516,7,1942,1200068,1100092,0.96,1090,680.56,2,2,2,1,2,84,43901,1.09,0.09
98682,8,2017,410076,409904,1,1810,226.47,2,3,2,2,2,9,172,1,0
98584,7,1940,160071,144932,0.96,670,216.32,1,2,1,1,2,86,15139,1.1,0.1
98942,7,1992,439070,435054,0.99,1250,348.04,1,3,2,2,2,34,4016,1.01,0.01
98371,7,2016,699853,700004,1,3120,224.36,2,5,3,2,2,10,-151,1,0
98620,7,1981,320054,320066,1,1480,216.26,1,3,2,2,2,45,-12,1,0
98126,7,1976,1115089,1210927,1.03,2170,558.03,1,5,3,1,2,50,-33595,0.92,-0.08
98102,7,1909,1222787,1462187.5,0.96,3865,498.16,2,5.5,4.5,3.5,2,117,43901,0.84,-0.16
99350,7,2026,405812,406968,1,1570,259.22,1,3,2,1,2,0,-1156,1,0
98053,7,1981,1222787,1419932,1.03,1630,680.56,1,3,2,2,2,45,-33595,0.86,-0.14
98370,7,1990,569842,575064,1.01,1830,314.24,2,3,3,1,2,36,-5222,0.99,-0.01
98802,7,1978,524916,515076,0.98,2240,229.94,2,5,2,1,2,48,9840,1.02,0.02
98038,7,1990,1222787,1375035,1,3490,393.99,2,4,3,2,2,36,-12,0.89,-0.11
98901,7,1920,275057,280052,1.02,1520,184.24,2,4,2,2,2,106,-4995,0.98,-0.02
99207,7,1909,244968,244974,1,1810,324.3,2,2,1,1,2,117,-6,1,0
99201,5,2022,599901,545417,0.96,2720,200.52,2,5.5,4,3.5,2,4,43901,1.1,0.1
98296,7,1989,974937,964916,0.99,2270,425.07,2,4,3,1,2,37,10021,1.01,0.01
98580,4,1977,549059,551878,1.01,1340,411.85,1,3,2,2,2,49,-2819,0.99,-0.01
98103,7,1950,1024916,1045576,1.02,1620,645.42,1,2,2,1,2,76,-20660,0.98,-0.02
98010,7,1940,399890,320084,0.96,2100,152.42,2,3,1,1,2,86,43901,1.25,0.25
98580,7,1994,844904,840069,0.99,2560,328.15,1,4,2,1,2,32,4835,1.01,0.01
98329,7,2026,775043,800578,1.03,1760,454.87,1,4,3,2,2,0,-25535,0.97,-0.03
98826,7,2018,1222787,1462187.5,0.96,3220,496.87,2,3,3,2,2,8,43901,0.84,-0.16
98032,8,1997,484904,489572,1.01,1440,339.98,2,3,3,1,2,29,-4668,0.99,-0.01
98520,4,1997,114938,115056,1,1850,62.19,1,3,2,2,2,29,-118,1,0
99352,7,2020,499940,493067,0.99,1910,258.15,1,3,2,1,2,6,6873,1.01,0.01
98272,7,2021,1169067,1169057,1,3865,299.76,2,4,4.5,3.5,2,5,10,1,0
98840,7,1980,555073,499939,0.96,2310,216.42,2,3,2,1,2,46,43901,1.11,0.11
98270,7,2025,764856,735071,0.96,2070,355.11,2,3,3,2,2,1,29785,1.04,0.04
98368,7,1909,900086,850075,0.96,1550,548.44,2,2,2,1,2,117,43901,1.06,0.06
98682,7,2014,1222787,1462187.5,1,3865,361.94,2,4,3,3,2,12,-180,0.84,-0.16
98530,7,1909,325094,333449,1.03,1370,243.39,1,2,2,1,2,117,-8355,0.97,-0.03
98374,7,2006,1098918,1084905,0.99,3680,294.81,2,3,4,1,2,20,14013,1.01,0.01
98466,7,1958,975019,974934,1,3520,276.97,1,5.5,4,3.5,2,68,85,1,0
98528,7,2011,1222787,1462187.5,1,3865,680.56,2,4,4,2,2,15,-157,0.84,-0.16
98801,7,1955,514976,511916,0.99,1540,332.41,1,3,2,2,2,71,3060,1.01,0.01
98001,8,2004,544946,559901,1.03,1560,358.91,2,3,3,2,2,22,-14955,0.97,-0.03
98311,0,2006,305087,310055,1.02,1020,303.98,2,2,2,1,2,20,-4968,0.98,-0.02
98092,7,2011,596033,590099,0.99,1580,373.48,2,3,3,2,2,15,5934,1.01,0.01
98498,7,1995,525087,525053,1,1770,296.64,1,3,2,2,2,31,34,1,0
98501,7,2004,474977,474994,1,1440,329.86,1,3,2,2,2,22,-17,1,0
98837,7,2023,334911,337917,1.01,1240,272.51,1,3,2,2,2,3,-3006,0.99,-0.01
98032,0,2000,414902,414926,1,1140,363.97,2,2,2,2,2,26,-24,1,0
98360,7,2013,1222787,1225070,0.96,1050,680.56,2,1.5,2,1,2,13,43901,1,0
98272,7,2025,1222787,1289946,0.96,3300,390.89,2,4,3,3,2,1,43901,0.95,-0.05
98092,0,2005,384895,384860,1,1010,381.05,1,2,2,2,2,21,35,1,0
98661,7,2009,539989,539813,1,1520,355.14,1,3,2,2,2,17,176,1,0
98282,7,1995,988904,964903,0.98,2800,344.61,1,3,3,2,2,31,24001,1.02,0.02
98828,3,1992,365085,344913,0.96,1810,324.3,2,3,2,2,2,34,20172,1.06,0.06
98368,7,2007,698906,698902,1,1660,421.03,1,2,3,2,2,19,4,1,0
98922,7,2022,1222787,1462187.5,0.97,3080,501.59,2,4,4.5,2,2,4,43901,0.84,-0.16
98020,7,1954,1222787,1220071,0.98,2160,564.85,1,4,3,1,2,72,30019,1,0
98014,7,2016,1222787,1169915,0.96,3550,329.55,2,5,3,2,2,10,43901,1.05,0.05
98501,7,2002,559005,563887,1.01,1940,290.66,2,4,3,3,2,24,-4882,0.99,-0.01
98155,7,1948,599900,680910,1.03,800,680.56,1,2,1,1,2,78,-33595,0.88,-0.12
98382,0,1984,489060,477081,0.98,2540,187.83,2,2,3,3,2,42,11979,1.03,0.03
98168,7,1921,518929,559928,1.03,2140,261.65,2,5,2,2,2,105,-33595,0.93,-0.07
98802,4,1999,218913,213918,0.98,1140,187.65,1,2,2,1,2,27,4995,1.02,0.02
98275,7,1995,978927,965064,0.99,2020,477.75,1,3,3,1,2,31,13863,1.01,0.01
98033,0,1997,1075051,1062581,0.99,1300,680.56,1,3,2,1,2,29,12470,1.01,0.01
98424,7,2006,724940,724926,1,2640,274.59,2,4,3,2,2,20,14,1,0
99353,7,1947,488901,497934,1.02,1300,383.03,1,3,2,2,2,79,-9033,0.98,-0.02
98422,7,1976,625100,625099,1,1710,365.55,1,4,2,1,2,50,1,1,0
98370,7,2021,899881,910637,1.01,3070,296.62,1,4,3,2,2,5,-10756,0.99,-0.01
99362,7,1948,329591,325088,0.99,730,445.33,1,2,1,1,2,78,4503,1.01,0.01
98208,7,1977,749914,764940,1.02,1920,398.41,2,4,3,1,2,49,-15026,0.98,-0.02
98117,7,1948,798903,799061,1,1290,619.43,1,2,2,1,2,78,-158,1,0
98239,7,1996,579905,563057,0.97,1760,319.92,2,3,2,1,2,30,16848,1.03,0.03
98802,7,2017,742082,719945,0.97,3110,231.49,1,4,3,2,2,9,22137,1.03,0.03
98466,7,1963,725070,764944,1.03,2450,312.22,1,5,4,2,2,63,-33595,0.95,-0.05
98370,7,1963,650081,676908,1.03,1990,340.15,2,3,2,1,2,63,-26827,0.96,-0.04
98580,7,2020,644934,659097,1.02,1250,527.28,1,3,2,1,2,6,-14163,0.98,-0.02
98546,7,1984,694933,530079,0.96,3090,171.55,2,4,4.5,1,2,42,43901,1.31,0.31
98118,7,1919,899081,899050,1,2200,408.66,1,4,2,2,2,107,31,1,0
99224,7,2025,649128,648268,1,2970,218.27,1,4,3,2,2,1,860,1,0
98908,7,2000,394921,394920,1,1580,249.95,1,3,2,2,2,26,1,1,0
99338,7,2025,474931,475076,1,1600,296.92,1,3,2,1,2,1,-145,1,0
98837,7,2005,339970,336098,0.99,1500,224.07,2,3,3,2,2,21,3872,1.01,0.01
98270,7,2025,669940,644920,0.96,2150,299.96,2,3,2,1,2,1,25020,1.04,0.04
98121,0,1994,825080,825068,1,980,680.56,1,2,2,1,2,32,12,1,0
98294,7,1978,1159911,1160089,1,1820,637.41,2,3,2,1,2,48,-178,1,0
98282,7,1983,494903,547576,1.03,1830,299.22,3,2,2,1,2,43,-33595,0.9,-0.1
98604,7,2025,572345,572506,1,2230,256.73,2,4,2,2,2,1,-161,1,0
98501,7,2016,648927,662915,1.02,3260,203.35,2,5.5,3,2,2,10,-13988,0.98,-0.02
98106,8,2010,645053,649908,1.01,1500,433.27,2,3,3,1,2,16,-4855,0.99,-0.01
99156,3,1992,174940,139934,0.96,1810,324.3,2,3,2,2,2,34,35006,1.25,0.25
98103,8,2026,1222787,1280053,0.99,1990,643.24,2,3,4,2,2,0,10014,0.96,-0.04
98011,7,1976,1149931,1150074,1,1780,646.11,2,4,3,1,2,50,-143,1,0
98512,7,1985,625068,624917,1,2110,296.17,1,3,2,1,2,41,151,1,0
98563,7,2021,634430,610091,0.96,2340,260.72,2,4,3,1,2,5,24339,1.04,0.04
98006,7,1996,1222787,1462187.5,0.98,3210,623.03,2,5,4,2,2,30,43901,0.84,-0.16
98028,8,2022,830056,830088,1,1630,509.26,2,3,4,1,2,4,-32,1,0
98012,7,2026,1222787,1462187.5,0.99,2700,555.59,2,5,3,2,2,0,9842,0.84,-0.16
98338,7,2012,649941,660091,1.02,2520,261.94,2,4,3,2,2,14,-10150,0.98,-0.02
98027,0,1996,520065,510091,0.98,1050,485.8,1,2,2,2,2,30,9974,1.02,0.02
98052,0,1984,435084,427600,0.98,860,497.21,1,1.5,1,1,2,42,7484,1.02,0.02
98467,7,1974,674948,729083,1.03,2130,342.29,1,3,3,1,2,52,-33595,0.93,-0.07
99133,7,1936,200067,185068,0.96,1190,155.52,1,2,1,1,2,90,14999,1.08,0.08
99352,7,2024,525051,514928,0.98,1850,278.34,1,3,2,2,2,2,10123,1.02,0.02
98223,8,2022,475098,475088,1,1430,332.23,2,3,3,2,2,4,10,1,0
98177,7,1977,728913,840938,1.03,1730,486.09,2,4,3,2,2,49,-33595,0.87,-0.13
98296,8,2026,749933,750075,1,1880,398.98,2,4,4,1,2,0,-142,1,0
99336,4,1990,44940,42921,0.96,1460,29.4,1,2,2,1,2,36,2019,1.05,0.05
98311,5,1985,495055,499917,1.01,2860,174.8,2,4,2,2,2,41,-4862,0.99,-0.01
98802,0,1974,219826,223929,1.02,880,254.46,2,2,1,1,2,52,-4103,0.98,-0.02
98516,8,2023,438912,430913,0.98,1690,254.98,2,3,3,2,2,3,7999,1.02,0.02
98662,8,2025,399916,399942,1,1490,268.42,2,3,2,2,2,1,-26,1,0
98335,0,1975,499094,498912,1,1290,386.75,1,2,2,1,2,51,182,1,0
98029,8,2003,874883,849909,0.97,1690,502.9,2,3,4,2,2,23,24974,1.03,0.03
98040,7,1968,1222787,1462187.5,1.01,3060,680.56,1,4,3,3,2,58,-24969,0.84,-0.16
98258,7,2007,695024,694853,1,2140,324.7,2,3,3,2,2,19,171,1,0
99336,7,1979,429960,425067,0.99,1780,238.8,2,3,3,1,2,47,4893,1.01,0.01
98391,7,2025,1100089,1099938,1,3865,258.2,2,5.5,4,2,2,1,151,1,0
98908,4,2003,328941,329083,1,1510,217.94,1,3,2,2,2,23,-142,1,0
98626,4,1995,470074,470054,1,1780,264.08,1,3,2,2,2,31,20,1,0
99166,3,1992,224924,205064,0.96,1810,324.3,2,3,0.5,2,2,34,19860,1.1,0.1
99110,4,1999,264948,185085,0.96,1810,324.3,2,4,2,2,2,27,43901,1.43,0.43
98310,5,1952,470073,466420,0.99,1450,321.67,2,4,2,2,2,74,3653,1.01,0.01
98607,7,2025,1148927,1149080,1,3230,355.75,2,5,4,3.5,2,1,-153,1,0
98115,7,1931,974937,1180088,1.03,1840,641.35,1,2,1,1,2,95,-33595,0.83,-0.17
98662,8,2002,350944,350942,1,1230,285.32,2,3,2,2,2,24,2,1,0
98296,8,2026,590047,580299,0.98,1660,349.58,2,2,3,1,2,0,9748,1.02,0.02
98671,3,1992,409050,409079,1,1810,324.3,2,3,2,2,2,34,-29,1,0
98032,8,2015,590074,574929,0.97,1560,368.54,2,3,3,2,2,11,15145,1.03,0.03
99027,4,1994,324946,314927,0.97,1810,324.3,1,3,2,2,2,32,10019,1.03,0.03
98122,8,2022,698902,698925,1,1360,513.92,2,2,2,1,2,4,-23,1,0
98270,4,1978,100012,100028,1,1430,69.95,1,3,2,2,2,48,-16,1,0
98103,8,2016,1174917,1174933,1,1890,621.66,2,3,3,2,2,10,-16,1,0
98367,7,2025,839984,839961,1,2100,399.98,1,3,2,2,2,1,23,1,0
99352,7,2014,494925,480058,0.97,1600,300.04,1,3,2,2,2,12,14867,1.03,0.03
98390,7,1987,550095,539933,0.98,1640,329.23,1,3,2,1,2,39,10162,1.02,0.02
98501,7,1950,384945,410063,1.03,1880,218.12,1,3,2,1,2,76,-25118,0.94,-0.06
98383,7,1981,549061,549076,1,1820,301.69,2,3,3,1,2,45,-15,1,0
98223,7,2025,1199938,1199904,1,2580,465.08,2,3,3,2,2,1,34,1,0
99006,3,1992,74944,70055,0.96,1810,324.3,2,3,2,2,2,34,4889,1.07,0.07
98532,7,2026,510055,514925,1.01,2450,210.17,2,4,3,2,2,0,-4870,0.99,-0.01
98502,8,2013,450065,440052,0.98,1450,303.48,2,3,3,1,2,13,10013,1.02,0.02
98682,7,1993,474811,474999,1,1630,291.41,2,3,2,2,2,33,-188,1,0
98926,4,2020,270065,270085,1,1340,201.56,1,2,2,1,2,6,-20,1,0
98528,4,1999,395094,400062,1.01,1230,325.25,1,3,2,2,2,27,-4968,0.99,-0.01
98632,7,2015,494911,492071,0.99,1800,273.37,1,3,2,1,2,11,2840,1.01,0.01
98531,7,1925,338905,318914,0.96,1470,216.95,2,4,1,1,2,101,19991,1.06,0.06
98226,7,2025,657055,656902,1,1660,395.72,2,3,3,1,2,1,153,1,0
98597,7,2017,424900,424921,1,1870,227.23,2,5,3,2,2,9,-21,1,0
98199,7,1950,1222787,1462187.5,0.99,3865,680.56,1,3,4,2,2,76,20018,0.84,-0.16
98801,7,1930,415100,425085,1.02,2040,208.38,2,3,2,1,2,96,-9985,0.98,-0.02
98466,7,1950,634882,635084,1,1700,373.58,1,3,3,3,2,76,-202,1,0
98589,7,2025,675048,675032,1,1950,346.17,1,3,3,2,2,1,16,1,0
99114,7,1964,276920,283948,1.03,1480,191.86,1,3,2,1,2,62,-7028,0.98,-0.02
98021,7,2018,1099053,1099914,1,2350,468.05,2,4,3,2,2,8,-861,1,0
98802,7,2025,514830,524951,1.02,1500,349.97,1,3,2,1,2,1,-10121,0.98,-0.02
98503,7,2014,380057,379904,1,1600,237.44,2,3,1,1,2,12,153,1,0
98026,0,1969,400048,399856,1,1110,360.23,1,2,2,1,2,57,192,1,0
98115,7,1947,814935,764922,0.96,2110,362.52,1,3,1,1,2,79,43901,1.07,0.07
98059,7,1975,794939,835082,1.03,2010,415.46,1,3,3,2,2,51,-33595,0.95,-0.05
98022,7,2025,674912,674937,1,1840,366.81,1,3,2,2,2,1,-25,1,0
98122,7,1909,915071,1109906,1.03,2490,445.75,2,2,2,1,2,117,-33595,0.82,-0.18
98294,7,2026,624936,624927,1,2220,281.5,2,3,3,2,2,0,9,1,0
98270,7,1988,534909,549937,1.03,1090,504.53,1,3,2,2,2,38,-15028,0.97,-0.03
98922,7,2025,549906,550085,1,1500,366.72,2,3,3,1,2,1,-179,1,0
98117,7,1925,999087,999097,1,2840,351.79,2,4,2,1,2,101,-10,1,0
99019,0,2001,238919,214925,0.96,850,252.85,2,2,1,1,2,25,23994,1.11,0.11
99403,7,1966,369430,568006,1,1780,324.3,2,4,3,3,2,60,-33595,0.65,-0.35
98042,7,1990,889923,880077,0.99,2560,343.78,2,3,3,2,2,36,9846,1.01,0.01
98042,7,2025,949976,949964,1,3080,308.43,2,5,3,2,2,1,12,1,0
98801,7,1988,375058,375080,1,1230,304.94,1,3,2,1,2,38,-22,1,0
99205,7,1954,429954,412599,0.96,2000,206.3,1,5,2,2,2,72,17355,1.04,0.04
98926,7,2025,349933,349926,1,1240,282.2,1,3,2,1,2,1,7,1,0
98631,0,1941,180073,155911,0.96,490,318.19,1,1.5,1,2,2,85,24162,1.15,0.15
98506,7,2026,688053,683089,0.99,3010,226.94,2,5,3,2,2,0,4964,1.01,0.01
98607,7,2025,485050,485088,1,1500,323.39,2,3,2,2,2,1,-38,1,0
98908,7,1996,393093,390086,0.99,1510,258.34,1,3,2,2,2,30,3007,1.01,0.01
98406,7,1940,698931,694096,0.99,2370,292.87,2,5.5,3,1,2,86,4835,1.01,0.01
98664,7,1996,620079,620086,1,2980,208.08,3,4,3,3,2,30,-7,1,0
98126,7,1954,695076,694901,1,1120,620.45,1,3,2,1,2,72,175,1,0
98512,7,1988,374913,373414,1,770,484.95,1,2,1,1,2,38,1499,1,0
98387,7,1979,414913,414908,1,960,432.2,1,3,1,1,2,47,5,1,0
98531,7,2025,399925,399895,1,1590,251.51,2,3,3,1,2,1,30,1,0
98513,7,2026,700092,660321,0.96,1960,336.9,1,2,2,2,2,0,39771,1.06,0.06
98626,7,1967,450068,450080,1,1590,283.07,1,3,2,2,2,59,-12,1,0
98506,7,2025,638087,636081,1,2540,250.43,2,5,3,2,2,1,2006,1,0
99217,7,2025,330065,330094,1,1380,239.2,2,3,2,2,2,1,-29,1,0
98373,0,1992,298945,304931,1.02,900,338.81,1,2,1,1,2,34,-5986,0.98,-0.02
98133,7,1946,729088,765056,1.03,1410,542.59,1,3,2,1,2,80,-33595,0.95,-0.05
98408,7,1952,428949,435095,1.01,1270,342.59,1,3,1,2,2,74,-6146,0.99,-0.01
99202,7,1909,296910,303417,1.02,1600,189.64,2,4,2,1,2,117,-6507,0.98,-0.02
99352,7,2023,499952,510071,1.02,1700,300.04,1,3,2,2,2,3,-10119,0.98,-0.02
98310,0,1974,239939,249913,1.03,1040,240.3,1,2,2,1,2,52,-9974,0.96,-0.04
98223,7,1997,450080,455449,1.01,1170,389.27,1,3,2,1,2,29,-5369,0.99,-0.01
98642,7,2016,430902,430926,1,1640,262.76,2,3,2,2,2,10,-24,1,0
98498,7,1955,459970,459837,1,1150,399.86,1,3,1,1,2,71,133,1,0
98011,7,1987,946056,941064,0.99,1700,553.57,3,3,3,1,2,39,4992,1.01,0.01
98107,8,2019,794939,784901,0.99,1350,581.41,2,2,2,1,2,7,10038,1.01,0.01
98408,7,1993,558845,558828,1,1550,360.53,2,3,3,1,2,33,17,1,0
98604,7,1972,409913,410057,1,1240,330.69,1,3,1,1,2,54,-144,1,0
98506,7,2025,664940,664927,1,3010,220.91,2,5,3,2,2,1,13,1,0
98029,0,2005,414931,398938,0.96,940,424.4,1,2,2,2,2,21,15993,1.04,0.04
99207,7,1909,275063,272596,0.99,1360,200.44,2,3,2,2,2,117,2467,1.01,0.01
98204,7,2003,665059,670064,1.01,1600,418.79,3,3,3,2,2,23,-5005,0.99,-0.01
99224,7,2025,582941,583891,1,1980,294.89,1,4,2,2,2,1,-950,1,0
98133,7,1951,799819,830067,1.03,1440,576.44,1,3,2,1,2,75,-30248,0.96,-0.04
98144,0,1981,449941,444942,0.99,900,494.38,2,2,1,1,2,45,4999,1.01,0.01
98312,7,2025,699907,692089,0.99,2740,252.59,2,5,3,2,2,1,7818,1.01,0.01
98178,7,2025,1091971,1091821,1,3240,336.98,3,4,4,3,2,1,150,1,0
98374,7,2026,565048,564923,1,1770,319.17,2,4,3,2,2,0,125,1,0
98040,7,1954,1222787,1462187.5,0.97,3220,680.56,1,3,3,2,2,72,43901,0.84,-0.16
98366,7,1936,364941,377084,1.03,740,509.57,1,2,1,1,2,90,-12143,0.97,-0.03
98660,7,1936,500062,500054,1,1270,393.74,2,2,1,1,2,90,8,1,0
98272,7,2025,1222787,1378047,1,3865,354.25,2,4,4,3,2,1,-3,0.89,-0.11
98607,7,2026,889814,889822,1,3250,273.79,2,4,3,3,2,0,-8,1,0
98258,7,2016,569974,722561,1,3190,226.51,2,5,4.5,3.5,2,10,-33595,0.79,-0.21
98271,0,2026,630083,630067,1,1460,431.55,2,3,3,1,2,0,16,1,0
98930,7,2026,325069,324897,1,1150,282.52,1,3,2,2,2,0,172,1,0
98513,7,2026,599901,599937,1,2340,256.38,2,5,3,2,2,0,-36,1,0
98110,7,2000,1222787,1462187.5,1,3510,539.91,2,4,4,2,2,26,12,0.84,-0.16
98406,7,1941,599933,567420,0.96,2700,210.16,2,5.5,3,2,2,85,32513,1.06,0.06
99224,7,2016,478923,464909,0.97,1410,329.72,2,4,3,3,2,10,14014,1.03,0.03
98584,7,1977,444977,464922,1.03,1540,301.9,2,3,2,1,2,49,-19945,0.96,-0.04
98115,0,1959,277914,274087,0.99,560,489.44,1,1.5,1,1,2,67,3827,1.01,0.01
98382,7,1980,499062,489911,0.98,1780,275.23,1,3,2,1,2,46,9151,1.02,0.02
98373,7,2026,674924,700085,1.03,2740,255.51,2,5,3,2,2,0,-25161,0.96,-0.04
99016,7,2025,499928,499922,1,1570,318.42,1,3,2,2,2,1,6,1,0
98034,7,1999,1222787,1334915,1.03,1860,680.56,1,3,2,2,2,27,-33595,0.92,-0.08
98382,7,2013,989958,989962,1,2510,394.41,2,2,3,3,2,13,-4,1,0
99217,7,2025,562200,564467,1,1800,313.59,1,3,2,2,2,1,-2267,1,0
98032,0,1980,220097,209902,0.96,710,295.64,1,1.5,1,1,2,46,10195,1.05,0.05
98664,7,1970,569974,409935,1,1040,394.17,1,3,2,2,2,56,43901,1.39,0.39
98837,7,2025,325085,318712,0.98,1200,265.59,2,3,2,2,2,1,6373,1.02,0.02
98373,7,1997,440049,434909,0.99,1260,345.17,1,2,2,2,2,29,5140,1.01,0.01
98155,7,1968,985089,984949,1,1930,510.34,2,4,3,1,2,58,140,1,0
98802,7,2026,834934,860870,1.03,3060,281.33,2,4,3,2,2,0,-25936,0.97,-0.03
98034,7,1972,1222787,1249909,1,1350,680.56,1,3,2,1,2,54,167,0.98,-0.02
98520,7,1911,229064,224906,0.98,1360,165.37,2,3,1,2,2,115,4158,1.02,0.02
98155,7,1947,674925,649940,0.96,1270,511.76,1,3,2,1,2,79,24985,1.04,0.04
98290,7,1993,569974,472103,1,1620,291.42,1,3,2,2,2,33,43901,1.21,0.21
98682,7,1991,569974,319910,1,1240,257.99,1,3,2,2,2,35,43901,1.78,0.78
98029,7,2012,1222787,1462187.5,1,2500,619.98,2,4,4,3,2,14,120,0.84,-0.16
99217,7,2025,332918,333080,1,1380,241.36,2,3,2,2,2,1,-162,1,0
98682,7,1973,570092,570081,1,1440,395.89,1,3,2,2,2,53,11,1,0
99336,7,1948,354828,354801,1,1600,221.75,1,3,2,2,2,78,27,1,0
99301,7,1930,335068,326052,0.97,2140,152.36,1,4,2,1,2,96,9016,1.03,0.03
99208,7,1949,279894,279851,1,1810,324.3,1,2,1,1,2,77,43,1,0
98103,7,1909,915068,939921,1.03,1540,610.34,1,3,2,1,2,117,-24853,0.97,-0.03
98405,7,1948,398944,400063,1,1150,347.88,1,3,2,2,2,78,-1119,1,0
99217,7,2026,534239,536555,1,1800,298.09,1,3,2,2,2,0,-2316,1,0
99223,7,1921,525098,499911,0.96,2860,174.79,2,3,3,3,2,105,25187,1.05,0.05
98908,7,1954,409954,403400,0.98,2560,157.58,2,3,3,3,2,72,6554,1.02,0.02
98029,7,2003,1222787,1462187.5,1.02,2980,530.18,2,3,3,2,2,23,-29860,0.84,-0.16
98362,7,2005,950092,950100,1,2380,399.2,2,3,3,2,2,21,-8,1,0
99203,7,1941,599098,598918,1,1900,315.22,1,3,2,2,2,85,180,1,0
98837,7,1955,290056,291941,1.01,1120,260.66,1,3,1,1,2,71,-1885,0.99,-0.01
98391,7,1962,329942,339920,1.03,820,414.54,1,2,1,1,2,64,-9978,0.97,-0.03
98103,8,2005,945069,934910,0.99,1510,619.15,2,3,3,2,2,21,10159,1.01,0.01
98010,7,2005,1222787,1462187.5,0.96,3865,315.89,2,4,4.5,3,2,21,43901,0.84,-0.16
99206,7,1980,369902,370054,1,1300,284.66,2,4,2,2,2,46,-152,1,0
98292,7,1993,569974,849950,1,2170,391.68,1,3,2,2,2,33,-33595,0.67,-0.33
98117,8,2026,729958,729821,1,1460,499.88,2,3,3,1,2,0,137,1,0
98311,7,1975,569562,570052,1,2100,271.45,3,4,3,1,2,51,-490,1,0
98335,7,1971,1222787,1215097,0.97,3020,402.35,2,3,3,1,2,55,34947,1.01,0.01
98903,7,2025,373939,373934,1,1400,267.1,2,3,3,2,2,1,5,1,0
98686,7,2025,585029,585013,1,2040,286.77,2,4,2,2,2,1,16,1,0
98042,7,1995,1222787,1300063,0.96,2920,445.23,2,4,3,2,2,31,43901,0.94,-0.06
98056,7,2001,1222787,1309912,1.03,2670,490.6,2,4,3,2,2,25,-33595,0.93,-0.07
98052,0,1979,609904,574904,0.96,1380,416.6,2,3,2,2,2,47,35000,1.06,0.06
98405,7,1981,724950,724938,1,3865,181.23,2,4,3,1,2,45,12,1,0
98815,7,1910,310066,320076,1.03,890,359.64,1,2,1,1,2,116,-10010,0.97,-0.03
98329,7,1982,479096,514089,1.03,1140,450.96,1,3,2,1,2,44,-33595,0.93,-0.07
98629,7,2005,569974,829090,1,2770,299.31,1,4,3,2,2,21,-33595,0.69,-0.31
98354,5,1909,725053,700057,0.97,1590,440.29,2,4,2,2,2,117,24996,1.04,0.04
98930,7,1960,559927,562908,1.01,3380,166.54,1,5,3,3,2,66,-2981,0.99,-0.01
98685,7,2015,1222787,1425094,1,3210,443.95,2,4,2,2,2,11,5,0.86,-0.14
99205,7,1939,262430,244337,0.96,1340,182.34,1,3,2,2,2,87,18093,1.07,0.07
98683,7,1990,675076,674924,1,1840,366.81,1,3,2,2,2,36,152,1,0
99201,5,1909,339923,300069,0.96,2150,139.57,2,5,2,2,2,117,39854,1.13,0.13
99037,7,2011,824817,813405,0.99,3570,227.84,1,5,4,3.5,2,15,11412,1.01,0.01
98201,7,1925,545059,424906,0.96,1430,297.14,2,3,1,1,2,101,43901,1.28,0.28
99005,7,1995,929808,925076,0.99,3865,213.15,1,5,4,3,2,31,4732,1.01,0.01
98363,7,2012,359100,345087,0.96,930,371.06,2,2,1,1,2,14,14013,1.04,0.04
98685,7,1998,752057,752070,1,1920,391.7,1,3,2,2,2,28,-13,1,0
98103,8,2026,929909,930087,1,1370,678.9,2,2,3,1,2,0,-178,1,0
98155,7,1962,849091,854946,1.01,2300,371.72,2,4,4,3.5,2,64,-5855,0.99,-0.01
98105,8,2015,774913,755095,0.97,1340,563.5,2,3,3,1,2,11,19818,1.03,0.03
98674,7,1970,1222787,1462187.5,1,2520,680.56,1,3,3,3,2,56,144,0.84,-0.16
98908,7,1930,424927,415080,0.98,1700,244.16,2,3,2,2,2,96,9847,1.02,0.02
98390,7,1952,550091,524941,0.96,1600,328.09,1,3,2,1,2,74,25150,1.05,0.05
98629,7,1997,997057,996924,1,3800,262.35,2,5,3,3,2,29,133,1,0
98672,7,2004,1135092,1135050,1,2430,467.1,1,4,2,2,2,22,42,1,0
98662,7,1968,512404,512405,1,1610,318.26,1,4,2,2,2,58,-1,1,0
99016,7,2023,829984,830088,1,3140,264.36,2,4,3,2,2,3,-104,1,0
98642,7,2024,774933,774927,1,2600,298.05,2,4,2,2,2,2,6,1,0
98252,0,2020,529078,528908,1,1380,383.27,2,3,3,2,2,6,170,1,0
98686,7,2026,720052,719909,1,2370,303.76,2,4,2,2,2,0,143,1,0
99336,4,1991,85803,75056,0.96,1720,43.64,1,3,2,2,2,35,10747,1.14,0.14
98685,7,2016,939933,939948,1,3520,267.03,2,4,3,3,2,10,-15,1,0
98444,8,1969,329898,334938,1.02,1150,291.25,2,3,2,1,2,57,-5040,0.98,-0.02
98087,8,2026,779905,779945,1,1880,414.86,2,4,4,1,2,0,-40,1,0
98604,7,2015,1222787,1249079,1,3865,307.65,2,5,3,3,2,11,4,0.98,-0.02
98520,7,1979,355081,355076,1,1950,182.09,2,4,3,3,2,47,5,1,0
98424,7,2007,599948,605077,1.01,2240,270.12,2,4,3,2,2,19,-5129,0.99,-0.01
98270,7,2003,629911,646003,1.03,1600,403.75,1,3,2,1,2,23,-16092,0.98,-0.02
98513,4,2022,239032,235096,0.98,1620,145.12,1,3,2,2,2,4,3936,1.02,0.02
98902,4,1984,74910,72401,0.97,920,78.7,2,2,1,1,2,42,2509,1.03,0.03
99336,7,1975,405092,405080,1,1900,213.2,1,4,3,3,2,51,12,1,0
98010,7,2021,824940,824950,1,2650,311.3,2,3,3,2,2,5,-10,1,0
99016,5,2013,649960,638070,0.98,1810,324.3,1,3,2,2,2,13,11890,1.02,0.02
98577,4,1977,25097,20086,0.96,780,25.75,1,2,1,1,2,49,5011,1.25,0.25
99338,7,2007,1150077,1129912,0.98,3865,149.06,1,4,4.5,3.5,2,19,20165,1.02,0.02
99006,7,2026,948928,938938,0.99,2310,406.47,1,4,3,2,2,0,9990,1.01,0.01
99163,5,2024,494936,509909,1.03,1980,257.53,2,5.5,4,3.5,2,2,-14973,0.97,-0.03
98106,8,2020,594918,595099,1,1210,491.82,2,2,2,1,2,6,-181,1,0
98580,4,1994,459088,445925,0.97,1780,250.52,1,3,2,2,2,32,13163,1.03,0.03
98038,7,2016,925050,905069,0.98,1840,491.89,2,3,3,1,2,10,19981,1.02,0.02
98056,7,2001,1200078,1266076,1.03,3865,322.16,2,5,4,1,2,25,-33595,0.95,-0.05
99337,7,1978,410100,405051,0.99,1790,226.29,1,4,2,1,2,48,5049,1.01,0.01
98346,7,1957,949936,985076,1.03,3865,212.3,2,3,2,2,2,69,-33595,0.96,-0.04
98034,8,2025,1099935,1100050,1,2000,550.02,2,4,3,3,2,1,-115,1,0
98661,7,1954,360094,350051,0.97,1070,327.15,1,3,1,1,2,72,10043,1.03,0.03
98204,0,1958,619947,634922,1.02,1700,373.48,1,4,2,1,2,68,-14975,0.98,-0.02
99352,7,1999,739970,704924,0.96,3330,211.69,2,5,3,2,2,27,35046,1.05,0.05
98402,0,2006,340073,329900,0.97,900,366.56,1,1.5,1,1,2,20,10173,1.03,0.03
98837,7,2012,389990,389975,1,1820,214.27,1,3,2,1,2,14,15,1,0
98367,7,1978,675056,674901,1,2060,327.62,1,3,3,2,2,48,155,1,0
98422,7,1991,510322,510159,1,1720,296.6,2,3,3,1,2,35,163,1,0
99156,4,1977,124943,125933,1.01,1820,69.19,1,3,2,2,2,49,-990,0.99,-0.01
99336,8,2024,369905,365092,0.99,1660,219.93,2,3,3,2,2,2,4813,1.01,0.01
98814,7,1985,548970,569926,1.03,2080,274,1,3,2,2,2,41,-20956,0.96,-0.04
98075,7,1990,1222787,1462187.5,1.02,3865,581.37,2,4,4,2,2,36,-33595,0.84,-0.16
98033,7,1998,1222787,1462187.5,0.98,2240,680.56,2,3,3,2,2,28,43901,0.84,-0.16
98506,7,1910,799843,700060,0.96,1690,414.24,2,3,3,1,2,116,43901,1.14,0.14
98335,7,2013,1199097,1210076,1.01,3800,318.44,2,4,4,2,2,13,-10979,0.99,-0.01
98087,8,2026,690078,690058,1,1560,442.34,2,3,3,1,2,0,20,1,0
98277,7,2004,539934,549920,1.02,1920,286.42,2,3,3,2,2,22,-9986,0.98,-0.02
98188,7,1969,850071,774946,0.96,3865,184.51,3,5,3,2,2,57,43901,1.1,0.1
98058,7,1998,849913,929938,1.03,2260,411.48,2,4,3,2,2,28,-33595,0.91,-0.09
98240,7,2020,1199913,1099917,0.96,2680,410.42,2,3,3,2,2,6,43901,1.09,0.09
98126,8,2006,504927,499919,0.99,1030,485.36,2,3,3,1,2,20,5008,1.01,0.01
98925,7,1994,640015,631900,0.99,1520,415.72,2,3,2,1,2,32,8115,1.01,0.01
99006,4,1973,57917,51905,0.96,1810,324.3,2,3,1,1,2,53,6012,1.12,0.12
98674,7,2025,539877,540051,1,1990,271.38,2,4,3,3,2,1,-174,1,0
98837,7,2001,424920,415050,0.98,2400,172.94,2,5,3,2,2,25,9870,1.02,0.02
98837,7,1997,440053,453680,1.03,1840,246.57,2,4,3,2,2,29,-13627,0.97,-0.03
98632,7,1949,340074,339939,1,1320,257.53,1,4,2,1,2,77,135,1,0
98117,8,2026,637919,637937,1,1010,631.62,2,2,3,1,2,0,-18,1,0
99004,4,2023,92098,91060,0.99,1810,324.3,2,2,1,1,2,3,1038,1.01,0.01
98022,4,2025,372976,332973,0.96,1480,224.98,1,3,2,1,2,1,40003,1.12,0.12
98943,4,1992,324933,300056,0.96,1190,252.15,1,2,2,1,2,34,24877,1.08,0.08
98387,4,1978,65078,50077,0.96,900,55.64,1,3,2,1,2,48,15001,1.3,0.3
98038,7,2014,770059,769942,1,2340,329.04,2,4,3,2,2,12,117,1,0
98370,7,2004,860054,866925,1.01,3050,284.24,1,3,3,3,2,22,-6871,0.99,-0.01
99362,7,1950,260084,259919,1,1260,206.28,1,3,1,1,2,76,165,1,0
98020,7,1986,1222787,1225059,1,2610,469.37,1,2,3,2,2,40,41,1,0
98328,7,1960,725043,725005,1,2000,362.5,1,2,2,1,2,66,38,1,0
98926,7,2025,719871,720041,1,2130,338.05,1,4,3,1,2,1,-170,1,0
98329,7,1985,785052,764913,0.97,1980,386.32,1,3,2,1,2,41,20139,1.03,0.03
98503,7,2013,494900,505063,1.02,2290,220.55,2,4,3,2,2,13,-10163,0.98,-0.02
98831,4,1999,439828,430095,0.98,1850,232.48,1,3,2,2,2,27,9733,1.02,0.02
98272,7,2001,765064,730061,0.96,2050,356.13,2,4,3,1,2,25,35003,1.05,0.05
98328,7,1994,515095,500097,0.97,1780,280.95,3,4,3,2,2,32,14998,1.03,0.03
98335,7,2018,834912,835055,1,2510,332.69,2,4,3,2,2,8,-143,1,0
98374,7,2025,764902,764907,1,2810,272.21,2,4,3,2,2,1,-5,1,0
98115,7,1947,1222787,1462187.5,1.03,2830,533.55,2,5,3,2,2,79,-33595,0.84,-0.16
98372,7,1940,424850,424890,1,850,499.87,1,2,1,1,2,86,-40,1,0
98826,7,2005,1098927,1029930,0.96,2820,365.22,1,3,3,2,2,21,43901,1.07,0.07
98466,7,1983,696923,730054,1.03,2100,347.64,1,3,2,1,2,43,-33131,0.95,-0.05
98597,7,1909,675088,674927,1,1950,346.12,2,3,2,1,2,117,161,1,0
98040,0,1972,898917,845061,0.96,1540,548.74,3,2,2,1,2,54,43901,1.06,0.06
98311,7,1979,585058,584945,1,2420,241.71,3,4,3,2,2,47,113,1,0
98837,7,1994,334935,329901,0.98,1110,297.21,1,3,2,1,2,32,5034,1.02,0.02
99006,7,2024,489068,467600,0.96,1880,248.72,2,3,2,2,2,2,21468,1.05,0.05
98277,7,2013,585098,590099,1.01,1890,312.22,2,4,3,2,2,13,-5001,0.99,-0.01
98312,7,1918,617586,450057,0.96,3030,148.53,1,4,4,2,2,108,43901,1.37,0.37
99337,7,2001,419832,415819,0.99,1880,221.18,1,3,2,1,2,25,4013,1.01,0.01
98802,7,1998,938967,922066,0.98,3550,259.74,1,4,3,1,2,28,16901,1.02,0.02
98277,7,2023,895087,909934,1.02,2480,366.91,2,3,3,2,2,3,-14847,0.98,-0.02
98597,7,1988,629970,629971,1,2380,264.69,1,3,3,1,2,38,-1,1,0
98230,7,1961,598930,599076,1,3150,190.18,2,4,3,1,2,65,-146,1,0
98237,7,1996,475095,527449,1.03,950,555.21,1,2,1,2,2,30,-33595,0.9,-0.1
98226,7,2017,849078,849064,1,2360,359.77,3,3,3,2,2,9,14,1,0
98292,7,2025,724938,725094,1,2770,261.77,2,5,3,1,2,1,-156,1,0
98006,7,2001,1222787,1462187.5,0.97,2030,680.56,2,3,3,2,2,25,43901,0.84,-0.16
98597,7,1993,520070,524934,1.01,1710,306.98,1,3,2,2,2,33,-4864,0.99,-0.01
98632,7,1949,439075,415061,0.96,3310,125.4,2,4,3,2,2,77,24014,1.06,0.06
98026,7,1997,859086,859077,1,1950,440.55,2,4,3,2,2,29,9,1,0
98584,7,2007,449904,446748,0.99,1770,252.4,2,3,3,2,2,19,3156,1.01,0.01
98223,4,1993,515066,530100,1.03,1400,378.64,1,3,2,2,2,33,-15034,0.97,-0.03
98092,7,1978,1222787,1334929,0.96,3540,377.1,2,4,3,2,2,48,43901,0.92,-0.08
98146,8,2025,529941,529948,1,1000,529.95,2,2,3,2,2,1,-7,1,0
98125,7,1946,1000083,963056,0.96,2400,401.27,2,5,4,2,2,80,37027,1.04,0.04
98087,8,2026,694925,694942,1,1560,445.48,2,3,3,1,2,0,-17,1,0
98332,7,1995,840067,839931,1,1850,454.02,1,3,3,2,2,31,136,1,0
98092,7,1992,840035,840066,1,3210,261.7,1,3,3,3,2,34,-31,1,0
98296,7,1995,1222787,1225093,1,2540,482.32,2,4,3,1,2,31,-163,1,0
98605,3,1992,193952,193930,1,1810,324.3,2,3,2,2,2,34,22,1,0
98382,3,1992,160072,159943,1,1810,324.3,2,3,2,2,2,34,129,1,0
98221,5,1992,950063,875098,0.96,2420,361.61,2,5.5,3,2,2,34,43901,1.09,0.09
98092,7,1996,624894,625029,1,1660,376.52,2,3,3,1,2,30,-135,1,0
98166,7,1965,1200091,1462187.5,1.03,3330,450.47,1,5,3,2,2,61,-33595,0.82,-0.18
98941,3,1992,280304,249930,0.96,1810,324.3,2,3,2,2,2,34,30374,1.12,0.12
98102,0,2003,998066,965072,0.97,1160,680.56,1,2,3,2,2,23,32994,1.03,0.03
98532,3,1992,64916,64942,1,1810,324.3,2,3,2,2,2,34,-26,1,0
98593,4,1996,149844,130094,0.96,1400,92.92,1,3,2,2,2,30,19750,1.15,0.15
98801,7,1977,615083,594950,0.97,2230,266.79,1,3,2,1,2,49,20133,1.03,0.03
98003,5,1979,750087,730053,0.97,2250,324.47,2,5.5,4,2,2,47,20034,1.03,0.03
98367,7,2024,699912,704937,1.01,2590,272.18,2,5,3,2,2,2,-5025,0.99,-0.01
98391,3,1992,139935,119943,0.96,1810,324.3,2,3,2,2,2,34,19992,1.17,0.17
98506,3,1992,179949,186053,1.03,1810,324.3,2,3,2,2,2,34,-6104,0.97,-0.03
98361,3,1992,129905,105069,0.96,1810,324.3,2,3,2,2,2,34,24836,1.24,0.24
98361,3,1992,154934,154931,1,1810,324.3,2,3,2,2,2,34,3,1,0
98284,3,1992,174909,168056,0.96,1810,324.3,2,3,2,2,2,34,6853,1.04,0.04
98115,8,2025,689890,667591,0.97,1000,667.59,2,2,2,1,2,1,22299,1.03,0.03
98592,7,2006,599558,599595,1,2940,203.94,1,3,4,1,2,20,-37,1,0
98273,5,1977,1007089,1006914,1,3590,280.48,2,5.5,4,2,2,49,175,1,0
98056,3,1992,699853,580076,0.96,1810,324.3,2,3,2,2,2,34,43901,1.21,0.21
98208,7,1990,1099907,1080098,0.98,2780,388.52,2,4,3,3,2,36,19809,1.02,0.02
99324,3,1992,81912,80067,0.98,1810,324.3,2,3,2,2,2,34,1845,1.02,0.02
98391,4,1996,400062,400071,1,1230,325.26,1,3,2,2,2,30,-9,1,0
98607,3,1992,1000096,999950,1,1810,324.3,2,3,2,2,2,34,146,1,0
98281,4,1968,135084,132086,0.98,700,188.69,1,2,1,1,2,58,2998,1.02,0.02
98640,3,1992,235058,227054,0.97,1810,324.3,2,3,2,2,2,34,8004,1.04,0.04
98109,0,1930,298944,294917,0.99,570,517.4,1,1.5,1,1,2,96,4027,1.01,0.01
98273,3,1992,250094,219089,0.96,1810,324.3,2,3,2,2,2,34,31005,1.14,0.14
98848,7,2023,450063,463060,1.03,1680,275.63,1,4,2,1,2,3,-12997,0.97,-0.03
98815,3,1992,240089,229919,0.96,1810,324.3,2,3,2,2,2,34,10170,1.04,0.04
98126,8,2026,1222787,1450065,1,2210,656.14,2,4,4,2,2,0,-8,0.84,-0.16
98405,5,1910,999936,949930,0.96,1810,324.3,2,5.5,4.5,2,2,116,43901,1.05,0.05
98382,3,1992,165064,160077,0.97,1810,324.3,2,3,0.5,2,2,34,4987,1.03,0.03
98292,3,1992,100064,40062,0.96,1810,324.3,2,3,2,2,2,34,43901,2.5,1.5
98532,3,1992,27984,27990,1,1810,324.3,2,3,2,2,2,34,-6,1,0
98584,3,1992,159904,154930,0.97,1810,324.3,2,3,2,2,2,34,4974,1.03,0.03
98367,3,1992,130096,109927,0.96,1810,324.3,2,3,2,2,2,34,20169,1.18,0.18
99163,8,1995,375087,364909,0.97,1480,246.56,2,3,3,2,2,31,10178,1.03,0.03
98387,7,1995,559960,569839,1.02,1920,296.79,1,3,2,1,2,31,-9879,0.98,-0.02
98382,3,1992,59852,66594,1.03,1810,324.3,2,3,2,2,2,34,-6742,0.9,-0.1
98674,7,2021,738027,758050,1.03,1430,530.1,1,4,2,2,2,5,-20023,0.97,-0.03
98572,3,1992,68823,59930,0.96,1810,324.3,2,3,2,2,2,34,8893,1.15,0.15
98367,7,1951,265085,254945,0.96,1800,141.64,1,2,2,1,2,75,10140,1.04,0.04
98382,3,1992,49861,66731,1.03,1810,324.3,2,3,2,2,2,34,-16870,0.75,-0.25
98837,5,2024,525098,514098,0.98,1810,324.3,2,5.5,4,2,2,2,11000,1.02,0.02
98597,3,1992,399871,374912,0.96,1810,324.3,2,3,2,2,2,34,24959,1.07,0.07
98102,8,1987,875081,860091,0.98,1180,680.56,2,2,2,1,2,39,14990,1.02,0.02
99352,7,2025,669812,669962,1,2250,297.76,1,4,3,2,2,1,-150,1,0
98387,4,2025,435013,441542,1.01,1390,317.66,1,3,2,1,2,1,-6529,0.99,-0.01
98282,3,1992,298935,300070,1,1810,324.3,2,3,2,2,2,34,-1135,1,0
98027,7,1976,1222787,1399910,0.96,3600,388.86,1,3,3,1,2,50,43901,0.87,-0.13
98626,7,2011,574947,564906,0.98,2980,189.57,2,4,3,2,2,15,10041,1.02,0.02
98019,4,1995,699066,685060,0.98,1400,489.33,1,3,2,2,2,31,14006,1.02,0.02
98029,0,1987,449086,444097,0.99,1010,439.7,1,2,2,2,2,39,4989,1.01,0.01
99354,7,2019,558099,558082,1,1800,310.05,1,3,2,2,2,7,17,1,0
98499,7,1977,740076,752087,1.02,2240,335.75,3,4,3,3,2,49,-12011,0.98,-0.02
98109,0,1990,450070,450088,1,720,625.12,1,1.5,1,1,2,36,-18,1,0
98112,7,1926,1222787,1462187.5,0.96,3865,633.76,2,5,4,1,2,100,43901,0.84,-0.16
99338,3,1992,1222787,1462187.5,0.96,1810,324.3,2,3,2,2,2,34,43901,0.84,-0.16
98682,7,1993,439077,439060,1,2040,215.23,2,4,2,2,2,33,17,1,0
98844,3,1992,24951,22063,0.96,1810,324.3,2,3,2,2,2,34,2888,1.13,0.13
98506,7,2004,739077,739055,1,2610,283.16,1,3,3,2,2,22,22,1,0
98146,5,1945,600020,600058,1,1440,416.71,2,4,2,2,2,81,-38,1,0
98338,7,2025,665085,664901,1,2890,230.07,2,5,3,3,2,1,184,1,0
98335,3,1992,255094,324934,1.03,1810,324.3,2,3,2,2,2,34,-33595,0.79,-0.21
98404,7,1951,449900,445068,0.99,1370,324.87,2,2,1,2,2,75,4832,1.01,0.01
98513,7,1986,514919,530074,1.03,2180,243.15,2,3,3,2,2,40,-15155,0.97,-0.03
99163,7,2005,678932,670086,0.99,2300,291.34,1,3,3,3,2,21,8846,1.01,0.01
98367,3,1992,949928,774921,0.96,1810,324.3,2,3,2,2,2,34,43901,1.23,0.23
98388,7,1968,579058,574077,0.99,1390,413.01,1,3,2,1,2,58,4981,1.01,0.01
98857,3,1992,79903,79908,1,1810,324.3,2,3,2,2,2,34,-5,1,0
98802,3,1992,124807,124825,1,1810,324.3,2,3,2,2,2,34,-18,1,0
98382,3,1992,114907,107911,0.96,1810,324.3,2,3,0.5,2,2,34,6996,1.06,0.06
98274,7,2013,549884,554904,1.01,1410,393.55,2,3,2,2,2,13,-5020,0.99,-0.01
98581,7,1923,279066,270084,0.97,1830,147.59,2,4,2,1,2,103,8982,1.03,0.03
98632,7,2025,499907,499949,1,1400,357.11,1,3,2,2,2,1,-42,1,0
98370,0,1984,339873,339513,1,1200,282.93,1,3,2,1,2,42,360,1,0
98337,7,1919,375080,390081,1.03,900,433.42,1,2,2,1,2,107,-15001,0.96,-0.04
98682,7,1992,464074,464074,1,1450,320.05,1,3,2,2,2,34,0,1,0
98569,7,2021,685072,680064,0.99,1970,345.21,2,3,2,1,2,5,5008,1.01,0.01
98014,3,1992,649918,574933,0.96,1810,324.3,2,3,2,2,2,34,43901,1.13,0.13
98375,7,2005,484859,499947,1.03,2030,246.28,2,3,3,2,2,21,-15088,0.97,-0.03
98597,7,1989,799833,740061,0.96,2110,350.74,2,3,3,2,2,37,43901,1.08,0.08
98311,7,1983,575091,591911,1.03,2170,272.77,2,4,3,1,2,43,-16820,0.97,-0.03
98926,7,1968,599062,594950,0.99,1890,314.79,1,3,2,1,2,58,4112,1.01,0.01
98368,7,1990,520020,525092,1.01,1460,359.65,2,3,3,1,2,36,-5072,0.99,-0.01
98370,7,2021,849996,849967,1,3140,270.69,2,5,3,2,2,5,29,1,0
98230,3,1992,275098,184909,0.96,1810,324.3,2,3,2,2,2,34,43901,1.49,0.49
98229,7,2004,879803,868063,0.99,2780,312.25,1,4,3,2,2,22,11740,1.01,0.01
99166,3,1992,25066,17908,0.96,1810,324.3,2,3,0.5,2,2,34,7158,1.4,0.4
98310,3,1992,109907,79921,0.96,1810,324.3,2,3,2,2,2,34,29986,1.38,0.38
98168,7,2025,899847,859907,0.96,2660,323.27,2,4,3,2,2,1,39940,1.05,0.05
98092,0,2002,400049,400003,1,1230,325.21,1,2,2,2,2,24,46,1,0
98331,3,1992,84949,80090,0.96,1810,324.3,2,3,2,2,2,34,4859,1.06,0.06
98499,7,1957,699690,689937,0.99,1840,374.97,1,4,2,1,2,69,9753,1.01,0.01
98208,7,1978,569974,740068,1,2090,354.1,2,4,3,2,2,48,-33595,0.77,-0.23
99216,7,1970,425088,425052,1,2030,209.39,1,4,2,2,2,56,36,1,0
98029,0,2007,779939,779902,1,1800,433.28,1,3,2,1,2,19,37,1,0
98382,3,1992,59862,66749,1.03,1810,324.3,2,3,2,2,2,34,-6887,0.9,-0.1
98059,7,2010,1069945,1099900,1.03,2280,482.41,2,5,3,2,2,16,-29955,0.97,-0.03
98922,7,1983,499826,529922,1.03,1600,331.2,2,3,1,2,2,43,-30096,0.94,-0.06
98003,7,1998,764919,755058,0.99,2000,377.53,2,3,3,2,2,28,9861,1.01,0.01
98074,7,2019,1222787,1462187.5,0.96,3865,581.69,2,5,4.5,2,2,7,43901,0.84,-0.16
98501,7,1913,439815,475072,1.03,1650,287.92,1,2,1,1,2,113,-33595,0.93,-0.07
98467,5,1981,849938,850057,1,3660,232.26,2,5.5,4,2,2,45,-119,1,0
98004,7,1990,1222787,1462187.5,0.96,3865,562.05,2,5.5,4.5,3,2,36,43901,0.84,-0.16
98366,7,1988,444918,455098,1.02,1240,367.01,1,3,2,1,2,38,-10180,0.98,-0.02
98038,7,1998,800082,809922,1.01,2080,389.39,2,4,3,2,2,28,-9840,0.99,-0.01
98026,7,1986,1198064,1198079,1,2670,448.72,2,4,3,2,2,40,-15,1,0
98683,7,1986,924935,924915,1,2770,333.9,3,5,3,3,2,40,20,1,0
98033,7,2026,1222787,1462187.5,1,3865,680.56,2,5,4.5,2,2,0,-21,0.84,-0.16
99337,7,1950,395827,394947,1,1120,352.63,1,3,2,2,2,76,880,1,0
98226,0,1982,495079,479923,0.97,1080,444.37,2,2,2,1,2,44,15156,1.03,0.03
98023,7,1980,596932,599911,1,1430,419.52,1,3,2,1,2,46,-2979,1,0
98108,7,1942,1084930,1079909,1,2430,444.41,2,4,4,2,2,84,5021,1,0
99148,7,2025,528936,525580,0.99,1500,350.39,1,3,2,2,2,1,3356,1.01,0.01
98058,7,1979,799889,789905,0.99,2320,340.48,2,4,3,2,2,47,9984,1.01,0.01
98122,7,2011,1222787,1462187.5,1.03,2100,680.56,2,4,3,3,2,15,-33595,0.84,-0.16
98199,7,1945,1222787,1400181,1.03,2140,654.29,1,3,2,1,2,81,-33595,0.87,-0.13
98597,7,2025,439886,449928,1.02,1400,321.38,1,3,2,2,2,1,-10042,0.98,-0.02
98103,7,1927,1200093,1200085,1,2840,422.57,2,3,3,2,2,99,8,1,0
98258,7,2012,679921,669905,0.99,2170,308.71,2,4,3,2,2,14,10016,1.01,0.01
98528,7,2003,464942,475061,1.02,1350,351.9,1,3,2,2,2,23,-10119,0.98,-0.02
98072,7,1989,1222787,1462187.5,1,3865,552.37,2,5,4,3,2,37,132,0.84,-0.16
98258,0,2001,484950,469917,0.97,1360,345.53,2,3,3,1,2,25,15033,1.03,0.03
98446,7,1976,575051,574912,1,1840,312.45,1,3,3,2,2,50,139,1,0
98589,7,2025,674883,659930,0.98,1950,338.43,1,3,3,2,2,1,14953,1.02,0.02
98126,0,2026,668927,669082,1,1080,619.52,1,3,3,2,2,0,-155,1,0
98903,7,2025,474910,475050,1,1600,296.91,1,3,2,2,2,1,-140,1,0
98902,7,1925,325056,280064,0.96,1700,164.74,2,4,2,2,2,101,43901,1.16,0.16
98642,7,2005,694908,695098,1,2730,254.61,2,5,2,2,2,21,-190,1,0
98366,7,1969,415061,438579,1.03,1230,356.57,1,3,2,1,2,57,-23518,0.95,-0.05
98391,7,1995,1222787,1462187.5,1,3865,405.04,2,4,4,2,2,31,36,0.84,-0.16
98607,7,2026,888738,888762,1,2680,331.63,2,4,3,3,2,0,-24,1,0
98366,7,1976,448911,435936,0.97,890,489.82,1,2,1,1,2,50,12975,1.03,0.03
98026,7,1962,809920,810099,1,2360,343.26,1,5,3,2,2,64,-179,1,0
98008,7,1983,1222787,1434900,1.01,2500,573.96,2,4,4,3,2,43,-9955,0.85,-0.15
99208,7,1956,369955,355094,0.96,2530,140.35,1,5,2,1,2,70,14861,1.04,0.04
98312,7,2007,439931,444934,1.01,1370,324.77,2,3,3,2,2,19,-5003,0.99,-0.01
98422,7,1978,1222787,1288090,1.03,2460,523.61,2,3,3,1,2,48,-33595,0.95,-0.05
98367,7,2024,530100,526573,0.99,1720,306.15,2,4,3,1,2,2,3527,1.01,0.01
99337,7,2020,445064,445093,1,2200,202.32,2,4,3,2,2,6,-29,1,0
98626,7,1997,498941,489093,0.98,1730,282.71,1,3,2,2,2,29,9848,1.02,0.02
98620,7,1974,360098,360072,1,1880,191.53,3,3,1,1,2,52,26,1,0
98223,7,2007,934957,900065,0.96,2850,315.81,2,4,3,2,2,19,34892,1.04,0.04
98021,7,2019,1222787,1462187.5,1.03,3180,564.43,2,4,3,2,2,7,-33595,0.84,-0.16
98042,7,1980,699971,714072,1.02,1880,379.83,2,3,2,1,2,46,-14101,0.98,-0.02
98247,7,2021,568930,550072,0.97,1770,310.78,1,3,2,1,2,5,18858,1.03,0.03
98036,7,2006,998919,957917,0.96,2460,389.4,2,4,3,2,2,20,41002,1.04,0.04
98520,7,1917,274994,250097,0.96,1880,133.03,2,3,1,1,2,109,24897,1.1,0.1
98058,7,1969,1199097,1199056,1,2930,409.23,2,5,3,2,2,57,41,1,0
98133,7,2016,1222787,1462187.5,0.96,3580,456.73,2,4,4,2,2,10,43901,0.84,-0.16
98311,7,1987,577877,592071,1.02,2080,284.65,1,4,3,1,2,39,-14194,0.98,-0.02
98662,7,2009,490082,489949,1,1630,300.58,2,3,3,3,2,17,133,1,0
98674,7,2025,590532,590650,1,2450,241.08,2,3,3,3,2,1,-118,1,0
98338,7,2025,600087,590073,0.98,2500,236.03,2,4,3,2,2,1,10014,1.02,0.02
98040,7,1953,1222787,1462187.5,1,1360,680.56,1,3,2,1,2,73,-141,0.84,-0.16
98264,7,1980,536580,541422,1.01,1710,316.62,1,4,2,1,2,46,-4842,0.99,-0.01
98070,7,1949,839090,849944,1.01,1710,497.04,1,3,2,2,2,77,-10854,0.99,-0.01
98406,0,1916,599888,603926,1.01,2300,262.58,2,4,2,1,2,110,-4038,0.99,-0.01
99016,7,1998,379963,379961,1,1140,333.3,1,3,2,2,2,28,2,1,0
98590,7,1989,599074,564937,0.96,1100,513.58,1,2,3,1,2,37,34137,1.06,0.06
98387,7,1998,520095,520086,1,1690,307.74,2,3,3,2,2,28,9,1,0
98144,7,1911,1094939,1079910,0.99,2080,519.19,2,5,4,1,2,115,15029,1.01,0.01
98391,7,2013,619867,609943,0.98,1450,420.65,1,2,2,1,2,13,9924,1.02,0.02
98498,7,1960,559973,559980,1,1560,358.96,2,4,2,1,2,66,-7,1,0
98632,7,1984,431945,432071,1,1600,270.04,2,3,1,1,2,42,-126,1,0
98270,7,1999,649864,676067,1.03,2000,338.03,2,4,3,2,2,27,-26203,0.96,-0.04
98026,7,1987,1222787,1426836,0.96,2720,524.57,2,5,3,2,2,39,43901,0.86,-0.14
98103,7,1997,825079,912062,1.03,1240,680.56,2,2,2,1,2,29,-33595,0.9,-0.1
98626,7,1983,429942,429911,1,2430,176.92,3,3,2,2,2,43,31,1,0
98029,7,1938,1149893,1099930,0.96,2100,523.78,2,3,4,1,2,88,43901,1.05,0.05
98277,7,1987,574929,574946,1,1830,314.18,2,4,3,1,2,39,-17,1,0
98053,7,1998,1222787,1462187.5,0.99,2900,577.56,2,5,3,2,2,28,20015,0.84,-0.16
98008,7,1973,1222787,1462187.5,1.03,2900,606.86,1,4,3,3,2,53,-33595,0.84,-0.16
98121,0,2021,798938,759922,0.96,810,680.56,1,1.5,1,1,2,5,39016,1.05,0.05
99207,7,2025,324825,324986,1,1010,321.77,1,3,2,2,2,1,-161,1,0
98332,7,2022,744935,740057,0.99,2180,339.48,2,4,3,1,2,4,4878,1.01,0.01
98642,7,2026,783316,783467,1,3180,246.37,2,4,3,3,2,0,-151,1,0
98028,7,2003,1222787,1462187.5,0.97,3620,414.35,2,4,4,3,2,23,39477,0.84,-0.16
99352,3,1992,124917,122412,0.98,1810,324.3,2,3,2,2,2,34,2505,1.02,0.02
98226,7,2002,695050,699933,1.01,1920,364.55,2,3,3,2,2,24,-4883,0.99,-0.01
98117,7,1989,849900,924913,1.03,1950,474.31,2,3,3,2,2,37,-33595,0.92,-0.08
98022,7,2019,875051,874935,1,1370,638.64,1,3,2,1,2,7,116,1,0
98373,7,2000,580050,579870,1,2140,270.97,2,3,3,2,2,26,180,1,0
98444,7,1963,540051,547940,1.01,2320,236.18,2,3,3,1,2,63,-7889,0.99,-0.01
98264,7,1948,509576,519578,1.02,2480,209.51,1,2,2,1,2,78,-10002,0.98,-0.02
99205,7,1954,334945,335054,1,1440,232.68,1,4,2,2,2,72,-109,1,0
98004,8,2025,1222787,1462187.5,1,1580,680.56,2,3,3,1,2,1,141,0.84,-0.16
98584,7,1993,449584,458249,1.02,1590,288.21,1,3,2,1,2,33,-8665,0.98,-0.02
99026,7,2007,479087,475100,0.99,1810,324.3,2,3,2,2,2,19,3987,1.01,0.01
98662,7,2021,468944,469092,1,1800,260.61,2,3,2,2,2,5,-148,1,0
98405,7,1910,474901,510079,1.03,1380,369.62,2,3,2,1,2,116,-33595,0.93,-0.07
99301,7,2025,515929,515899,1,2450,210.57,2,4,3,2,2,1,30,1,0
98281,3,1992,67834,67809,1,1810,324.3,2,3,2,2,2,34,25,1,0
98036,7,2007,1124935,1059943,0.96,2500,423.98,2,3,3,2,2,19,43901,1.06,0.06
98642,7,2026,644827,644813,1,1920,335.84,1,3,2,2,2,0,14,1,0
98367,7,2026,614009,614019,1,1960,313.27,1,3,2,2,2,0,-10,1,0
98682,7,1978,450071,450093,1,1020,441.27,1,3,1,1,2,48,-22,1,0
98027,0,1990,450060,437906,0.97,990,442.33,1,2,2,1,2,36,12154,1.03,0.03
98036,7,1985,1025052,1054902,1.03,1910,552.3,1,3,2,2,2,41,-29850,0.97,-0.03
98121,0,2009,625068,599073,0.96,890,673.12,1,1.5,1,2,2,17,25995,1.04,0.04
98661,7,1946,400084,400059,1,880,454.61,1,2,1,1,2,80,25,1,0
98004,7,1988,1222787,1462187.5,0.96,3865,680.56,2,5,4.5,2,2,38,43901,0.84,-0.16
99338,7,2023,409968,409958,1,1410,290.75,1,3,2,2,2,3,10,1,0
98548,7,1994,308934,300100,0.97,1150,260.96,1,2,2,1,2,32,8834,1.03,0.03
98229,3,1992,15910,13029,0.96,1810,324.3,2,3,2,2,2,34,2881,1.22,0.22
98248,7,1915,415084,414933,1,720,576.3,1,2,1,2,2,111,151,1,0
98052,7,2010,1222787,1462187.5,1,2710,680.56,2,4,3,2,2,16,-20,0.84,-0.16
98370,7,1997,770095,770057,1,2690,286.27,2,4,3,2,2,29,38,1,0
98208,7,1987,700041,756079,1.03,1820,415.43,3,3,3,1,2,39,-33595,0.93,-0.07
98223,7,2002,544903,544929,1,1250,435.94,1,3,2,2,2,24,-26,1,0
98407,7,1955,699924,698910,1,1910,365.92,1,4,3,2,2,71,1014,1,0
98012,7,2005,1222787,1244949,1,2480,502,2,4,3,2,2,21,121,0.98,-0.02
98248,7,2012,514934,515097,1,1160,444.05,1,3,2,1,2,14,-163,1,0
98661,0,2001,486939,486947,1,1340,363.39,3,3,2,2,2,25,-8,1,0
98146,7,1984,775088,800071,1.03,1930,414.54,3,4,3,2,2,42,-24983,0.97,-0.03
98632,7,1978,334914,335067,1,1150,291.36,1,3,1,1,2,48,-153,1,0
98033,0,1995,1098790,1098966,1,1680,654.15,1,3,2,2,2,31,-176,1,0
99006,7,2022,382058,374917,0.98,1240,302.35,2,3,2,2,2,4,7141,1.02,0.02
98338,7,1988,469075,464240,0.99,1000,464.24,1,3,2,1,2,38,4835,1.01,0.01
98366,7,1969,470061,474925,1.01,1420,334.45,1,3,2,1,2,57,-4864,0.99,-0.01
98360,7,2002,445085,449923,1.01,1500,299.95,1,3,2,1,2,24,-4838,0.99,-0.01
98122,7,1909,1222787,1462187.5,1.03,2470,655.44,2,4,3,1,2,117,-33595,0.84,-0.16
98531,7,1920,313943,313949,1,1060,296.18,1,2,1,1,2,106,-6,1,0
98391,7,2026,900029,900009,1,2730,329.67,2,4,3,2,2,0,20,1,0
99205,7,1909,319994,319825,1,1750,182.76,2,4,2,2,2,117,169,1,0
98499,7,1944,519804,527937,1.02,2020,261.35,1,4,2,1,2,82,-8133,0.98,-0.02
98346,7,2015,649846,639923,0.98,2440,262.26,1,3,2,2,2,11,9923,1.02,0.02
98292,7,2026,699929,699937,1,2700,259.24,2,5,3,1,2,0,-8,1,0
98133,7,1963,880057,844913,0.96,2160,391.16,2,5,4,2,2,63,35144,1.04,0.04
98596,7,2000,698935,678059,0.97,2820,240.45,2,3,4,3,2,26,20876,1.03,0.03
98513,7,1979,534923,534917,1,1860,287.59,2,3,3,1,2,47,6,1,0
98258,0,1984,379936,370092,0.97,1060,349.14,1,3,1,1,2,42,9844,1.03,0.03
98372,7,1949,514937,510068,0.99,1390,366.96,1,3,2,2,2,77,4869,1.01,0.01
98409,7,1967,389874,410057,1.03,1120,366.12,1,3,1,1,2,59,-20183,0.95,-0.05
98405,7,1909,449448,454950,1.01,1110,409.86,2,3,1,1,2,117,-5502,0.99,-0.01
98022,7,2025,759938,754932,0.99,2400,314.56,2,4,3,2,2,1,5006,1.01,0.01
98641,7,2011,419050,399945,0.96,430,680.56,2,1.5,1,1,2,15,19105,1.05,0.05
98052,7,1968,1222787,1395094,1,1940,680.56,1,3,2,1,2,58,-148,0.88,-0.12
98264,7,1959,525022,516901,0.98,1400,369.22,1,3,1,1,2,67,8121,1.02,0.02
98848,7,1955,358093,354900,0.99,1480,239.8,1,4,3,1,2,71,3193,1.01,0.01
98682,7,2025,569989,569997,1,1850,308.11,2,3,2,2,2,1,-8,1,0
98387,7,2020,580055,580079,1,2620,221.4,2,4,3,2,2,6,-24,1,0
98382,7,1973,398949,399066,1,830,480.8,2,1.5,1,1,2,53,-117,1,0
98338,7,2002,690067,697928,1.01,2200,317.24,1,3,3,1,2,24,-7861,0.99,-0.01
99016,7,2008,459917,450063,0.98,1310,343.56,1,3,2,2,2,18,9854,1.02,0.02
98902,7,1935,289912,285092,0.98,1420,200.77,2,2,2,1,2,91,4820,1.02,0.02
98225,7,2017,574909,565072,0.98,1000,565.07,2,2,2,1,2,9,9837,1.02,0.02
98682,7,1975,419933,419931,1,1010,415.77,1,3,2,2,2,51,2,1,0
98374,7,2005,465058,467085,1,1520,307.29,2,3,3,2,2,21,-2027,1,0
98569,7,1971,329949,315069,0.96,1420,221.88,1,3,2,2,2,55,14880,1.05,0.05
98118,7,1947,674943,735068,1.03,1740,422.45,1,3,2,1,2,79,-33595,0.92,-0.08
98548,7,1970,200053,200061,1,1220,163.98,2,1.5,2,1,2,56,-8,1,0
98042,7,2025,795043,795003,1,2330,341.2,2,5,3,2,2,1,40,1,0
98408,7,1952,529063,520051,0.98,1660,313.28,1,4,2,1,2,74,9012,1.02,0.02
98391,7,2010,689909,705070,1.02,2960,238.2,2,4,3,2,2,16,-15161,0.98,-0.02
98001,7,1983,565078,557600,0.99,1180,472.54,1,3,2,2,2,43,7478,1.01,0.01
99006,7,2025,369918,370058,1,1500,246.71,2,3,3,2,2,1,-140,1,0
98406,7,1909,430073,419918,0.98,900,466.58,1,3,1,1,2,117,10155,1.02,0.02
98626,4,2005,129091,123934,0.96,1220,101.59,1,3,2,1,2,21,5157,1.04,0.04
98607,7,2026,799848,799835,1,2670,299.56,2,4,3,3,2,0,13,1,0
98660,7,2005,409946,409942,1,1270,322.79,1,3,2,2,2,21,4,1,0
99337,7,1954,260071,250078,0.96,2130,117.41,1,5,2,2,2,72,9993,1.04,0.04
98092,7,1994,710070,710083,1,1930,367.92,2,4,3,2,2,32,-13,1,0
98388,7,1965,789873,754767,0.96,3070,245.85,1,5.5,3,1,2,61,35106,1.05,0.05
98029,0,2005,399863,404924,1.01,960,421.8,1,2,2,2,2,21,-5061,0.99,-0.01
98126,7,1949,625079,613074,0.98,780,680.56,1,2,1,1,2,77,12005,1.02,0.02
98801,7,1987,569974,584937,1,2030,288.15,2,3,2,2,2,39,-14963,0.97,-0.03
98516,7,2006,564934,569915,1.01,2010,283.54,2,4,3,2,2,20,-4981,0.99,-0.01
98029,7,1988,1222787,1419922,1.02,2310,614.68,2,4,3,2,2,38,-21834,0.86,-0.14
98122,0,2026,624060,618947,0.99,1000,618.95,2,2,2,1,2,0,5113,1.01,0.01
98272,7,1996,609925,610075,1,1770,344.68,3,4,3,1,2,30,-150,1,0
98584,7,2003,449423,439931,0.98,1340,328.31,1,3,2,1,2,23,9492,1.02,0.02
98033,7,2025,1222787,1462187.5,1,2340,680.56,2,5,3,2,2,1,2,0.84,-0.16
99016,7,2025,510076,510055,1,1570,324.88,1,3,2,2,2,1,21,1,0
98275,0,1999,868927,869098,1,1710,508.24,2,2,3,2,2,27,-171,1,0
98003,7,1967,529885,530031,1,1180,449.18,1,4,2,1,2,59,-146,1,0
98028,7,1981,1222787,1462187.5,0.99,2840,609.17,2,5,3,3,2,45,17350,0.84,-0.16
98629,7,2026,592282,592282,1,1650,358.96,1,3,2,2,2,0,0,1,0
98292,7,2026,698056,697900,1,2700,258.48,2,5,3,1,2,0,156,1,0
98584,7,1930,328919,335062,1.02,1160,288.85,1,2,1,1,2,96,-6143,0.98,-0.02
98059,7,1968,724940,754915,1.03,1560,483.92,1,4,2,2,2,58,-29975,0.96,-0.04
98374,7,1977,479917,478911,1,1690,283.38,2,3,2,2,2,49,1006,1,0
98005,0,1986,470088,470085,1,860,546.61,3,2,2,1,2,40,3,1,0
98272,7,2015,600049,599896,1,1800,333.28,2,4,3,2,2,11,153,1,0
98116,7,1909,799894,749931,0.96,1100,680.56,1,1.5,1,1,2,117,43901,1.07,0.07
98563,7,1976,400087,349933,0.96,1240,282.2,1,3,2,2,2,50,43901,1.14,0.14
98908,7,1972,375054,374933,1,1540,243.46,1,3,2,2,2,54,121,1,0
98070,7,1954,449933,475906,1.03,1410,337.52,1,2,1,2,2,72,-25973,0.95,-0.05
98055,7,1990,750058,749950,1,1870,401.04,2,4,3,2,2,36,108,1,0
99352,7,1952,569974,349923,1,1480,236.43,1,3,1,1,2,74,43901,1.63,0.63
98801,7,1926,325058,325100,1,2020,160.94,1,4,2,1,2,100,-42,1,0
98382,7,2026,490002,489856,1,1440,340.18,1,2,2,2,2,0,146,1,0
98498,7,1949,400041,418080,1.03,1150,363.55,2,4,1,1,2,77,-18039,0.96,-0.04
98052,0,1980,544947,525100,0.96,1120,468.84,1,2,2,1,2,46,19847,1.04,0.04
99202,7,1946,329970,328930,1,1570,209.51,2,4,2,2,2,80,1040,1,0
98033,7,2025,1222787,1462187.5,0.96,2120,680.56,2,4,3,2,2,1,43901,0.84,-0.16
98506,7,2025,739895,740072,1,3410,217.03,2,4,3,2,2,1,-177,1,0
98270,7,2000,674907,674948,1,1880,359.01,2,4,3,2,2,26,-41,1,0
98446,7,2016,580006,579898,1,2480,233.83,2,5,3,2,2,10,108,1,0
99205,7,1947,300000,302905,1.01,1780,170.17,1,3,1,1,2,79,-2905,0.99,-0.01
99156,7,1992,325083,302058,0.96,1680,179.8,1,2,2,1,2,34,23025,1.08,0.08
99037,7,2026,450009,449882,1,1670,269.39,1,3,2,3,2,0,127,1,0
98903,7,2026,408918,408909,1,1150,355.57,1,3,2,2,2,0,9,1,0
98367,7,2025,871091,809074,0.96,3120,259.32,2,4,3,2,2,1,43901,1.08,0.08
98356,7,1965,348930,356424,1.02,1530,232.96,1,4,2,1,2,61,-7494,0.98,-0.02
98271,0,2003,509941,511901,1,960,533.23,1,3,2,2,2,23,-1960,1,0
98661,7,2024,529994,529810,1,1490,355.58,1,3,2,2,2,2,184,1,0
98686,7,1978,489902,489902,1,1330,368.35,1,3,2,2,2,48,0,1,0
98802,7,2024,682999,682983,1,1800,379.44,1,3,2,2,2,2,16,1,0
98383,7,2025,699892,712901,1.02,2680,266.01,2,4,3,2,2,1,-13009,0.98,-0.02
99217,7,2025,500084,483410,0.97,1570,307.9,1,3,2,2,2,1,16674,1.03,0.03
98003,7,1984,475073,541923,1.03,2030,266.96,2,3,3,1,2,42,-33595,0.88,-0.12
98512,7,1979,435059,434909,1,1410,308.45,2,3,2,2,2,47,150,1,0
98498,0,1975,199869,193094,0.97,770,250.77,1,1.5,1,1,2,51,6775,1.04,0.04
98203,0,2003,320061,315053,0.98,880,358.01,3,2,2,1,2,23,5008,1.02,0.02
98271,0,2003,569974,512096,1,960,533.43,1,3,2,2,2,23,43901,1.11,0.11
98226,0,2005,364917,324915,0.96,1330,244.3,1,2,2,2,2,21,40002,1.12,0.12
98058,7,1990,779852,800095,1.03,1840,434.83,1,3,2,2,2,36,-20243,0.97,-0.03
99350,7,1978,379064,388914,1.03,1910,203.62,1,3,2,1,2,48,-9850,0.97,-0.03
99301,7,1949,264938,254903,0.96,740,344.46,1,2,1,1,2,77,10035,1.04,0.04
98409,7,1909,259087,232564,0.96,1140,204,2,2,1,1,2,117,26523,1.11,0.11
99337,7,2022,569974,439941,1,1470,299.28,2,3,0.5,2,2,4,43901,1.3,0.3
98292,7,2026,689917,689936,1,2700,255.53,2,5,3,1,2,0,-19,1,0
98002,7,1953,490078,474938,0.97,1810,262.4,1,2,2,1,2,73,15140,1.03,0.03
98661,7,1942,300457,300595,1,700,429.42,1,2,1,1,2,84,-138,1,0
98168,0,2004,249930,250072,1,960,260.49,1,1.5,1,1,2,22,-142,1,0
98201,7,2013,698908,699940,1,1550,451.57,1,3,2,2,2,13,-1032,1,0
98629,7,2021,439832,439958,1,1320,333.3,1,3,2,2,2,5,-126,1,0
98277,7,2025,684864,685026,1,2500,274.01,2,4,3,2,2,1,-162,1,0
98007,0,1978,220073,220090,1,680,323.66,1,1.5,1,1,2,48,-17,1,0
98626,7,1916,407551,407556,1,1930,211.17,2,4,2,2,2,110,-5,1,0
98244,7,1948,164823,159924,0.97,1980,80.77,2,3,2,1,2,78,4899,1.03,0.03
98270,7,1992,569974,714917,1,2060,347.05,2,4,3,2,2,34,-33595,0.8,-0.2
98058,7,1968,700097,768085,1.03,2030,378.37,1,4,2,2,2,58,-33595,0.91,-0.09
99217,7,2026,585615,595836,1.02,1980,300.93,1,4,2,2,2,0,-10221,0.98,-0.02
98683,7,1977,469932,469913,1,1330,353.32,1,3,2,2,2,49,19,1,0
98373,7,2025,700064,700041,1,2740,255.49,2,5,3,2,2,1,23,1,0
98405,0,1980,234981,220062,0.96,720,305.64,1,2,1,1,2,46,14919,1.07,0.07
98901,7,2019,421063,420934,1,1770,237.82,2,3,3,2,2,7,129,1,0
98033,0,2025,1222787,1462187.5,0.96,1590,680.56,2,3,3,1,2,1,43901,0.84,-0.16
98944,7,1940,265071,259941,0.98,1060,245.23,1,2,1,1,2,86,5130,1.02,0.02
98273,7,2025,799927,806401,1.01,2730,295.38,2,4,3,2,2,1,-6474,0.99,-0.01
98908,0,1992,329588,329400,1,1500,219.6,1,2,2,2,2,34,188,1,0
98513,7,2026,639940,640093,1,2540,252.01,2,5,3,2,2,0,-153,1,0
98524,7,1977,569974,247435,1,1200,206.2,1,3,2,2,2,49,43901,2.3,1.3
98332,7,2026,1222787,1462187.5,1.03,3660,449.55,2,4,3,2,2,0,-33595,0.84,-0.16
99224,7,2025,514912,515051,1,2210,233.05,2,4,3,2,2,1,-139,1,0
98944,7,1945,221058,220911,1,730,302.62,1,3,1,1,2,81,147,1,0
98404,7,2022,625019,629940,1.01,1880,335.07,2,4,3,2,2,4,-4921,0.99,-0.01
99019,7,2025,389862,390032,1,1700,229.43,2,3,3,2,2,1,-170,1,0
98584,7,1920,200063,160069,0.96,660,242.53,1,2,1,2,2,106,39994,1.25,0.25
98056,7,1943,597944,591911,0.99,1440,411.05,1,4,2,2,2,83,6033,1.01,0.01
98506,7,1971,660076,660080,1,3865,144.12,1,3,2,1,2,55,-4,1,0
99301,7,2026,395792,395771,1,1210,327.08,1,3,2,1,2,0,21,1,0
98033,7,1982,1222787,1335089,1.01,1830,680.56,2,3,2,1,2,44,-10023,0.92,-0.08
99301,7,2005,569974,235902,1,1240,190.24,1,3,2,2,2,21,43901,2.42,1.42
98601,7,1959,569974,349932,1,1280,273.38,1,2,1,1,2,67,43901,1.63,0.63
98030,7,2026,729868,729874,1,2150,339.48,2,5,3,1,2,0,-6,1,0
98682,7,2004,579084,579081,1,2270,255.1,2,3,2,2,2,22,3,1,0
99362,7,2026,432354,432538,1,1410,306.76,1,3,2,2,2,0,-184,1,0
98290,7,1993,569974,1165074,1,3010,387.07,2,4,3,3,2,33,-33595,0.49,-0.51
98012,7,1996,900068,967069,1.03,1990,485.96,2,3,3,2,2,30,-33595,0.93,-0.07
98815,7,1957,569974,390093,1,950,410.62,1,2,1,1,2,69,43901,1.46,0.46
98247,7,1976,569974,1462187.5,1,1960,680.56,1,4,2,2,2,50,-33595,0.39,-0.61
98026,7,1977,655060,736921,1.03,2190,336.49,2,3,2,1,2,49,-33595,0.89,-0.11
98034,7,2003,1222787,1462187.5,0.98,2190,680.56,2,3,3,2,2,23,29865,0.84,-0.16
99301,7,2025,445095,444936,1,1500,296.62,1,4,2,1,2,1,159,1,0
98407,7,1989,494911,494927,1,1130,437.99,1,2,2,1,2,37,-16,1,0
98021,7,1968,569974,499915,1,1290,387.53,1,3,2,1,2,58,43901,1.14,0.14
98026,7,1962,569974,819916,1,2350,348.9,1,3,2,2,2,64,-33595,0.7,-0.3
99204,7,1909,750058,725091,0.97,3865,133.53,3.5,5.5,4.5,3,2,117,24967,1.03,0.03
98408,7,1962,439808,439849,1,1330,330.71,1,3,2,2,2,64,-41,1,0
99006,7,1998,1222787,1289927,0.96,3640,354.38,1,4,3,3,2,28,43901,0.95,-0.05
99352,7,2026,457502,457533,1,1570,291.42,1,3,2,2,2,0,-31,1,0
98671,7,2004,569974,224632,1,1350,166.39,1,3,2,2,2,22,43901,2.54,1.54
98282,7,2000,569974,450057,1,1610,279.54,1,3,2,2,2,26,43901,1.27,0.27
98321,7,2025,725064,725084,1,2700,268.55,2,4,3,2,2,1,-20,1,0
98208,0,1992,569974,405950,1,1810,324.3,2,3,0.5,2,2,34,43901,1.4,0.4
98058,7,1967,825097,824940,1,2050,402.41,2,4,2,1,2,59,157,1,0
98908,5,2025,864926,841907,0.97,3430,245.45,2,3,4.5,3.5,2,1,23019,1.03,0.03
98823,7,2025,544963,544926,1,2080,261.98,1,4,2,2,2,1,37,1,0
98903,7,2026,580142,580110,1,3200,181.28,2,4,3,2,2,0,32,1,0
98371,7,2015,1222787,1349920,1,3250,415.36,2,5.5,4,3,2,11,140,0.91,-0.09
99323,7,2014,559826,542919,0.97,1500,361.95,1,3,2,1,2,12,16907,1.03,0.03
98604,7,2025,635079,635077,1,2400,264.62,2,4,2,2,2,1,2,1,0
98406,7,1950,539427,567576,1.03,1130,502.28,1,2,1,1,2,76,-28149,0.95,-0.05
99336,7,1968,569974,589924,1,2650,222.61,1,3,2,2,2,58,-19950,0.97,-0.03
99208,7,2001,595065,589936,0.99,2940,200.66,3.5,5,3,3,2,25,5129,1.01,0.01
99350,3,1992,100984,100093,0.99,1810,324.3,2,3,2,2,2,34,891,1.01,0.01
99122,7,1978,375051,370068,0.99,1680,220.28,1,3,2,2,2,48,4983,1.01,0.01
98030,7,2026,719890,722710,1,2060,350.83,2,4,3,1,2,0,-2820,1,0
98051,7,2023,1222787,1462187.5,0.96,3865,529.93,2,4,4.5,2,2,3,43901,0.84,-0.16
98629,7,2025,874845,874977,1,3030,288.77,2,5,2,2,2,1,-132,1,0
99216,7,1950,450071,450081,1,2060,218.49,1,5,3,2,2,76,-10,1,0
98026,7,1964,949940,984948,1.03,2250,437.75,3,4,3,1,2,62,-33595,0.96,-0.04
98266,7,2023,569974,430066,1,1480,290.59,1,3,2,2,2,3,43901,1.33,0.33
99005,7,2008,599071,579928,0.97,2930,197.93,2,5.5,3,3.5,2,18,19143,1.03,0.03
98550,7,1949,338924,329930,0.97,1490,221.43,1,2,2,1,2,77,8994,1.03,0.03
98221,7,1982,1050058,1010096,0.96,2790,362.04,1,3,3,2,2,44,39962,1.04,0.04
98922,3,1992,400053,400095,1,1810,324.3,2,3,2,2,2,34,-42,1,0
98686,7,2009,594944,595086,1,2310,257.61,2,4,2,2,2,17,-142,1,0
98294,7,2022,574917,584933,1.02,1770,330.47,2,3,3,2,2,4,-10016,0.98,-0.02
98662,7,1995,568907,569052,1,2020,281.71,3,4,3,3,2,31,-145,1,0
98926,7,2005,445939,435712,0.98,2380,183.07,2,4,3,2,2,21,10227,1.02,0.02
98684,7,1990,549966,549805,1,2030,270.84,2,4,2,2,2,36,161,1,0
99001,7,2025,405062,404921,1,1740,232.71,1,4,3,2,2,1,141,1,0
99118,7,2012,399968,375408,0.96,1630,230.31,1,2,2,2,2,14,24560,1.07,0.07
98620,7,1970,400012,400047,1,1460,274,1,3,2,2,2,56,-35,1,0
98391,7,2025,1200002,1200027,1,3690,325.21,2,5.5,4,3,2,1,-25,1,0
98075,7,2004,1222787,1462187.5,1.03,3440,570.37,2,5,4,2,2,22,-33595,0.84,-0.16
98310,7,1963,460068,465051,1.01,1510,307.98,1,3,2,1,2,63,-4983,0.99,-0.01
98122,0,1990,269933,255088,0.96,500,510.18,1,1.5,1,1,2,36,14845,1.06,0.06
98374,7,2025,642463,659763,1.03,2560,257.72,2,4,3,2,2,1,-17300,0.97,-0.03
98118,7,1909,1222787,1405057,1.01,2380,590.36,2,4,3,1,2,117,-16154,0.87,-0.13
98250,7,2004,1222787,1462187.5,1,2340,680.56,2,3,3,2,2,22,-29,0.84,-0.16
98902,7,1966,379071,379099,1,1680,225.65,2,4,2,2,2,60,-28,1,0
99338,4,1995,489940,489934,1,1790,273.71,1,3,2,2,2,31,6,1,0
98270,7,2025,720080,705724,0.98,2080,339.29,2,3,3,2,2,1,14356,1.02,0.02
98642,7,2026,979095,979082,1,3120,313.81,2,3,3,3,2,0,13,1,0
99019,3,1992,449849,439968,0.98,1810,324.3,2,3,2,2,2,34,9881,1.02,0.02
99362,7,1946,569974,800096,1,2370,337.59,2,4,4,3.5,2,80,-33595,0.71,-0.29
98686,7,1992,704085,703916,1,2260,311.47,2,4,2,2,2,34,169,1,0
98208,0,1994,399895,405932,1.02,1270,319.63,1,3,2,2,2,32,-6037,0.99,-0.01
99208,7,1977,588412,571437,0.97,3620,157.86,1,4,3,3,2,49,16975,1.03,0.03
98270,7,2026,924935,925093,1,2780,332.77,2,5,3,2,2,0,-158,1,0
99019,7,2026,369898,370030,1,1530,241.85,2,3,3,2,2,0,-132,1,0
98248,0,2015,235005,232096,0.99,1140,203.59,2,1.5,1,2,2,11,2909,1.01,0.01
98597,7,2009,384927,387433,1.01,950,407.82,1,2,2,2,2,17,-2506,0.99,-0.01
98382,7,2000,515081,499949,0.97,1520,328.91,2,3,2,2,2,26,15132,1.03,0.03
98607,7,2025,1222787,1462187.5,1,3440,444.8,2,5,3,3,2,1,-25,0.84,-0.16
98026,7,1994,1222787,1462187.5,1.03,3690,532.5,2,4,4,3,2,32,-33595,0.84,-0.16
99205,7,1950,419840,418907,1,2360,177.5,1,5,2,2,2,76,933,1,0
98032,8,1998,649857,649864,1,1780,365.09,2,4,3,2,2,28,-7,1,0
98362,4,1977,298901,298939,1,1900,157.34,2,4,2,2,2,49,-38,1,0
98375,7,2005,620087,615088,0.99,3210,191.62,2,5,4,3,2,21,4999,1.01,0.01
98023,7,1968,1222787,1149946,0.96,3300,348.47,1,4,3,2,2,58,43901,1.06,0.06
99320,7,2018,799091,812070,1.02,2970,273.42,1,4,3,2,2,8,-12979,0.98,-0.02
98375,7,1987,479865,480068,1,1100,436.43,1,3,2,1,2,39,-203,1,0
98661,7,1942,359924,360083,1,700,514.4,1,2,1,1,2,84,-159,1,0
98321,7,2002,774943,774923,1,2190,353.85,1,4,3,2,2,24,20,1,0
98546,7,1941,569974,210081,1,1870,112.34,1,1.5,1,1,2,85,43901,2.71,1.71
98604,7,2022,559828,559826,1,1760,318.08,1,4,2,2,2,4,2,1,0
98903,7,2025,378938,378903,1,1400,270.64,2,3,3,2,2,1,35,1,0
98012,8,2020,744940,744942,1,1690,440.79,2,3,3,2,2,6,-2,1,0
98516,7,2006,698930,698914,1,2130,328.13,1,3,3,2,2,20,16,1,0
98383,7,2025,800043,799938,1,2830,282.66,2,4,3,2,2,1,105,1,0
99203,7,1951,390066,400054,1.03,1680,238.13,1,3,2,2,2,75,-9988,0.98,-0.02
98032,8,1998,479827,480086,1,1550,309.73,2,2,3,1,2,28,-259,1,0
98001,7,1963,700097,710058,1.01,2150,330.26,2,5,2,1,2,63,-9961,0.99,-0.01
98942,7,1998,500054,510089,1.02,2260,225.7,1,3,2,2,2,28,-10035,0.98,-0.02
98027,7,1930,569974,974056,1,1680,579.8,2,3,1,1,2,96,-33595,0.59,-0.41
98370,2,1936,1222787,1249943,0.96,3865,301.92,2,3,2,1,2,90,43901,0.98,-0.02
98230,7,1973,497591,507097,1.02,1220,415.65,1,3,2,1,2,53,-9506,0.98,-0.02
98230,7,1951,600097,629941,1.03,3110,202.55,2,5,4,3,2,75,-29844,0.95,-0.05
98502,7,2005,539942,544904,1.01,2220,245.45,3,4,3,2,2,21,-4962,0.99,-0.01
98117,8,2017,929910,929933,1,1860,499.96,2,4,3,2,2,9,-23,1,0
98661,4,1995,152099,152090,1,1130,134.59,1,2,2,2,2,31,9,1,0
98901,4,1996,525066,525097,1,2620,200.42,2,3,3,3,2,30,-31,1,0
98208,4,1987,244925,245055,1,1620,151.27,1,3,2,2,2,39,-130,1,0
98374,7,2025,725027,743716,1.03,2560,290.51,2,3,3,2,2,1,-18689,0.97,-0.03
99324,7,1963,569974,450079,1,2440,184.46,1,3,2,2,2,63,43901,1.27,0.27
98038,8,2021,718886,720094,1,2270,317.22,2,4,3,2,2,5,-1208,1,0
98008,7,1961,1222787,1462187.5,1.03,2920,538.68,1,5,3,1,2,65,-33595,0.84,-0.16
98829,4,1977,179802,149941,0.96,1340,111.9,1,3,2,2,2,49,29861,1.2,0.2
98661,8,2006,474931,474932,1,1820,260.95,2,3,2,2,2,20,-1,1,0
99336,7,1963,420091,419940,1,1900,221.02,2,4,3,1,2,63,151,1,0
98203,7,1963,1194930,1150063,0.96,3390,339.25,1,4,3,2,2,63,43901,1.04,0.04
98372,4,1984,84860,85006,1,1060,80.19,1,2,2,2,2,42,-146,1,0
98642,7,2004,503029,505908,1.01,2160,234.22,2,4,3,2,2,22,-2879,0.99,-0.01
98532,7,2008,895073,895090,1,2300,389.17,2,4,3,2,2,18,-17,1,0
98020,7,2015,1222787,1462187.5,0.97,2920,599.3,2,4,4,3,2,11,43901,0.84,-0.16
98626,7,2008,839983,820077,0.98,3865,201.99,2,4,3,3,2,18,19906,1.02,0.02
98367,7,2007,725066,725082,1,3010,240.89,2,5,3,2,2,19,-16,1,0
99208,7,1977,575061,555918,0.97,3500,158.83,1,5,3,3,2,49,19143,1.03,0.03
98092,7,1994,699940,699899,1,2040,343.09,2,4,3,2,2,32,41,1,0
98374,7,1989,620000,625082,1.01,2220,281.57,2,4,3,2,2,37,-5082,0.99,-0.01
98087,7,2026,1222787,1270035,1,2660,477.46,2,5,3,2,2,0,-30,0.96,-0.04
98513,7,2001,475090,464949,0.98,1830,254.07,2,3,3,2,2,25,10141,1.02,0.02
98059,7,2006,1198906,1219946,1.02,2850,428.05,2,4,4,2,2,20,-21040,0.98,-0.02
98052,7,1985,1222787,1462187.5,1,3070,680.56,2,4,3,1,2,41,-132,0.84,-0.16
98926,5,1990,458920,445096,0.97,1870,238.02,2,4,4,2,2,36,13824,1.03,0.03
98023,7,1994,1089921,1089930,1,3820,285.32,2,4,4.5,3,2,32,-9,1,0
98105,1,1928,308682,290082,0.96,570,508.92,2,1.5,1,1,2,98,18600,1.06,0.06
98367,7,2003,690084,660060,0.96,1700,388.27,1,2,3,2,2,23,30024,1.05,0.05
98092,7,1986,830020,830023,1,2140,387.86,2,3,3,2,2,40,-3,1,0
99212,7,1930,349472,349488,1,1770,197.45,2,4,2,2,2,96,-16,1,0
98112,7,1913,1189928,1032583,0.96,1740,593.44,2,3,2,1,2,113,43901,1.15,0.15
98270,7,1966,660040,650055,0.98,1600,406.28,1,3,3,1,2,60,9985,1.02,0.02
98612,7,2022,536482,536306,1,1720,311.81,1,3,2,2,2,4,176,1,0
98199,7,1941,1222787,1462187.5,1,2980,563.73,1,4,2,1,2,85,-4834,0.84,-0.16
98822,4,1997,338903,345074,1.02,1190,289.98,1,3,2,2,2,29,-6171,0.98,-0.02
98632,7,1949,339990,337433,0.99,1130,298.61,1,2,2,2,2,77,2557,1.01,0.01
98292,4,2016,664903,675077,1.02,1820,370.92,1,3,3,2,2,10,-10174,0.98,-0.02
98296,8,2026,744908,739910,0.99,1880,393.57,2,4,4,1,2,0,4998,1.01,0.01
99352,7,2025,533721,533717,1,2210,241.5,2,4,3,3,2,1,4,1,0
98006,7,2004,1222787,1462187.5,1,3330,566.59,2,5,4,2,2,22,-38,0.84,-0.16
98499,5,1995,649934,669947,1.03,2430,275.7,2,5.5,4,2,2,31,-20013,0.97,-0.03
98199,7,2025,1222787,1462187.5,0.97,3865,680.56,2,5,4.5,2,2,1,43901,0.84,-0.16
98109,0,1991,424927,414910,0.98,830,499.89,1,2,1,1,2,35,10017,1.02,0.02
98112,8,2018,1195099,1099911,0.96,1560,680.56,2,3,3,2,2,8,43901,1.09,0.09
99403,7,1921,349078,568006,1,2940,324.3,2,5,3,3,2,105,-33595,0.61,-0.39
98370,7,1979,505069,500058,0.99,1540,324.71,2,3,3,2,2,47,5011,1.01,0.01
98003,7,1979,750023,754930,1.01,2080,362.95,1,3,3,2,2,47,-4907,0.99,-0.01
98683,8,2025,380816,380941,1,1390,274.06,2,3,2,2,2,1,-125,1,0
98270,7,2019,898917,899069,1,3080,291.91,2,5,3,2,2,7,-152,1,0
98295,7,1972,874567,850078,0.97,2510,338.68,2,4,3,2,2,54,24489,1.03,0.03
98103,7,1978,1075078,1008064,0.96,1590,634,2,2,2,1,2,48,43901,1.07,0.07
99336,7,1978,479068,480056,1,1440,333.37,2,3,3,3,2,48,-988,1,0
98311,7,1991,489934,475070,0.97,1510,314.62,2,4,3,2,2,35,14864,1.03,0.03
98045,7,2025,1222787,1462187.5,0.97,3865,506.81,2,5,4.5,3,2,1,43901,0.84,-0.16
98382,7,2006,999567,983419,0.98,2490,394.95,2,2,3,1,2,20,16148,1.02,0.02
98284,7,1944,375053,374934,1,1190,315.07,2,3,1,1,2,82,119,1,0
98166,7,1959,1222787,1425065,1.02,3100,459.7,2,4,3,2,2,67,-25135,0.86,-0.14
98686,7,2025,772823,772821,1,3400,227.3,2,4,3,3,2,1,2,1,0
98146,0,1967,617446,610942,0.99,1140,535.91,1,2,2,1,2,59,6504,1.01,0.01
98926,0,1973,315065,315092,1,1470,214.35,2,2,3,1,2,53,-27,1,0
99001,7,2021,395058,400094,1.01,1410,283.75,2,3,2,1,2,5,-5036,0.99,-0.01
99337,0,2003,450075,449949,1,2040,220.56,2,3,3,2,2,23,126,1,0
98178,5,1962,900081,849901,0.96,3610,235.43,2,4,3,2,2,64,43901,1.06,0.06
98023,7,1977,698901,725051,1.03,2350,308.53,1,3,3,1,2,49,-26150,0.96,-0.04
98826,7,2010,970069,919927,0.96,2410,381.71,2,3,3,3,2,16,43901,1.05,0.05
98258,7,1968,618906,619084,1,1160,533.69,1,3,2,1,2,58,-178,1,0
98026,7,1986,1154940,1155066,1,1970,586.33,3,4,3,1,2,40,-126,1,0
98034,7,1962,1222787,1298060,1,1880,680.56,2,4,3,1,2,64,29,0.94,-0.06
98270,0,1979,422422,422552,1,1440,293.44,1,3,2,1,2,47,-130,1,0
98296,7,2005,1149912,1125087,0.98,3140,358.31,2,4,3,2,2,21,24825,1.02,0.02
98642,7,2025,703548,703409,1,2680,262.47,2,4,3,3,2,1,139,1,0
98250,7,1956,1222787,1462187.5,0.96,2670,680.56,1,4,4,2,2,70,43901,0.84,-0.16
99362,7,1926,575063,550070,0.96,2160,254.66,2,3,3,2,2,100,24993,1.05,0.05
98513,0,1980,178924,176401,0.99,120,680.56,1,1.5,1,2,2,46,2523,1.01,0.01
98516,7,1994,595092,583203,0.98,1950,299.08,1,3,2,2,2,32,11889,1.02,0.02
99301,7,2017,729099,718091,0.98,2560,280.5,1,3,3,2,2,9,11008,1.02,0.02
98270,7,1962,599903,599913,1,1740,344.78,1,3,2,2,2,64,-10,1,0
99336,4,1986,312909,309577,0.99,1400,221.13,1,3,2,2,2,40,3332,1.01,0.01
98387,7,1997,450080,474933,1.03,2100,226.16,2,4,3,3,2,29,-24853,0.95,-0.05
98592,7,1909,498945,479942,0.96,1680,285.68,2,3,3,2,2,117,19003,1.04,0.04
98119,8,2025,1043084,1043099,1,2090,499.09,2,4,3,1,2,1,-15,1,0
99301,7,1930,288900,288931,1,2100,137.59,1,3,2,2,2,96,-31,1,0
99301,7,2004,459952,464929,1.01,2450,189.77,2,4,3,2,2,22,-4977,0.99,-0.01
98403,0,1983,849917,825057,0.97,1720,479.68,1,2,2,2,2,43,24860,1.03,0.03
98117,8,1999,700098,660064,0.96,1580,417.76,2,3,4,2,2,27,40034,1.06,0.06
98056,7,1978,1222787,1462187.5,1,2770,532.46,3,5,4,3,2,48,-11,0.84,-0.16
98065,7,2007,1064930,1065071,1,2260,471.27,2,3,3,2,2,19,-141,1,0
98053,7,2005,1175055,1175079,1,1930,608.85,1,2,2,1,2,21,-24,1,0
98087,8,2026,724898,725055,1,1840,394.05,2,3,4,1,2,0,-157,1,0
98273,7,1998,500096,485054,0.97,1690,287.01,2,4,3,1,2,28,15042,1.03,0.03
98407,7,1976,715079,689905,0.96,2480,278.19,1,4,3,2,2,50,25174,1.04,0.04
99352,7,1978,625099,624928,1,3865,134.1,1,5,3,2,2,48,171,1,0
98223,7,1998,767050,760068,0.99,2030,374.42,1,3,2,1,2,28,6982,1.01,0.01
98801,7,1916,416919,395064,0.96,2200,179.57,2,3,3,2,2,110,21855,1.06,0.06
98373,7,1972,489849,495083,1.01,1740,284.53,3,3,2,1,2,54,-5234,0.99,-0.01
98374,7,2001,599903,590078,0.98,2760,213.8,2,3,3,2,2,25,9825,1.02,0.02
98208,7,1989,749911,750069,1,1470,510.25,1,3,2,1,2,37,-158,1,0
99006,7,2025,848904,849097,1,2400,353.79,1,4,3,3,2,1,-193,1,0
98686,7,2026,685038,684865,1,2100,326.13,2,4,3,3,2,0,173,1,0
98045,7,2015,1222787,1329940,1,3200,415.61,2,4,3,2,2,11,-4886,0.92,-0.08
98584,7,1988,398949,354918,0.96,1580,224.63,2,3,2,1,2,38,43901,1.12,0.12
98373,7,1962,475067,355099,0.96,1400,253.64,1,3,2,2,2,64,43901,1.34,0.34
98607,7,2003,937087,937074,1,3030,309.27,1,3,2,2,2,23,13,1,0
98362,7,1915,339057,361949,1.03,1130,320.31,2,2,1,1,2,111,-22892,0.94,-0.06
98262,0,1979,379593,365056,0.96,1770,206.25,2,2,2,1,2,47,14537,1.04,0.04
99336,7,1978,425062,425084,1,1700,250.05,1,4,3,2,2,48,-22,1,0
98125,7,2026,900025,900045,1,2890,311.43,2,3,4.5,2,2,0,-20,1,0
98607,7,2025,950729,950845,1,2930,324.52,2,4,3,3,2,1,-116,1,0
98045,7,2025,1222787,1462187.5,1,3430,454.79,2,5,3,2,2,1,4,0.84,-0.16
98642,8,2017,619927,619925,1,2140,289.68,2,3,3,3,2,9,2,1,0
98055,7,2008,1050050,995064,0.96,2870,346.71,2,4,3,2,2,18,43901,1.06,0.06
99205,7,1952,369922,377418,1.02,1730,218.16,2,4,2,2,2,74,-7496,0.98,-0.02
98177,7,1951,925090,995094,1.03,1800,552.83,1,3,2,1,2,75,-33595,0.93,-0.07
98292,7,2026,949853,949888,1,2620,362.55,2,4,3,2,2,0,-35,1,0
98058,7,1982,300065,300051,1,890,337.14,1,2,2,1,2,44,14,1,0
98022,7,2025,650084,650058,1,1840,353.29,1,3,2,2,2,1,26,1,0
98533,4,1970,250094,245066,0.98,1200,204.22,1,3,1,2,2,56,5028,1.02,0.02
98296,8,2026,739895,735082,0.99,1880,391,2,4,4,1,2,0,4813,1.01,0.01
99352,5,2025,924931,899077,0.97,3865,228.19,2,5.5,4.5,3.5,2,1,25854,1.03,0.03
98851,7,2025,329993,321950,0.98,1450,222.03,1,3,2,2,2,1,8043,1.02,0.02
99122,7,2019,360078,359933,1,1300,276.87,1,3,2,2,2,7,145,1,0
98446,7,2026,680002,680087,1,2700,251.88,2,5,3,2,2,0,-85,1,0
98059,0,1976,338937,338926,1,980,345.84,1,3,2,2,2,50,11,1,0
98116,7,1917,779584,769922,0.99,1220,631.08,2,3,2,1,2,109,9662,1.01,0.01
98391,7,2019,798942,800063,1,1920,416.7,1,2,2,2,2,7,-1121,1,0
98028,7,1959,1100072,1100066,1,2440,450.85,2,4,3,1,2,67,6,1,0
98312,7,2006,448911,448944,1,1740,258.01,2,4,3,1,2,20,-33,1,0
98374,7,2011,599943,585054,0.98,1930,303.14,1,3,2,2,2,15,14889,1.03,0.03
98290,7,2019,998575,998447,1,1920,520.02,1,3,2,2,2,7,128,1,0
98446,7,2003,549560,549919,1,1810,303.82,2,4,3,2,2,23,-359,1,0
98052,7,1978,1150077,1175058,1.02,1200,680.56,1,3,2,1,2,48,-24981,0.98,-0.02
98310,7,2016,541938,556079,1.03,2340,237.64,2,4,3,1,2,10,-14141,0.97,-0.03
98361,7,1965,259801,190098,0.96,860,221.04,1,2,1,1,2,61,43901,1.37,0.37
98665,7,2026,394947,395085,1,3300,119.72,2,4,3,3,2,0,-138,1,0
98133,7,1979,699851,699921,1,1940,360.78,2,4,3,2,2,47,-70,1,0
98513,7,2007,545090,559945,1.03,2180,256.86,2,3,3,2,2,19,-14855,0.97,-0.03
98251,7,1977,439857,439074,1,1010,434.73,1,2,1,2,2,49,783,1,0
98391,7,2005,1149907,1129905,0.98,3110,363.31,2,4,3,2,2,21,20002,1.02,0.02
98126,7,1999,1222787,1462187.5,0.96,3360,470.56,2,3,4,2,2,27,43901,0.84,-0.16
99301,7,2010,419903,419908,1,1710,245.56,1,3,2,2,2,16,-5,1,0
98119,0,2000,379080,378914,1,710,533.68,2,1.5,2,1,2,26,166,1,0
99338,7,2026,1139040,1186700,1.03,3790,313.11,1,5,4.5,3,2,0,-33595,0.96,-0.04
98038,7,1956,734906,729943,0.99,1610,453.38,1,3,2,1,2,70,4963,1.01,0.01
98682,0,2003,220079,220050,1,1120,196.47,2,3,1,1,2,23,29,1,0
99212,7,2020,439931,430064,0.98,1490,288.63,1,3,2,1,2,6,9867,1.02,0.02
98662,7,2020,549945,549934,1,1530,359.43,1,3,2,2,2,6,11,1,0
98118,7,1981,1150055,999917,0.96,3865,193.41,3,5,4.5,3.5,2,45,43901,1.15,0.15
98577,7,1986,569974,429921,1,2210,194.53,1,4,3,3,2,40,43901,1.33,0.33
98208,0,1999,388909,385074,0.99,1100,350.07,1,2,2,1,2,27,3835,1.01,0.01
98520,7,1948,173075,169086,0.98,1460,115.81,1,3,2,1,2,78,3989,1.02,0.02
99204,0,1980,174926,175089,1,1020,171.66,2,2,2,2,2,46,-163,1,0
98663,7,1992,569974,499914,1,1810,324.3,2,3,3,2,2,34,43901,1.14,0.14
99205,7,1986,429978,416595,0.97,1810,230.16,2,5,2,2,2,40,13383,1.03,0.03
98034,7,1958,989082,974932,0.99,1450,672.37,1,3,2,1,2,68,14150,1.01,0.01
98208,7,1964,599850,610091,1.02,1580,386.13,1,3,2,1,2,62,-10241,0.98,-0.02
98011,4,1975,450087,440071,0.98,1300,338.52,1,3,1,2,2,51,10016,1.02,0.02
99019,7,2024,300030,299891,1,1570,191.01,2,3,3,2,2,2,139,1,0
98374,7,1979,385096,405057,1.03,1870,216.61,2,3,2,1,2,47,-19961,0.95,-0.05
99122,3,1992,55071,55054,1,1810,324.3,2,3,2,2,2,34,17,1,0
98312,0,1980,139853,104902,0.96,970,108.15,1,2,2,2,2,46,34951,1.33,0.33
98501,7,1988,499068,459942,0.96,1700,270.55,1,3,2,2,2,38,39126,1.09,0.09
98387,7,1965,425056,395092,0.96,1250,316.07,1,4,2,2,2,61,29964,1.08,0.08
98030,7,2026,709879,719060,1.01,1890,380.46,2,4,3,1,2,0,-9181,0.99,-0.01
99206,5,2017,590056,540072,0.96,2360,228.84,2,5.5,4,3.5,2,9,43901,1.09,0.09
98117,7,1954,1150056,1249904,1.03,1580,680.56,1,3,2,1,2,72,-33595,0.92,-0.08
98133,0,1988,284906,280096,0.98,550,509.27,1,1.5,1,1,2,38,4810,1.02,0.02
98043,0,1985,300089,299902,1,810,370.25,1,2,2,2,2,41,187,1,0
98682,7,2026,520061,520075,1,1610,323.03,2,3,2,2,2,0,-14,1,0
98685,7,1975,510092,510065,1,1650,309.13,1,3,2,2,2,51,27,1,0
98338,4,1997,115053,114948,1,1400,82.11,1,3,2,2,2,29,105,1,0
99019,7,2025,440014,450042,1.02,2550,176.49,2,5,3,2,2,1,-10028,0.98,-0.02
98225,4,2023,96586,83094,0.96,620,134.02,1,1.5,1,1,2,3,13492,1.16,0.16
98038,7,1992,564935,560077,0.99,1100,509.16,1,3,2,2,2,34,4858,1.01,0.01
98004,0,2005,1149913,1110053,0.97,1020,680.56,1,1.5,1,1,2,21,39860,1.04,0.04
98273,7,1998,459094,459091,1,1050,437.23,1,3,1,1,2,28,3,1,0
98569,7,1960,149053,120065,0.96,980,122.52,1,2,1,1,2,66,28988,1.24,0.24
98250,0,1992,50051,50077,1,480,104.33,1,1.5,1,2,2,34,-26,1,0
98661,7,2003,434903,434917,1,1160,374.93,1,3,2,2,2,23,-14,1,0
98056,7,1993,1222787,1324943,1.03,2000,662.47,2,4,3,2,2,33,-33595,0.92,-0.08
98208,7,1976,649875,665053,1.02,1290,515.54,1,3,2,1,2,50,-15178,0.98,-0.02
98106,8,2007,498927,498946,1,1160,430.13,2,3,2,2,2,19,-19,1,0
98577,7,1930,289072,299902,1.03,1160,258.54,1,2,2,1,2,96,-10830,0.96,-0.04
98117,7,1951,675085,631098,0.96,890,680.56,1,2,1,1,2,75,43901,1.07,0.07
98003,7,1976,569974,599929,1,1870,320.82,1,3,4,3,2,50,-29955,0.95,-0.05
98004,0,1994,348942,299871,0.96,310,680.56,1,1.5,1,1,2,32,43901,1.16,0.16
98020,7,1955,848919,827070,0.97,2200,375.94,3,3,2,2,2,71,21849,1.03,0.03
98942,4,1998,328916,328333,1,1400,234.52,1,4,2,2,2,28,583,1,0
98011,0,1997,314945,297923,0.96,740,402.6,1,1.5,1,1,2,29,17022,1.06,0.06
98375,0,2005,299926,285068,0.96,1010,282.25,3,2,2,1,2,21,14858,1.05,0.05
98686,7,2025,569974,685322,1,2140,320.24,2,4,3,3,2,1,-33595,0.83,-0.17
98040,7,1976,1222787,1462187.5,0.99,2370,680.56,2,4,3,1,2,50,24850,0.84,-0.16
99224,7,2025,534934,534908,1,2210,242.04,2,5,3,3,2,1,26,1,0
98498,7,1910,464948,455098,0.98,1300,350.08,2,3,1,1,2,116,9850,1.02,0.02
99337,7,1977,364921,369940,1.01,1430,258.7,1,3,2,2,2,49,-5019,0.99,-0.01
98270,7,1977,569974,394053,1,1060,371.75,1,3,1,1,2,49,43901,1.45,0.45
98520,7,1912,229901,235076,1.02,1270,185.1,2,3,2,1,2,114,-5175,0.98,-0.02
98059,7,2025,1222787,1462187.5,1.03,3240,680.56,2,5,4.5,2,2,1,-33595,0.84,-0.16
98125,0,1992,569974,705061,1,1090,646.84,2,3,3,2,2,34,-33595,0.81,-0.19
98072,0,1992,569974,1462187.5,1,2580,620.19,2,4,4,3,2,34,-33595,0.39,-0.61
99208,7,1949,264928,273129,1.03,1680,162.58,2,2,1,1,2,77,-8201,0.97,-0.03
98087,8,2026,614938,612422,1,1440,425.29,2,2,3,1,2,0,2516,1,0
98117,7,1945,569974,640089,1,880,680.56,1,1.5,1,1,2,81,-33595,0.89,-0.11
98010,7,2017,1222787,1462187.5,0.97,3490,436.95,1,3,3,2,2,9,43901,0.84,-0.16
98230,7,2025,529875,534890,1.01,2060,259.66,2,4,3,1,2,1,-5015,0.99,-0.01
99336,7,1951,569974,449949,1,1740,258.59,1,4,2,2,2,75,43901,1.27,0.27
98684,7,2026,569974,549216,1,1720,319.31,2,3,3,2,2,0,20758,1.04,0.04
98087,4,1976,114946,100061,0.96,1020,98.1,1,2,1,1,2,50,14885,1.15,0.15
98683,7,1994,581226,581246,1,1790,324.72,2,4,2,2,2,32,-20,1,0
98682,7,1972,569974,244508,1,1610,151.87,1,3,2,2,2,54,43901,2.33,1.33
98230,7,1992,569974,535036,1,1810,324.3,2,3,0.5,2,2,34,34938,1.07,0.07
99216,7,1976,211370,211350,1,1390,152.05,2,3,2,1,2,50,20,1,0
98168,0,2025,749939,750056,1,2240,334.85,2,4,3,1,2,1,-117,1,0
98028,7,1942,569974,679939,1,1290,527.08,1,3,1,1,2,84,-33595,0.84,-0.16
98026,7,2025,1222787,1462187.5,1,3865,445.26,2,4,4.5,3.5,2,1,132,0.84,-0.16
98513,7,1979,783599,746337,0.96,2440,305.88,1,3,3,2,2,47,37262,1.05,0.05
98177,7,1968,569974,800095,1,2180,367.02,1,4,4.5,3,2,58,-33595,0.71,-0.29
98122,0,1990,299746,299093,1,540,553.88,1,1.5,1,1,2,36,653,1,0
98408,7,1925,500069,510098,1.02,1740,293.16,2,3,2,2,2,101,-10029,0.98,-0.02
98682,7,1972,450083,460095,1.02,1240,371.04,1,3,2,2,2,54,-10012,0.98,-0.02
98513,7,2026,911629,911602,1,2080,438.27,1,2,2,2,2,0,27,1,0
98642,7,2025,569974,703810,1,2740,256.86,2,4,3,3,2,1,-33595,0.81,-0.19
98103,7,1951,799855,815083,1.02,1810,450.32,1,2,1,1,2,75,-15228,0.98,-0.02
98022,7,1976,569974,1009426,1,2440,413.7,1,4,3,2,2,50,-33595,0.56,-0.44
98042,7,2025,1181063,1181075,1,3860,305.98,2,5,4.5,3,2,1,-12,1,0
98604,7,2025,569974,634900,1,2400,264.54,2,4,3,2,2,1,-33595,0.9,-0.1
98662,0,1983,569974,159740,1,1040,153.6,2,2,2,1,2,43,43901,3.57,2.57
98199,0,1978,274929,277089,1.01,660,419.83,1,1.5,1,1,2,48,-2160,0.99,-0.01
98105,7,1939,1222787,1462187.5,0.97,2920,599.35,2,5,4,3,2,87,43901,0.84,-0.16
99204,7,1910,520051,489923,0.96,3140,156.03,2,4,4,3,2,116,30128,1.06,0.06
99212,7,2012,649940,649932,1,3670,177.09,2,4,4,3,2,14,8,1,0
98029,7,2006,569974,1462187.5,1,3030,680.56,2,4,3,2,2,20,-33595,0.39,-0.61
98258,7,1969,464932,480058,1.03,830,578.38,1,3,1,1,2,57,-15126,0.97,-0.03
98629,7,1999,1199900,1199934,1,3865,273.96,2,5.5,3,3,2,27,-34,1,0
98109,7,1912,1050074,1050088,1,2120,495.32,2,5,3,1,2,114,-14,1,0
98075,7,1994,1222787,1462187.5,0.96,3865,556.19,2,4,4,3,2,32,43901,0.84,-0.16
98528,7,1987,569974,1084939,1,3280,330.77,2,3,2,3,2,39,-33595,0.53,-0.47
98022,7,2025,569974,650067,1,1840,353.3,1,3,2,2,2,1,-33595,0.88,-0.12
99362,7,2026,400050,400081,1,1240,322.65,1,3,2,2,2,0,-31,1,0
98642,0,1998,499915,499950,1,2140,233.62,2,3,3,3,2,28,-35,1,0
98512,7,2025,835027,835001,1,3020,276.49,2,4,3,2,2,1,26,1,0
98546,7,2024,249935,250098,1,800,312.62,1,2,1,2,2,2,-163,1,0
98008,7,1963,1222787,1462187.5,1,2120,680.56,2,4,2,1,2,63,3012,0.84,-0.16
98607,7,2025,788904,789079,1,2540,310.66,2,3,2,2,2,1,-175,1,0
98230,3,1992,189069,174904,0.96,1810,324.3,2,3,2,2,2,34,14165,1.08,0.08
98011,0,1997,569974,297920,1,740,402.59,3,1.5,1,1,2,29,43901,1.91,0.91
98632,7,1997,569974,497076,1,2120,234.47,1,3,2,2,2,29,43901,1.15,0.15
98226,7,2025,588903,589060,1,1650,357.01,2,3,3,1,2,1,-157,1,0
98104,0,2023,1222787,1354909,1,1100,680.56,1,2,2,1,2,3,179,0.9,-0.1
99362,7,2026,423898,432626,1.02,1410,306.83,1,3,2,2,2,0,-8728,0.98,-0.02
99206,7,2025,425091,429580,1.01,1860,230.96,2,4,3,2,2,1,-4489,0.99,-0.01
98516,7,2005,569974,567587,1,1620,350.36,1,2,2,2,2,21,2387,1,0
98052,0,2001,569974,770087,1,1600,481.3,3,2,4,2,2,25,-33595,0.74,-0.26
99205,7,2021,379953,379954,1,2280,166.65,2,4,3,1,2,5,-1,1,0
99352,7,1988,590050,600058,1.02,3660,163.95,2,4,3,3,2,38,-10008,0.98,-0.02
98382,7,2023,649908,649920,1,1660,391.52,2,3,2,2,2,3,-12,1,0
98223,7,1997,569974,544919,1,1020,534.23,1,3,2,2,2,29,25055,1.05,0.05
98404,7,1911,569974,280083,1,840,333.43,1,2,1,1,2,115,43901,2.04,1.04
99207,7,1955,274914,274931,1,1440,190.92,1,4,2,2,2,71,-17,1,0
99019,7,2019,575077,365268,0.96,1570,232.65,2,3,2,2,2,7,43901,1.57,0.57
99354,4,1977,99053,87072,0.96,1580,55.11,1,4,2,1,2,49,11981,1.14,0.14
98374,7,1999,569974,399940,1,1870,213.87,2,3,2,2,2,27,43901,1.43,0.43
99114,7,1947,314994,320055,1.02,1760,181.85,2,4,2,2,2,79,-5061,0.98,-0.02
98033,3,1992,1199922,1199906,1,1810,324.3,2,3,2,2,2,34,16,1,0
98038,3,1992,650086,599914,0.96,1810,324.3,2,3,2,2,2,34,43901,1.08,0.08
98110,3,2015,325070,317073,0.98,1810,324.3,2,3,2,2,2,11,7997,1.03,0.03
98296,8,2026,679905,680055,1,1840,369.6,2,3,4,1,2,0,-150,1,0
98374,5,1977,624928,624946,1,1740,359.16,2,5,2,2,2,49,-18,1,0
99205,7,1939,318900,317943,1,1490,213.38,2,3,2,2,2,87,957,1,0
98011,8,2025,949937,915945,0.96,1800,508.86,2,3,4,3,2,1,33992,1.04,0.04
98422,7,1981,564942,579924,1.03,1470,394.51,1,2,2,1,2,45,-14982,0.97,-0.03
98225,7,1909,569974,1300340,1,1660,680.56,2,4,2,2,2,117,-33595,0.44,-0.56
98031,8,1997,300062,289942,0.97,1020,284.26,2,2,2,2,2,29,10120,1.03,0.03
98591,3,1992,100065,84936,0.96,1810,324.3,2,3,2,2,2,34,15129,1.18,0.18
98178,7,2026,1098910,1077085,0.98,3060,351.99,2,5.5,3,2,2,0,21825,1.02,0.02
98052,7,1981,569974,1456925,1,2900,502.39,2,4,4,2,2,45,-33595,0.39,-0.61
98059,7,2006,1222787,1462187.5,1,3490,472.65,2,4,3,2,2,20,-133,0.84,-0.16
98597,7,2001,469064,474912,1.01,1860,255.33,2,3,3,1,2,25,-5848,0.99,-0.01
98685,7,1946,569974,378136,1,1160,325.98,1,2,1,1,2,80,43901,1.51,0.51
98686,7,1996,587901,588059,1,1870,314.47,1,3,2,2,2,30,-158,1,0
98042,7,2003,1200010,1270085,1.03,3290,386.04,2,3,3,2,2,23,-33595,0.94,-0.06
99019,7,1992,709946,709900,1,3420,207.57,2,3,3,2,2,34,46,1,0
99016,7,2003,507084,507077,1,2500,202.83,2,3,3,2,2,23,7,1,0
98626,7,1976,569974,450058,1,2520,178.59,2,4,4,3,2,50,43901,1.27,0.27
98584,5,1975,424944,400065,0.96,1850,216.25,2,4,2,2,2,51,24879,1.06,0.06
99212,7,1951,334914,332920,0.99,1100,302.65,1,3,2,2,2,75,1994,1.01,0.01
98052,7,1968,1222787,1462187.5,0.98,2930,680.56,2,5,3,1,2,58,40177,0.84,-0.16
98027,8,2025,1222787,1462187.5,1,2060,680.56,2,3,4,3,2,1,179,0.84,-0.16
98361,3,1992,130056,104903,0.96,1810,324.3,2,3,2,2,2,34,25153,1.24,0.24
98092,7,2015,674901,685092,1.02,2360,290.29,2,4,3,2,2,11,-10191,0.99,-0.01
98199,0,2003,1222787,1462187.5,1.03,2020,680.56,1,3,2,2,2,23,-33595,0.84,-0.16
98942,7,2006,1094908,1020083,0.96,3865,258.25,2,5,4,3,2,20,43901,1.07,0.07
99301,7,2004,459832,461087,1,2150,214.46,2,3,3,2,2,22,-1255,1,0
99362,7,2007,458902,459814,1,1700,270.48,2,3,2,2,2,19,-912,1,0
98274,7,1995,698919,708918,1.01,2340,302.96,1,3,2,2,2,31,-9999,0.99,-0.01
98361,3,1992,130056,104944,0.96,1810,324.3,2,3,2,2,2,34,25112,1.24,0.24
98660,7,1944,424903,425094,1,1790,237.48,2,2,2,2,2,82,-191,1,0
98221,7,1929,449410,474950,1.03,1850,256.73,1,3,2,1,2,97,-25540,0.95,-0.05
99338,7,2011,669435,650071,0.97,2130,305.2,1,3,2,2,2,15,19364,1.03,0.03
98801,7,1961,477923,485072,1.01,1960,247.49,2,3,2,1,2,65,-7149,0.99,-0.01
99004,7,2003,500068,525100,1.03,3180,165.13,3,5.5,4,3.5,2,23,-25032,0.95,-0.05
98037,7,2006,1222787,1462187.5,1,3865,375.62,2,5,4,3,2,20,-5131,0.84,-0.16
99205,7,1954,295099,303926,1.03,1960,155.06,1,4,2,1,2,72,-8827,0.97,-0.03
98516,7,2006,730095,715068,0.98,2190,326.52,1,2,2,2,2,20,15027,1.02,0.02
98391,4,1978,288440,280054,0.97,1340,209,1,3,2,2,2,48,8386,1.03,0.03
98028,7,2015,1222787,1349939,1,3250,415.37,2,5.5,4,3,2,11,160,0.91,-0.09
98033,7,2026,1222787,1462187.5,1,1820,680.56,2,3,3,2,2,0,-1,0.84,-0.16
98370,7,1993,1100085,1087596,0.99,2990,363.74,2,3,3,2,2,33,12489,1.01,0.01
98349,7,2006,439812,434931,0.99,1210,359.45,1,3,2,2,2,20,4881,1.01,0.01
98115,7,1933,1222787,1409906,1.03,2440,577.83,2,4,3,3,2,93,-33595,0.87,-0.13
99403,3,1992,88927,568006,1,1810,324.3,2,3,2,2,2,34,-33595,0.16,-0.84
98072,7,2003,1222787,1462187.5,0.97,3865,588.62,2,4,4,3,2,23,43901,0.84,-0.16
98346,7,1978,779093,766093,0.98,2620,292.4,2,4,4,2,2,48,13000,1.02,0.02
98564,7,1994,719931,680086,0.96,1620,419.81,2,3,2,1,2,32,39845,1.06,0.06
98032,4,1982,85064,75913,0.96,900,84.35,1,2,1,1,2,44,9151,1.12,0.12
98586,3,1992,85018,80057,0.96,1810,324.3,2,3,2,2,2,34,4961,1.06,0.06
98446,7,1933,720059,715086,0.99,2380,300.46,2,3,3,1,2,93,4973,1.01,0.01
98198,7,1976,430069,435052,1.01,1220,356.6,2,2,2,1,2,50,-4983,0.99,-0.01
98226,7,1980,1222787,1462187.5,1.02,3240,519.78,1,4,3,2,2,46,-33595,0.84,-0.16
98074,7,2007,1222787,1462187.5,1,2600,615.35,2,4,3,2,2,19,137,0.84,-0.16
98117,0,1977,298914,284912,0.96,450,633.14,1,1.5,1,2,2,49,14002,1.05,0.05
98105,7,1954,1222787,1462187.5,0.96,3865,680.56,1,4,3,2,2,72,43901,0.84,-0.16
98037,7,1966,690078,640068,0.96,1380,463.82,1,3,2,1,2,60,43901,1.08,0.08
98201,7,1925,700089,776932,1.03,1800,431.63,1,3,2,1,2,101,-33595,0.9,-0.1
98367,7,2002,949914,639920,0.96,1700,376.42,1,3,2,2,2,24,43901,1.48,0.48
98579,7,2000,374927,377926,1.01,860,439.45,1,2,1,1,2,26,-2999,0.99,-0.01
99009,7,1998,699841,685067,0.98,2820,242.93,2,4,3,3,2,28,14774,1.02,0.02
98506,8,2026,445092,444921,1,1400,317.8,2,3,2,2,2,0,171,1,0
98125,7,1980,1222787,1295077,1,2580,501.97,3,4,2,1,2,46,15,0.94,-0.06
98166,7,1968,1039081,1029938,0.99,2460,418.67,2,5,3,2,2,58,9143,1.01,0.01
98178,7,1943,484946,494918,1.02,700,680.56,1,2,1,1,2,83,-9972,0.98,-0.02
98802,7,2025,709949,679934,0.96,2050,331.68,1,3,3,2,2,1,30015,1.04,0.04
98592,7,2025,739884,723937,0.98,2320,312.04,2,3,3,2,2,1,15947,1.02,0.02
98008,7,1960,1222787,1462187.5,0.99,3480,678.18,1,4,3,1,2,66,34987,0.84,-0.16
98532,7,1973,779907,780055,1,3220,242.25,2,4,2,2,2,53,-148,1,0
98117,7,2025,755010,755080,1,1060,680.56,2,2,2,1,2,1,-70,1,0
98117,7,1946,899936,1080913,1.03,1910,565.92,2,4,2,1,2,80,-33595,0.83,-0.17
98033,7,1988,1222787,1462187.5,0.97,2570,680.56,1,4,3,2,2,38,43901,0.84,-0.16
99354,7,2012,536909,547064,1.02,2550,214.53,2,4,3,2,2,14,-10155,0.98,-0.02
98121,0,2008,429939,430077,1,700,614.4,1,1.5,1,1,2,18,-138,1,0
98144,7,2001,1222787,1462187.5,0.99,2890,510.41,3,5,4,2,2,25,19856,0.84,-0.16
98092,7,2014,609925,614913,1.01,1950,315.34,2,3,3,2,2,12,-4988,0.99,-0.01
98502,7,1973,689083,671919,0.98,2710,247.94,2,4,3,1,2,53,17164,1.03,0.03
98310,0,1981,259903,259909,1,940,276.5,1,2,2,1,2,45,-6,1,0
98674,7,2024,899094,899093,1,2540,353.97,1,4,2,2,2,2,1,1,0
98117,7,1927,924901,934945,1.01,1510,619.17,1,3,2,1,2,99,-10044,0.99,-0.01
98264,7,1991,728948,699932,0.96,2350,297.84,2,4,3,2,2,35,29016,1.04,0.04
99216,7,1972,390062,405083,1.03,1950,207.73,2,4,2,2,2,54,-15021,0.96,-0.04
98119,0,1979,629822,617823,0.98,1550,398.6,2,2,2,1,2,47,11999,1.02,0.02
98012,7,1986,829948,854926,1.03,1350,633.28,1,3,2,1,2,40,-24978,0.97,-0.03
98579,7,1999,498932,498942,1,1210,412.35,1,3,2,2,2,27,-10,1,0
98052,0,2025,889843,884821,0.99,1540,574.56,3,2,3,2,2,1,5022,1.01,0.01
98296,7,2017,1222787,1462187.5,1.01,3060,508.2,2,4,3,2,2,9,-10184,0.84,-0.16
98122,0,1988,362553,338949,0.96,820,413.35,1,2,1,1,2,38,23604,1.07,0.07
98823,7,1953,278057,280080,1.01,1260,222.29,1,3,1,1,2,73,-2023,0.99,-0.01
98233,7,1996,450059,450096,1,1060,424.62,1,3,2,1,2,30,-37,1,0
99022,7,1995,350057,365079,1.03,1150,317.46,1,3,2,1,2,31,-15022,0.96,-0.04
98125,7,1949,898922,874902,0.97,1560,560.83,1,4,2,1,2,77,24020,1.03,0.03
99301,7,1954,324931,325066,1,1090,298.23,1,4,1,1,2,72,-135,1,0
98002,7,1911,529804,519950,0.98,1910,272.23,2,3,2,1,2,115,9854,1.02,0.02
98117,7,1956,569974,660084,1,1690,390.58,1,3,1,1,2,70,-33595,0.86,-0.14
98682,7,2024,649077,648940,1,2390,271.52,2,4,3,3,2,2,137,1,0
99216,7,1992,464917,465050,1,1810,324.3,3,5,4,3,2,34,-133,1,0
98290,7,1909,569974,1025059,1,2240,457.62,2,5,3,3,2,117,-33595,0.56,-0.44
98516,3,1992,275090,285097,1.03,1810,324.3,2,3,2,2,2,34,-10007,0.96,-0.04
98236,7,2004,928940,858911,0.96,2510,342.2,1,3,3,2,2,22,43901,1.08,0.08
98284,7,2024,719825,719964,1,2410,298.74,2,4,3,1,2,2,-139,1,0
98223,7,2005,834910,819920,0.98,3010,272.4,2,4,3,2,2,21,14990,1.02,0.02
98584,3,1992,90094,70067,0.96,1810,324.3,2,3,2,2,2,34,20027,1.29,0.29
98273,7,2014,600081,610059,1.02,1860,327.99,2,3,3,1,2,12,-9978,0.98,-0.02
99352,3,1992,125083,125100,1,1810,324.3,2,3,2,2,2,34,-17,1,0
99403,5,1909,649906,568006,1,3865,324.3,2,5.5,4.5,3.5,2,117,43901,1.14,0.14
98052,8,2026,1222787,1394832,1,2310,603.82,2,4,4,3,2,0,149,0.88,-0.12
98607,8,2025,685902,685932,1,1850,370.77,3,3,2,2,2,1,-30,1,0
99006,7,2026,975056,568006,1,2640,324.3,2,4,3,3,2,0,43901,1.72,0.72
98501,7,2002,925067,957677,1.03,2850,336.03,2,4,3,2,2,24,-32610,0.97,-0.03
99004,7,2025,398050,399514,1,2000,199.76,1,5,3,3,2,1,-1464,1,0
98023,7,1978,625054,625069,1,1660,376.55,2,3,3,1,2,48,-15,1,0
98021,8,2026,1222787,1427915,0.99,2760,517.36,2,4,4,3,2,0,9854,0.86,-0.14
98206,7,1966,455061,427576,0.96,830,515.15,1,2,1,1,2,60,27485,1.06,0.06
98087,7,1955,825070,829948,1.01,1730,479.74,1,4,2,2,2,71,-4878,0.99,-0.01
98390,7,2013,839878,860074,1.02,3180,270.46,2,4,3,2,2,13,-20196,0.98,-0.02
98610,4,1996,425081,425072,1,1480,287.21,1,3,2,2,2,30,9,1,0
98072,7,1984,1222787,1462187.5,0.98,3740,391.69,2,4,4.5,2,2,42,34162,0.84,-0.16
98926,7,1971,569974,664932,1,1900,349.96,1,2,2,2,2,55,-33595,0.86,-0.14
98363,7,2015,460069,459929,1,1240,370.91,1,3,2,1,2,11,140,1,0
98233,7,1909,480066,489932,1.02,1820,269.19,2,4,2,1,2,117,-9866,0.98,-0.02
99208,7,2025,674588,669904,0.99,2610,256.67,2,5,3,3,2,1,4684,1.01,0.01
98230,7,2025,529894,544258,1.03,2060,264.2,2,4,3,1,2,1,-14364,0.97,-0.03
98031,4,1978,474977,470075,0.99,1540,305.24,1,3,2,1,2,48,4902,1.01,0.01
98512,7,2001,1222787,1462187.5,0.96,3865,324.42,2,4,4,2,2,25,43901,0.84,-0.16
98664,8,2013,387559,387596,1,1520,255,2,3,2,2,2,13,-37,1,0
98626,4,2024,395681,395651,1,1810,324.3,1,3,2,2,2,2,30,1,0
98367,7,1994,785066,790078,1.01,2640,299.27,2,3,3,2,2,32,-5012,0.99,-0.01
98012,7,2008,1100009,1135058,1.03,2580,439.94,2,3,3,2,2,18,-33595,0.97,-0.03
98229,7,1950,949917,914911,0.96,1670,547.85,1,3,2,1,2,76,35006,1.04,0.04
98613,2,1992,230058,230069,1,1810,324.3,2,3,2,2,2,34,-11,1,0
99352,3,1992,180084,175064,0.97,1810,324.3,2,3,2,2,2,34,5020,1.03,0.03
98274,7,1967,945058,919948,0.97,1240,680.56,2,2,1,2,2,59,25110,1.03,0.03
98221,7,1966,574928,575090,1,1850,310.86,1,3,2,1,2,60,-162,1,0
98282,4,2008,374909,388070,1.03,1280,303.18,1,2,2,1,2,18,-13161,0.97,-0.03
99016,7,1979,455061,448937,0.99,2240,200.42,2,3,3,2,2,47,6124,1.01,0.01
98006,7,1988,1222787,1462187.5,0.97,2360,680.56,2,4,3,2,2,38,43901,0.84,-0.16
98059,0,1976,569974,339050,1,980,345.97,1,3,1,1,2,50,43901,1.68,0.68
98052,8,2025,949996,949827,1,1500,633.22,2,2,3,2,2,1,169,1,0
98248,7,1993,1222787,1209942,0.96,3330,363.35,2,3,3,3,2,33,43901,1.01,0.01
98335,0,1985,839864,829944,0.99,2280,364.01,2,3,2,2,2,41,9920,1.01,0.01
99352,3,1992,124903,125051,1,1810,324.3,2,3,2,2,2,34,-148,1,0
98258,7,1998,1222787,1249941,1,2890,432.51,2,4,3,3,2,28,147,0.98,-0.02
98223,7,1909,520059,510098,0.98,1220,418.11,1,2,1,1,2,117,9961,1.02,0.02
98506,8,2025,455086,455067,1,1400,325.05,2,3,2,2,2,1,19,1,0
98373,7,1941,414945,421325,1.02,900,468.14,1,2,1,1,2,85,-6380,0.98,-0.02
98117,0,2025,1099920,1099937,1,1550,680.56,3,3,3,2,2,1,-17,1,0
98070,3,1992,444925,495088,1.03,1810,324.3,2,3,2,2,2,34,-33595,0.9,-0.1
99023,3,1992,249423,218054,0.96,1810,324.3,2,3,2,2,2,34,31369,1.14,0.14
98374,8,2021,475026,469945,0.99,1920,244.76,2,3,3,1,2,5,5081,1.01,0.01
98026,7,1960,749949,802450,1.03,1970,407.34,2,3,3,1,2,66,-33595,0.93,-0.07
98229,7,2000,579975,579995,1,1560,371.79,1,3,2,1,2,26,-20,1,0
98258,4,1990,215047,215034,1,1510,142.41,1,3,2,2,2,36,13,1,0
98239,7,1996,1124928,1089087,0.97,3865,258.08,1,3,3,2,2,30,35841,1.03,0.03
98258,7,1978,900062,899901,1,2310,389.57,2,3,3,2,2,48,161,1,0
98684,7,2026,548910,548944,1,1670,328.71,2,3,2,2,2,0,-34,1,0
98837,4,1985,120005,120036,1,1340,89.58,1,3,2,1,2,41,-31,1,0
98843,8,1996,398926,392075,0.98,1780,220.27,2,3,3,1,2,30,6851,1.02,0.02
99224,4,1998,109976,109977,1,1300,84.6,1,3,2,2,2,28,-1,1,0
98292,4,1986,664926,699917,1.03,1620,432.05,1,3,2,2,2,40,-33595,0.95,-0.05
98311,8,2023,510097,499927,0.98,1770,282.44,2,3,3,1,2,3,10170,1.02,0.02
98119,8,2000,895071,925051,1.03,1680,550.63,2,3,3,2,2,26,-29980,0.97,-0.03
98074,7,1986,569974,1462187.5,1,2330,680.56,2,4,4.5,3,2,40,-33595,0.39,-0.61
98591,3,1992,99947,80075,0.96,1810,324.3,2,3,2,2,2,34,19872,1.25,0.25
98052,7,1984,1222787,1462187.5,1,2390,627.65,3,4,3,1,2,42,8,0.84,-0.16
98023,7,1989,825030,850661,1.03,2770,307.1,2,4,3,2,2,37,-25631,0.97,-0.03
99349,4,2002,399962,399979,1,1780,224.71,1,4,2,2,2,24,-17,1,0
98248,7,2025,719839,719841,1,2320,310.28,2,4,3,2,2,1,-2,1,0
98607,3,1992,264914,264932,1,1810,324.3,2,3,2,2,2,34,-18,1,0
98368,4,1993,425082,420072,0.99,1480,283.83,1,3,2,2,2,33,5010,1.01,0.01
99224,5,2007,449919,459900,1.02,2620,175.53,1,4,2,2,2,19,-9981,0.98,-0.02
98642,8,2020,570052,570077,1,1620,351.9,1,2,2,2,2,6,-25,1,0
98208,4,1981,569974,108082,1,1400,77.2,1,3,2,2,2,45,43901,5.27,4.27
99320,4,2004,599800,599987,1,2100,285.71,1,3,2,2,2,22,-187,1,0
98682,7,2025,569974,520068,1,1650,315.19,2,3,3,2,2,1,43901,1.1,0.1
98311,4,1968,274927,224901,0.96,1160,193.88,1,2,1,1,2,58,43901,1.22,0.22
98405,7,1909,569974,189916,1,1230,154.4,2,4,1,1,2,117,43901,3,2
98375,7,2015,559855,565093,1.01,2230,253.4,2,3,3,2,2,11,-5238,0.99,-0.01
99403,7,1936,258936,173912,0.96,1830,95.03,2,2,1,1,2,90,43901,1.49,0.49
98404,7,1909,420074,416919,0.99,1330,313.47,2,3,2,2,2,117,3155,1.01,0.01
98270,7,2006,699904,664949,0.96,2070,321.23,2,4,3,2,2,20,34955,1.05,0.05
98103,7,1947,834947,919921,1.03,880,680.56,1,2,1,1,2,79,-33595,0.91,-0.09
98065,7,2011,1222787,1353056,0.98,2570,526.48,2,4,3,2,2,15,24854,0.9,-0.1
99023,7,1993,850091,850080,1,2770,306.89,2,4,3,3,2,33,11,1,0
99301,7,2006,399864,408915,1.02,2230,183.37,2,4,3,2,2,20,-9051,0.98,-0.02
99212,7,1938,264917,250077,0.96,710,352.22,1,2,1,1,2,88,14840,1.06,0.06
98258,7,2002,575088,574935,1,1680,342.22,2,3,3,2,2,24,153,1,0
98110,7,2005,569974,1175227,1,2390,491.73,2,3,3,2,2,21,-33595,0.48,-0.52
98208,0,1999,425046,417916,0.98,1310,319.02,2,3,3,1,2,27,7130,1.02,0.02
98059,7,2006,1222787,1274915,0.96,2830,450.5,2,4,3,2,2,20,43901,0.96,-0.04
98027,7,1983,1222787,1324926,0.98,2460,538.59,2,4,3,2,2,43,25001,0.92,-0.08
98006,7,1954,1199918,1175086,0.98,1800,652.83,1,3,3,1,2,72,24832,1.02,0.02
98445,7,2025,649959,649989,1,2120,306.6,2,4,3,2,2,1,-30,1,0
98686,7,2025,535053,535036,1,1670,320.38,2,4,2,2,2,1,17,1,0
98346,7,1990,594911,599948,1.01,1360,441.14,2,3,3,2,2,36,-5037,0.99,-0.01
98122,7,1909,749082,675094,0.96,1760,383.58,2,4,2,1,2,117,43901,1.11,0.11
98012,7,2011,994935,985073,0.99,2250,437.81,2,4,3,2,2,15,9862,1.01,0.01
98404,7,1925,260067,245084,0.96,980,250.09,1,3,1,1,2,101,14983,1.06,0.06
98126,0,2007,373928,374096,1,700,534.42,1,1.5,1,1,2,19,-168,1,0
98407,7,1951,574917,587432,1.02,1380,425.68,2,4,1,1,2,75,-12515,0.98,-0.02
98404,7,1967,380039,379869,1,910,417.44,1,3,2,1,2,59,170,1,0
98445,0,1995,440083,446949,1.02,1500,297.97,1,3,2,2,2,31,-6866,0.98,-0.02
98030,8,2001,459097,449905,0.98,1220,368.77,2,3,2,1,2,25,9192,1.02,0.02
98110,7,1974,1190098,1165053,0.98,2180,534.43,2,3,3,1,2,52,25045,1.02,0.02
98331,4,1980,198915,198923,1,940,211.62,1,2,1,1,2,46,-8,1,0
99208,4,1980,75068,68067,0.96,1120,60.77,1,2,1,1,2,46,7001,1.1,0.1
98103,7,2026,1222787,1462187.5,1,2440,680.56,2,5,4,2,2,0,29,0.84,-0.16
98007,0,1978,315071,311777,0.99,890,350.31,1,2,1,1,2,48,3294,1.01,0.01
99208,7,1979,489818,489803,1,2880,170.07,2,4,3,3,2,47,15,1,0
98402,0,1978,594909,584942,0.98,1420,411.93,1,2,2,1,2,48,9967,1.02,0.02
99208,7,1987,524932,539936,1.03,3300,163.62,2,4,3,3,2,39,-15004,0.97,-0.03
98686,7,1997,569974,324059,1,1970,164.5,2,3,3,2,2,29,43901,1.76,0.76
98282,7,1980,599052,599056,1,1570,381.56,2,3,2,1,2,46,-4,1,0
98033,0,1993,1222787,1160061,0.96,1930,601.07,1,3,3,1,2,33,43901,1.05,0.05
98557,4,1999,380074,375079,0.99,1570,238.9,1,3,2,1,2,27,4995,1.01,0.01
98208,7,2002,1078073,1040089,0.96,2620,396.98,2,5,3,2,2,24,37984,1.04,0.04
98370,7,2007,609923,609915,1,1990,306.49,2,3,3,3,2,19,8,1,0
98201,7,1942,545060,545089,1,1540,353.95,2,4,2,1,2,84,-29,1,0
98405,7,1949,440030,440086,1,1080,407.49,1,3,2,2,2,77,-56,1,0
99323,4,1981,364812,357931,0.98,1340,267.11,1,3,2,2,2,45,6881,1.02,0.02
99206,7,1954,449667,449805,1,2890,155.64,1,4,2,1,2,72,-138,1,0
98402,0,2005,449944,440058,0.98,1040,423.13,1,2,2,1,2,21,9886,1.02,0.02
98155,7,1942,560069,544915,0.97,1610,338.46,1,2,1,1,2,84,15154,1.03,0.03
98569,4,2025,289960,289955,1,1320,219.66,1,3,2,1,2,1,5,1,0
98199,0,2025,800019,799861,1,1300,615.28,3,3,2,1,2,1,158,1,0
98074,0,2000,504919,520054,1.03,1070,486.03,3,3,2,2,2,26,-15135,0.97,-0.03
98056,7,1963,799945,809939,1.01,1840,440.18,1,4,2,1,2,63,-9994,0.99,-0.01
98802,7,1961,488912,460069,0.96,1540,298.75,2,3,2,2,2,65,28843,1.06,0.06
98407,7,1971,550011,559915,1.02,1070,523.29,3,2,2,2,2,55,-9904,0.98,-0.02
98662,7,1970,480095,479948,1,1290,372.05,1,3,2,2,2,56,147,1,0
98007,0,1978,414913,414937,1,910,455.97,1,2,1,1,2,48,-24,1,0
98498,7,1958,529063,550067,1.03,1310,419.9,1,4,2,1,2,68,-21004,0.96,-0.04
98374,7,1995,635078,638913,1.01,1770,360.97,2,3,3,2,2,31,-3835,0.99,-0.01
98312,7,2025,1149955,1149801,1,3650,315.01,2,4,4.5,2,2,1,154,1,0
98008,7,1961,1222787,1462187.5,1.03,2240,680.56,3,4,3,1,2,65,-33595,0.84,-0.16
98802,7,2011,564902,565075,1,2000,282.54,2,3,3,2,2,15,-173,1,0
98144,0,2000,325090,300067,0.96,840,357.22,1,2,2,2,2,26,25023,1.08,0.08
98011,7,2003,1129943,1129909,1,2180,518.31,2,4,3,2,2,23,34,1,0
98023,7,1983,494936,510055,1.03,1160,439.7,2,3,2,1,2,43,-15119,0.97,-0.03
99208,7,2002,550060,539944,0.98,2080,259.59,2,4,3,3,2,24,10116,1.02,0.02
98125,0,2025,949570,949560,1,2290,414.66,3,4,4,2,2,1,10,1,0
98903,7,1930,330063,331587,1,1080,307.02,1,3,1,1,2,96,-1524,1,0
98105,7,1926,1222787,1369927,1.03,2180,628.41,1,4,3,1,2,100,-33595,0.89,-0.11
98373,0,2008,299923,295098,0.98,1080,273.24,3,3,2,2,2,18,4825,1.02,0.02
98010,7,2025,819891,819867,1,2450,334.64,2,4,3,3,2,1,24,1,0
98366,7,2025,599405,599569,1,2100,285.51,1,4,2,1,2,1,-164,1,0
98036,7,1968,750087,720060,0.96,2260,318.61,2,4,3,1,2,58,30027,1.04,0.04
98391,7,2026,950038,960867,1.01,3010,319.22,2,4,3,2,2,0,-10829,0.99,-0.01
98225,0,1971,588942,584062,0.99,1170,499.2,1,2,2,2,2,55,4880,1.01,0.01
98294,7,2024,570086,569901,1,1880,303.14,2,3,3,1,2,2,185,1,0
98223,7,2004,950092,949926,1,2050,463.38,2,3,3,2,2,22,166,1,0
98374,7,1997,535058,534922,1,1790,298.84,2,3,3,2,2,29,136,1,0
98266,7,2023,529088,514904,0.97,1500,343.27,1,3,2,2,2,3,14184,1.03,0.03
99169,7,1945,569974,73765,1,950,77.65,1,2,1,1,2,81,43901,7.73,6.73
98264,7,1948,390090,389926,1,880,443.1,1,2,1,1,2,78,164,1,0
99019,7,1995,499074,495077,0.99,1320,375.06,1,2,2,1,2,31,3997,1.01,0.01
98006,0,1984,374910,344937,0.96,900,383.26,1,2,1,2,2,42,29973,1.09,0.09
98335,7,1971,525057,516552,0.98,1030,501.51,1,3,1,1,2,55,8505,1.02,0.02
98023,7,1970,629069,597064,0.96,3865,151.92,2,3,2,1,2,56,32005,1.05,0.05
98827,7,1961,228937,165055,0.96,1060,155.71,1,2,1,1,2,65,43901,1.39,0.39
98930,7,2006,335062,336084,1,1540,218.24,1,3,2,1,2,20,-1022,1,0
98033,0,1983,624935,615050,0.98,1320,465.95,1,2,2,1,2,43,9885,1.02,0.02
98166,0,2008,330069,325066,0.98,540,601.97,1,1.5,1,1,2,18,5003,1.02,0.02
98275,7,1989,1198944,1269905,1.03,3670,346.02,1,3,2,2,2,37,-33595,0.94,-0.06
99208,7,1933,299913,305922,1.02,1350,226.61,2,3,1,1,2,93,-6009,0.98,-0.02
98024,7,1932,584922,584916,1,750,680.56,1,2,1,1,2,94,6,1,0
98258,7,2004,582592,599916,1.03,1440,416.61,2,3,3,2,2,22,-17324,0.97,-0.03
98006,7,1979,1222787,1462187.5,1.03,2230,680.56,3,4,3,2,2,47,-33595,0.84,-0.16
98466,7,1958,569974,564918,1,2150,262.75,1,4,1,1,2,68,5056,1.01,0.01
98052,0,1979,438947,438939,1,1020,430.33,1,2,2,1,2,47,8,1,0
98611,7,2016,544928,505082,0.96,1440,350.75,1,3,2,2,2,10,39846,1.08,0.08
98199,7,1945,950074,950084,1,1520,625.06,1,2,1,1,2,81,-10,1,0
98038,7,2004,630012,638906,1.01,1560,409.56,2,3,3,2,2,22,-8894,0.99,-0.01
98374,7,2025,674861,689854,1.02,2650,260.32,1,4,3,2,2,1,-14993,0.98,-0.02
98144,7,1951,600029,600051,1,780,680.56,1,2,1,1,2,75,-22,1,0
98277,7,2019,628912,625065,0.99,2120,294.84,2,4,3,2,2,7,3847,1.01,0.01
98105,7,2006,999945,950077,0.96,1700,558.87,3,3,4,1,2,20,43901,1.05,0.05
98119,0,1968,569974,529934,1,180,324.3,3.5,3,0.5,2,2,58,40040,1.08,0.08
98903,7,1940,199940,165081,0.96,1150,143.55,1,2,1,1,2,86,34859,1.21,0.21
98837,7,1961,274928,265093,0.96,1450,182.82,1,3,2,1,2,65,9835,1.04,0.04
98168,0,2001,240072,214937,0.96,940,228.66,1,2,2,2,2,25,25135,1.12,0.12
98034,0,1980,384909,384905,1,930,413.88,3,2,1,1,2,46,4,1,0
99004,7,2006,390064,402606,1.03,1710,235.44,1,3,2,2,2,20,-12542,0.97,-0.03
98383,7,1991,799062,789096,0.99,2940,268.4,1,3,3,2,2,35,9966,1.01,0.01
98133,7,1959,774883,850053,1.03,1650,515.18,1,3,2,1,2,67,-33595,0.91,-0.09
99016,7,1999,470068,484064,1.03,2140,226.2,2,4,3,3,2,27,-13996,0.97,-0.03
98043,7,1950,635059,635056,1,670,680.56,1,2,1,1,2,76,3,1,0
98119,0,1968,535058,530056,0.99,1120,473.26,1,1.5,1,1,2,58,5002,1.01,0.01
98383,7,2025,725051,725042,1,2680,270.54,2,4,3,2,2,1,9,1,0
98685,7,2017,1222787,1462187.5,1,3640,436.79,2,4,3,3,2,9,-1,0.84,-0.16
98052,0,1982,499883,499896,1,1010,494.95,1,2,2,1,2,44,-13,1,0
99114,7,1950,315069,304935,0.97,1620,188.23,2,3,1,1,2,76,10134,1.03,0.03
98516,7,1976,430086,422100,0.98,1320,319.77,1,3,1,1,2,50,7986,1.02,0.02
98407,7,1952,488938,480905,0.98,880,546.48,1,2,1,1,2,74,8033,1.02,0.02
99205,7,1911,569974,274903,1,690,398.41,1,2,1,1,2,115,43901,2.07,1.07
99207,7,1958,249088,253949,1.02,1170,217.05,1,2,1,1,2,68,-4861,0.98,-0.02
98408,7,1917,424942,425083,1,1860,228.54,2,4,2,1,2,109,-141,1,0
98338,7,1997,339066,400082,1.03,1280,312.56,2,2,3,2,2,29,-33595,0.85,-0.15
98106,0,2026,779841,779956,1,1360,573.5,2,3,3,1,2,0,-115,1,0
98033,7,1987,569974,995096,1,1690,588.81,2,3,3,2,2,39,-33595,0.57,-0.43
98391,7,2025,1145063,1075925,0.96,3865,257.4,2,5,4.5,3.5,2,1,43901,1.06,0.06
98204,0,2007,569974,367901,1,820,448.66,2,2,2,2,2,19,43901,1.55,0.55
98106,0,1992,569974,779845,1,1360,573.42,2,3,3,2,2,34,-33595,0.73,-0.27
99301,7,2026,455587,455432,1,1600,284.64,1,3,2,1,2,0,155,1,0
98371,7,2023,569974,889844,1,2620,339.64,2,3,2,3,2,3,-33595,0.64,-0.36
98251,7,1988,749935,649902,0.96,1930,336.74,1,2,2,1,2,38,43901,1.15,0.15
98271,7,2025,591244,580070,0.98,1480,391.94,3,4,3,2,2,1,11174,1.02,0.02
98584,4,2024,330018,340053,1.03,1300,261.58,1,3,2,2,2,2,-10035,0.97,-0.03
98409,7,1954,203585,231860,1.03,1060,218.74,1,3,1,1,2,72,-28275,0.88,-0.12
98122,7,2026,1198938,1239068,1.03,2060,601.49,2,3,3,2,2,0,-33595,0.97,-0.03
98024,7,1996,1222787,1462187.5,0.96,3865,424.99,2,4,4.5,1,2,30,43901,0.84,-0.16
98382,7,2026,475038,474900,1,1440,329.79,1,2,2,2,2,0,138,1,0
98321,7,1935,749897,744903,0.99,2280,326.71,2,3,2,1,2,91,4994,1.01,0.01
98117,7,1942,569974,350100,1,1780,196.69,2,4,2,2,2,84,43901,1.63,0.63
99006,3,1992,229068,225077,0.98,1810,324.3,2,3,2,2,2,34,3991,1.02,0.02
98351,4,2003,549975,548904,1,1400,392.07,1,3,2,2,2,23,1071,1,0
98125,0,1992,569974,949417,1,2320,409.23,2,3,4,3,2,34,-33595,0.6,-0.4
99362,7,2013,569974,574949,1,2520,228.15,1,3,2,2,2,13,-4975,0.99,-0.01
98177,7,1954,569974,949914,1,1320,680.56,1,3,2,1,2,72,-33595,0.6,-0.4
98367,7,2025,695084,659950,0.96,2100,314.26,1,3,2,2,2,1,35134,1.05,0.05
98103,0,1992,569974,699091,1,1100,635.54,2,2,3,2,2,34,-33595,0.82,-0.18
98375,7,1985,429900,409932,0.96,1330,308.22,1,3,2,1,2,41,19968,1.05,0.05
98312,7,1944,450069,449938,1,1610,279.46,1,3,1,1,2,82,131,1,0
98004,0,1980,569974,1462187.5,1,2300,680.56,2,2,3,2,2,46,-33595,0.39,-0.61
98006,7,1993,1222787,1462187.5,1.03,2770,642.63,2,4,3,2,2,33,-33595,0.84,-0.16
98632,7,2006,569974,742093,1,2320,319.87,2,3,2,2,2,20,-33595,0.77,-0.23
98007,7,1961,569974,1202421,1,1200,680.56,1,3,2,1,2,65,-33595,0.47,-0.53
98027,7,1994,1222787,1399942,1,3865,311.1,2,4,4,2,2,32,-38,0.87,-0.13
98055,7,1965,569974,500395,1,1680,297.85,1,4,3,2,2,61,43901,1.14,0.14
98042,7,2025,569974,864990,1,2720,318.01,2,5,4,3,2,1,-33595,0.66,-0.34
99212,7,2003,569974,506930,1,1870,271.09,1,3,2,2,2,23,43901,1.12,0.12
98052,7,1984,1222787,1462187.5,1.03,2080,680.56,2,4,3,2,2,42,-33595,0.84,-0.16
98405,7,1909,330088,319901,0.97,1440,222.15,2,4,1,1,2,117,10187,1.03,0.03
98404,7,1910,569974,360069,1,1560,230.81,2,4,1,1,2,116,43901,1.58,0.58
98249,4,1971,668914,630051,0.96,960,656.3,1,2,2,2,2,55,38863,1.06,0.06
98604,7,2025,569974,360943,1,1540,234.38,2,3,3,2,2,1,43901,1.58,0.58
98105,1,1928,364921,355920,0.98,860,413.86,2,2,1,1,2,98,9001,1.03,0.03
99027,4,1979,79826,75900,0.96,760,99.87,1,2,1,1,2,47,3926,1.05,0.05
98370,7,2001,625073,635087,1.02,1660,382.58,1,3,2,2,2,25,-10014,0.98,-0.02
98584,4,2025,314825,314981,1,1280,246.08,1,3,2,1,2,1,-156,1,0
98006,7,1955,569974,1462187.5,1,2310,649.38,1,5,4.5,3,2,71,-33595,0.39,-0.61
98368,7,2026,450020,449878,1,1800,249.93,2,3,3,2,2,0,142,1,0
99336,7,1976,569974,269949,1,1480,182.4,1,3,2,2,2,50,43901,2.11,1.11
98284,7,1944,569974,265244,1,900,294.72,2,2,1,1,2,82,43901,2.15,1.15
98033,8,2018,1222787,1250081,0.97,1360,680.56,2,2,3,1,2,8,43901,0.98,-0.02
98117,8,2026,979978,959904,0.98,1870,513.32,2,4,3,1,2,0,20074,1.02,0.02
98607,7,1980,569582,569597,1,1810,314.69,1,4,2,2,2,46,-15,1,0
98271,4,2008,250092,242091,0.97,1510,160.33,1,3,2,1,2,18,8001,1.03,0.03
98052,4,1992,347900,325051,0.96,1790,181.59,1,3,2,2,2,34,22849,1.07,0.07
98802,7,1957,569974,694409,1,3250,213.66,1,3,2,2,2,69,-33595,0.82,-0.18
98266,4,1991,569974,129939,1,730,178,2,2,1,1,2,35,43901,4.39,3.39
99324,4,1977,99839,87481,0.96,1440,60.75,1,2,2,2,2,49,12358,1.14,0.14
98133,5,1965,1222787,1462187.5,0.96,3865,264.87,2,5.5,4.5,2,2,61,43901,0.84,-0.16
98684,4,1971,79910,79905,1,930,85.92,1,2,1,1,2,55,5,1,0
98204,8,2009,599897,584917,0.98,1690,346.1,2,3,3,2,2,17,14980,1.03,0.03
98103,8,2025,909807,909835,1,1800,505.46,2,3,3,1,2,1,-28,1,0
98155,7,1950,569974,730076,1,1370,532.9,1,4,1,1,2,76,-33595,0.78,-0.22
98055,8,2001,499100,491085,0.98,1160,423.35,2,2,2,2,2,25,8015,1.02,0.02
98117,0,1981,525084,480076,0.96,1180,406.84,1,2,2,1,2,45,43901,1.09,0.09
99328,4,2005,299094,298930,1,1710,174.81,1,3,2,2,2,21,164,1,0
98059,8,2008,679894,669930,0.99,1900,352.59,2,3,3,2,2,18,9964,1.01,0.01
98541,4,1991,250095,235080,0.96,1190,197.55,1,3,2,2,2,35,15015,1.06,0.06
98201,5,1909,549942,519949,0.96,1980,262.6,2,3,2,2,2,117,29993,1.06,0.06
98056,5,1943,594934,560025,0.96,1680,333.35,2,5,2,2,2,83,34909,1.06,0.06
98498,5,1952,655056,660055,1.01,2240,294.67,2,5.5,4,2,2,74,-4999,0.99,-0.01
98087,7,1977,569974,764900,1,1520,503.22,1,3,2,2,2,49,-33595,0.75,-0.25
98935,3,1992,89812,89951,1,1810,324.3,2,3,2,2,2,34,-139,1,0
98011,0,1992,569974,1295226,1,1810,324.3,2,3,0.5,2,2,34,-33595,0.44,-0.56
98087,8,2026,615086,615066,1,1440,427.13,2,2,3,1,2,0,20,1,0
98584,3,1992,79980,75079,0.96,1810,324.3,2,3,2,2,2,34,4901,1.07,0.07
98584,3,1992,79918,79928,1,1810,324.3,2,3,2,2,2,34,-10,1,0
99163,4,1995,100097,99905,1,1120,89.2,1,2,2,2,2,31,192,1,0
98374,4,1994,185062,181050,0.98,1150,157.43,1,2,2,2,2,32,4012,1.02,0.02
98270,8,2026,631142,631309,1,1830,344.98,2,3,3,1,2,0,-167,1,0
98855,3,1992,35100,34915,0.99,1810,324.3,2,3,2,2,2,34,185,1.01,0.01
98579,4,1998,139822,143911,1.03,1120,128.49,1,3,2,2,2,28,-4089,0.97,-0.03
98546,4,2000,248919,207834,0.96,1340,155.1,1,3,2,2,2,26,41085,1.2,0.2
99354,5,1944,448935,449053,1,3150,142.56,2,4,2,2,2,82,-118,1,0
98034,8,2026,1134939,1134929,1,2000,567.46,2,4,3,3,2,0,10,1,0
98380,3,1992,299942,270066,0.96,1810,324.3,2,3,2,2,2,34,29876,1.11,0.11
98236,3,1992,118939,109911,0.96,1810,324.3,2,3,2,2,2,34,9028,1.08,0.08
99205,5,1977,475059,474905,1,1810,324.3,2,4,2,2,2,49,154,1,0
98117,8,1995,675088,730071,1.03,1320,553.08,2,3,2,2,2,31,-33595,0.92,-0.08
98052,7,1984,1222787,1462187.5,1.01,2210,680.56,2,4,3,2,2,42,-7963,0.84,-0.16
99022,4,2019,84918,71947,0.96,1060,67.87,2,3,2,2,2,7,12971,1.18,0.18
98045,4,1996,103098,94887,0.96,780,121.65,1,2,1,1,2,30,8211,1.09,0.09
98177,7,1959,1145089,1144945,1,2280,502.17,2,4,3,1,2,67,144,1,0
98506,8,2025,444925,445079,1,1400,317.91,2,3,2,2,2,1,-154,1,0
98024,7,1996,569974,1462187.5,1,3865,425.02,2,3,4.5,3,2,30,-33595,0.39,-0.61
98349,3,1992,139992,135071,0.96,1810,324.3,2,3,2,2,2,34,4921,1.04,0.04
98019,8,2026,829950,829936,1,1930,430.02,2,3,4,3,2,0,14,1,0
98188,7,1958,569974,550070,1,1150,478.32,1,3,1,1,2,68,19904,1.04,0.04
98321,7,1964,569974,370094,1,1790,206.76,2,3,2,2,2,62,43901,1.54,0.54
98030,7,2016,800009,800091,1,2620,305.38,2,4,3,3,2,10,-82,1,0
99003,7,1998,569974,449933,1,2410,186.69,1,3,2,2,2,28,43901,1.27,0.27
99037,7,2026,569974,475014,1,1960,242.35,1,3,2,2,2,0,43901,1.2,0.2
99005,7,1998,949939,924925,0.97,3865,134.83,2,5,4.5,3,2,28,25014,1.03,0.03
99208,7,1995,585091,575084,0.98,3100,185.51,1,3,3,3,2,31,10007,1.02,0.02
98074,0,2000,569974,519941,1,1070,485.93,3,3,2,2,2,26,43901,1.1,0.1
98346,7,1990,569974,600087,1,1360,441.24,2,3,3,2,2,36,-30113,0.95,-0.05
98014,7,1992,569974,115598,1,1810,324.3,2,3,0.5,2,2,34,43901,4.93,3.93
98671,7,2006,674804,674807,1,3250,207.63,2,5,2,2,2,20,-3,1,0
98443,7,1968,569974,650077,1,2420,268.63,2,4,2,2,2,58,-33595,0.88,-0.12
99353,7,2011,569974,240066,1,1560,153.89,1,4,2,2,2,15,43901,2.37,1.37
98225,0,1990,569974,255378,1,740,345.11,2,2,1,1,2,36,43901,2.23,1.23
98502,3,1992,130034,111087,0.96,1810,324.3,2,3,2,2,2,34,18947,1.17,0.17
98607,7,1996,1100100,1100073,1,2880,381.97,2,5,2,2,2,30,27,1,0
98011,4,1966,75041,68055,0.96,980,69.44,1,3,1,1,2,60,6986,1.1,0.1
98632,7,2022,519071,519084,1,2280,227.67,2,5,3,3,2,4,-13,1,0
98498,7,2020,569974,643057,1,2260,284.54,2,4,2,2,2,6,-33595,0.89,-0.11
98223,3,1992,507098,500100,0.99,1810,324.3,2,3,2,2,2,34,6998,1.01,0.01
99224,3,1992,99836,99829,1,1810,324.3,2,3,2,2,2,34,7,1,0
98387,7,2016,599928,599928,1,3030,198,2,4,3,2,2,10,0,1,0
98584,4,1994,184901,170052,0.96,670,253.81,1,2,1,1,2,32,14849,1.09,0.09
98366,7,2006,569974,600338,1,2790,215.17,2,3,4,3,2,20,-30364,0.95,-0.05
98020,7,1981,569974,1462187.5,1,3865,680.56,1,4,4,3,2,45,-33595,0.39,-0.61
99156,3,1992,89850,79923,0.96,1810,324.3,2,3,2,2,2,34,9927,1.12,0.12
98826,3,1992,239929,199905,0.96,1810,324.3,2,3,2,2,2,34,40024,1.2,0.2
98074,7,1987,569974,1462187.5,1,2540,629.88,2,4,4,2,2,39,-33595,0.39,-0.61
99403,4,1973,264928,65052,0.96,1440,45.18,1,2,2,2,2,53,43901,4.07,3.07
98115,7,1909,569974,1462187.5,1,1440,680.56,2,3,3,2,2,117,-33595,0.39,-0.61
99217,4,1996,62438,54158,0.96,840,64.47,1,2,1,1,2,30,8280,1.15,0.15
98028,0,1992,569974,424925,1,960,442.63,2,1.5,1,1,2,34,43901,1.34,0.34
99208,7,1960,569974,353925,1,2800,126.4,1,3,3,3,2,66,43901,1.61,0.61
98074,3,1992,299081,270079,0.96,1810,324.3,2,3,2,2,2,34,29002,1.11,0.11
98625,3,1992,229911,230085,1,1810,324.3,2,3,2,2,2,34,-174,1,0
98274,3,1992,379921,379903,1,1810,324.3,2,3,2,2,2,34,18,1,0
98003,7,1962,539931,600095,1.03,1320,454.62,1,4,2,2,2,64,-33595,0.9,-0.1
99402,7,1980,799663,568006,1,3865,324.3,2,4,4.5,3.5,2,46,43901,1.41,0.41
98685,7,2014,1047908,1047921,1,2600,403.05,1,3,2,2,2,12,-13,1,0
99216,7,1954,569974,135137,1,1560,86.63,1,4,1,1,2,72,43901,4.22,3.22
98038,7,2013,849890,849895,1,2720,312.46,2,4,3,2,2,13,-5,1,0
99206,7,1953,349816,349814,1,2130,164.23,1,3,2,1,2,73,2,1,0
98802,7,2019,887050,876550,0.99,2500,350.62,1,3,2,1,2,7,10500,1.01,0.01
98052,0,1992,569974,884985,1,1810,324.3,2,3,0.5,2,2,34,-33595,0.64,-0.36
98029,0,1996,549079,555075,1.01,1500,370.05,1,2,2,1,2,30,-5996,0.99,-0.01
99016,7,1999,694932,695090,1,3270,212.57,2,5,3,3,2,27,-158,1,0
98033,0,1983,569974,615098,1,1320,465.98,2,2,2,2,2,43,-33595,0.93,-0.07
98337,7,1910,480095,471922,0.98,1080,436.96,1,3,1,1,2,116,8173,1.02,0.02
98026,7,1977,1095051,1005079,0.96,2100,478.61,2,4,3,2,2,49,43901,1.09,0.09
98826,7,1996,1222787,1262426,0.96,2390,528.21,2,3,3,1,2,30,43901,0.97,-0.03
98371,3,1992,334440,334431,1,1810,324.3,2,3,2,2,2,34,9,1,0
98520,7,1969,480045,462554,0.96,1520,304.31,1,4,3,1,2,57,17491,1.04,0.04
98105,7,1934,569974,1462187.5,1,2320,680.56,2,5,4,2,2,92,-33595,0.39,-0.61
98686,7,1977,797913,798086,1,2150,371.2,2,2,2,2,2,49,-173,1,0
99224,4,1994,110091,105404,0.96,1810,324.3,2,3,2,2,2,32,4687,1.04,0.04
98144,0,1992,569974,624948,1,1110,563.02,2,2,3,2,2,34,-33595,0.91,-0.09
98362,4,2021,275054,254934,0.96,380,670.88,1,1.5,1,2,2,5,20120,1.08,0.08
99218,7,1990,648943,619919,0.96,3865,152.31,2,5,4,3,2,36,29024,1.05,0.05
98682,7,2010,824930,824915,1,2600,317.27,2,4,3,3,2,16,15,1,0
98020,7,1955,998067,1059913,1.03,1830,579.19,1,3,3,2,2,71,-33595,0.94,-0.06
98033,0,1987,524862,495085,0.96,920,538.14,1,2,2,2,2,39,29777,1.06,0.06
99301,4,1999,340057,335054,0.99,1790,187.18,1,3,2,2,2,27,5003,1.01,0.01
98166,7,1947,864932,844938,0.98,2040,414.19,1,5,3,1,2,79,19994,1.02,0.02
98642,7,2016,575062,575073,1,2350,244.71,2,4,2,2,2,10,-11,1,0
99402,3,1992,78559,70052,0.96,1810,324.3,2,3,2,2,2,34,8507,1.12,0.12
99301,7,2025,969958,969067,1,2460,393.93,1,3,3,1,2,1,891,1,0
98604,7,1992,569974,689931,1,1810,324.3,2,3,0.5,2,2,34,-33595,0.83,-0.17
98275,7,2006,569974,1462187.5,1,3760,575.77,1,3,4,3,2,20,-33595,0.39,-0.61
98282,4,1986,424930,434934,1.02,1620,268.48,1,2,2,2,2,40,-10004,0.98,-0.02
99206,7,1977,459918,449901,0.98,2640,170.42,2,4,2,1,2,49,10017,1.02,0.02
98106,8,1979,445074,450085,1.01,1010,445.63,2,2,2,1,2,47,-5011,0.99,-0.01
98951,2,1992,589913,589915,1,1810,324.3,2,3,2,2,2,34,-2,1,0
99337,3,1992,154907,155091,1,1810,324.3,2,3,2,2,2,34,-184,1,0
98273,3,1992,399924,760092,1.03,1810,324.3,2,3,2,2,2,34,-33595,0.53,-0.47
98826,3,1992,220082,199939,0.96,1810,324.3,2,3,2,2,2,34,20143,1.1,0.1
98272,3,1992,98913,40071,0.96,1810,324.3,2,3,2,2,2,34,43901,2.47,1.47
98296,8,2026,689910,680071,0.99,1840,369.6,2,3,4,1,2,0,9839,1.01,0.01
98444,7,1940,569974,459901,1,1460,315,1,3,1,1,2,86,43901,1.24,0.24
98826,3,1992,239900,200052,0.96,1810,324.3,2,3,2,2,2,34,39848,1.2,0.2
99352,3,1992,141942,142074,1,1810,324.3,2,3,2,2,2,34,-132,1,0
98686,7,1997,519929,520060,1,2170,239.66,2,3,2,2,2,29,-131,1,0
98282,7,2025,898917,889060,0.99,2280,389.94,1,3,3,1,2,1,9857,1.01,0.01
98862,7,1979,1049930,945088,0.96,1890,500.05,2,3,2,2,2,47,43901,1.11,0.11
98115,7,1964,1222787,1462187.5,1.03,2960,680.56,3,4,3,1,2,62,-33595,0.84,-0.16
98366,7,1959,599997,580090,0.97,3000,193.36,1,4,3,1,2,67,19907,1.03,0.03
98271,7,1963,634947,624900,0.98,1500,416.6,1,3,3,1,2,63,10047,1.02,0.02
98604,7,2025,550062,550089,1,1790,307.31,2,3,2,2,2,1,-27,1,0
98006,0,1998,569974,410058,1,1010,406,3,2,2,2,2,28,43901,1.39,0.39
98105,7,1924,1222787,1462187.5,1.03,1950,680.56,1,4,2,1,2,102,-33595,0.84,-0.16
98649,3,1992,198946,150072,0.96,1810,324.3,2,3,2,2,2,34,43901,1.33,0.33
98663,7,1930,600088,600078,1,2370,253.2,3,4,2,2,2,96,10,1,0
98059,7,2009,1000099,1025089,1.02,2380,430.71,2,4,3,2,2,17,-24990,0.98,-0.02
98027,8,2025,1222787,1462187.5,1,2050,680.56,2,3,4,3,2,1,215,0.84,-0.16
98625,3,1992,250071,230058,0.96,1810,324.3,2,3,2,2,2,34,20013,1.09,0.09
98240,7,1924,758927,758900,1,2290,331.4,2,4,2,2,2,102,27,1,0
98631,0,2003,407944,407904,1,1380,295.58,2,2,2,2,2,23,40,1,0
98391,3,1992,150060,128083,0.96,1810,324.3,2,3,2,2,2,34,21977,1.17,0.17
98125,7,1961,1099892,1379915,1.03,1860,680.56,1,4,2,1,2,65,-33595,0.8,-0.2
98826,3,1992,219941,199903,0.96,1810,324.3,2,3,2,2,2,34,20038,1.1,0.1
98662,4,1978,569974,1462187.5,1,3120,600.99,1,5.5,4.5,3.5,2,48,-33595,0.39,-0.61
99218,7,1969,415073,429943,1.03,2690,159.83,2,4,2,2,2,57,-14870,0.97,-0.03
98056,7,1959,695062,700080,1.01,1370,511.01,1,3,1,1,2,67,-5018,0.99,-0.01
98292,7,1909,569974,160072,1,1150,139.19,2,1.5,1,1,2,117,43901,3.56,2.56
99208,7,1992,524941,519910,0.99,3020,172.16,1,5,3,3,2,34,5031,1.01,0.01
98223,3,1992,325090,325089,1,1810,324.3,2,3,2,2,2,34,1,1,0
98036,7,2025,1222787,1462187.5,0.98,3865,579.33,2,5,4.5,2,2,1,43901,0.84,-0.16
98683,7,1996,520096,519932,1,1550,335.44,2,3,2,2,2,30,164,1,0
98607,3,1992,239923,240071,1,1810,324.3,2,3,2,2,2,34,-148,1,0
98112,7,1996,1044910,1045082,1,1740,600.62,2,3,3,2,2,30,-172,1,0
99352,3,1992,142082,141918,1,1810,324.3,2,3,2,2,2,34,164,1,0
98857,4,1984,50063,50076,1,920,54.43,1,3,1,2,2,42,-13,1,0
98199,7,1928,1222787,1462187.5,0.97,3070,553.77,2,4,3,1,2,98,43901,0.84,-0.16
98102,8,2025,1222787,1149900,0.96,1760,653.35,2,2,3,1,2,1,43901,1.06,0.06
98105,8,2026,1096006,1099938,1,1710,643.24,2,3,3,1,2,0,-3932,1,0
98597,7,2008,375062,380058,1.01,970,391.81,1,2,2,2,2,18,-4996,0.99,-0.01
98663,5,1978,565064,565090,1,1540,366.94,1,4,2,2,2,48,-26,1,0
98022,7,2021,714942,720097,1.01,2280,315.83,2,3,3,2,2,5,-5155,0.99,-0.01
98166,7,1961,1200051,1420081,1.03,2230,636.81,1,3,4,1,2,65,-33595,0.85,-0.15
98373,7,1995,1219902,1200070,0.98,3865,290.57,2,3,4,3,2,31,19832,1.02,0.02
99352,3,1992,159924,160067,1,1810,324.3,2,3,2,2,2,34,-143,1,0
99350,4,1991,569974,323927,1,2440,132.76,1,3,0.5,2,2,35,43901,1.76,0.76
99217,7,2004,538597,538448,1,2580,208.7,2,5,3,3,2,22,149,1,0
98052,7,1983,1222787,1462187.5,1.03,1860,680.56,1,3,2,2,2,43,-33595,0.84,-0.16
99301,4,1972,569974,266663,1,670,398,2,2,1,1,2,54,43901,2.14,1.14
98223,7,1997,725093,745063,1.03,1940,384.05,1,3,3,1,2,29,-19970,0.97,-0.03
98106,8,2025,739918,749922,1.01,1330,563.85,2,3,2,2,2,1,-10004,0.99,-0.01
98312,7,2023,699070,698901,1,2120,329.67,2,3,3,2,2,3,169,1,0
99037,7,2000,724937,714940,0.99,3865,168.62,3,5,4,3,2,26,9997,1.01,0.01
98368,7,2010,544949,531904,0.98,1880,282.93,1,3,2,2,2,16,13045,1.02,0.02
98248,6,1992,569974,1462187.5,1,1810,324.3,2,3,0.5,2,2,34,-33595,0.39,-0.61
98382,8,2008,448942,448901,1,1830,245.3,2,2,3,2,2,18,41,1,0
98282,6,1992,569974,1462187.5,1,1810,324.3,2,3,0.5,2,2,34,-33595,0.39,-0.61
98351,3,1992,147918,142100,0.96,1810,324.3,2,3,2,2,2,34,5818,1.04,0.04
98034,7,1978,1222787,1375083,1,1820,680.56,2,4,3,2,2,48,-11,0.89,-0.11
98682,7,2017,725089,725084,1,2590,279.96,2,4,2,2,2,9,5,1,0
98584,4,1990,569974,439922,1,1250,351.94,1,3,2,2,2,36,43901,1.3,0.3
98203,5,1954,569974,400073,1,3865,76.06,1,4,4.5,3.5,2,72,43901,1.42,0.42
98264,6,2012,569974,1462187.5,1,3865,128.32,2,3,0.5,2,2,14,-33595,0.39,-0.61
99003,3,1992,110096,110093,1,1810,324.3,2,3,2,2,2,34,3,1,0
98264,6,1965,569974,1462187.5,1,3865,134.29,1,4,2,2,2,61,-33595,0.39,-0.61
98056,8,2014,574907,549949,0.96,1640,335.33,2,3,3,1,2,12,24958,1.05,0.05
98106,7,2025,1145012,1145035,1,2010,569.67,2,4,4,1,2,1,-23,1,0
98282,6,2025,569974,1462187.5,1,1810,324.3,2,3,0.5,2,2,1,-33595,0.39,-0.61
98252,4,1992,569974,190087,1,1810,324.3,2,3,0.5,2,2,34,43901,3,2
98528,7,2018,1222787,1462187.5,0.97,3865,680.56,2,2,4,3,2,8,43901,0.84,-0.16
98037,7,1941,769924,741933,0.96,1180,628.76,1,2,2,1,2,85,27991,1.04,0.04
98109,7,1909,1222787,1462187.5,0.96,3850,502.58,2,3,3,1,2,117,43901,0.84,-0.16
98513,7,2009,574907,569917,0.99,2980,191.25,2,4,3,2,2,17,4990,1.01,0.01
98126,7,1956,819094,818931,1,2520,324.97,1,4,2,1,2,70,163,1,0
99338,0,2002,379923,384930,1.01,1910,201.53,1,2,2,2,2,24,-5007,0.99,-0.01
98006,7,1967,1222787,1462187.5,1.03,3640,469.8,2,4,4,1,2,59,-33595,0.84,-0.16
98310,7,1993,779845,779848,1,2790,279.52,2,4,3,3,2,33,-3,1,0
98012,7,2014,1222787,1284949,0.99,2560,501.93,2,5,3,2,2,12,14970,0.95,-0.05
98070,7,1997,1195077,1320054,1.03,2620,503.84,1,3,3,1,2,29,-33595,0.91,-0.09
98922,7,2008,874088,855071,0.98,2330,366.98,2,3,3,2,2,18,19017,1.02,0.02
98671,4,1971,569974,216424,1,1060,204.17,1,2,1,1,2,55,43901,2.63,1.63
98626,4,2017,378944,375070,0.99,1460,256.9,1,3,2,2,2,9,3874,1.01,0.01
98125,7,1993,1099944,1074902,0.98,2060,521.8,2,4,3,2,2,33,25042,1.02,0.02
98603,7,1976,389911,398061,1.02,770,516.96,1,2,1,1,2,50,-8150,0.98,-0.02
98229,7,2011,949058,1000070,1.03,2050,487.84,2,3,3,2,2,15,-33595,0.95,-0.05
98329,2,1987,1198903,1085062,0.96,3280,330.81,2,3,4,1,2,39,43901,1.1,0.1
98367,7,2018,849945,850065,1,2930,290.12,2,4,4,3.5,2,8,-120,1,0
98208,7,1964,695087,719921,1.03,1450,496.5,1,3,2,1,2,62,-24834,0.97,-0.03
98042,7,2018,835099,835065,1,2770,301.47,2,4,3,2,2,8,34,1,0
98115,7,2026,799072,800066,1,1310,610.74,2,3,2,2,2,0,-994,1,0
98661,0,1996,459947,459915,1,1140,403.43,1,2,2,2,2,30,32,1,0
98584,7,2013,1098906,1099092,1,3130,351.15,2,3,3,2,2,13,-186,1,0
98059,7,2012,1100009,1099890,1,2380,462.14,2,5,3,2,2,14,119,1,0
98387,7,2005,540076,539945,1,1850,291.86,1,3,2,2,2,21,131,1,0
98059,7,1994,795100,850062,1.03,1740,488.54,1,3,2,1,2,32,-33595,0.94,-0.06
98548,7,2007,1222787,1449921,0.97,3040,476.95,1,2,3,2,2,19,43901,0.84,-0.16
98264,7,2018,684948,674902,0.99,1930,349.69,2,3,3,1,2,8,10046,1.01,0.01
98040,7,1971,1222787,1462187.5,1,3865,680.56,2,5,4,3,2,55,-5149,0.84,-0.16
98407,7,1952,624942,624948,1,1610,388.17,1,3,2,2,2,74,-6,1,0
98466,7,1965,675088,670076,0.99,1920,349,1,3,3,2,2,61,5012,1.01,0.01
98532,7,1935,475081,474900,1,2760,172.07,3,4,1,2,2,91,181,1,0
98828,7,2026,509436,519422,1.02,1970,263.67,1,3,3,2,2,0,-9986,0.98,-0.02
98374,7,1987,539929,540097,1,1580,341.83,2,3,3,2,2,39,-168,1,0
98328,7,1992,540056,622142,1.03,2420,257.08,1,3,3,1,2,34,-33595,0.87,-0.13
98632,7,1940,299800,269949,0.96,2300,117.37,1,4,3,1,2,86,29851,1.11,0.11
98373,7,2001,544938,534929,0.98,1930,277.17,2,3,3,2,2,25,10009,1.02,0.02
98001,7,1966,585065,595089,1.02,1700,350.05,2,4,2,1,2,60,-10024,0.98,-0.02
98223,4,1994,460075,460075,1,1400,328.62,1,3,2,2,2,32,0,1,0
98055,7,1959,678916,678941,1,1610,421.7,1,4,2,1,2,67,-25,1,0
98284,7,1959,490075,495059,1.01,1120,442.02,1,3,2,1,2,67,-4984,0.99,-0.01
98374,7,2015,614924,619917,1.01,2030,305.38,2,4,3,2,2,11,-4993,0.99,-0.01
98125,7,1950,764921,750073,0.98,1490,503.4,2,4,2,1,2,76,14848,1.02,0.02
98467,7,1979,600043,699921,1.03,2790,250.87,2,4,3,2,2,47,-33595,0.86,-0.14
98632,7,1946,334830,327569,0.98,1260,259.98,1,3,1,1,2,80,7261,1.02,0.02
98632,4,2003,169808,164967,0.97,1570,105.07,1,3,2,2,2,23,4841,1.03,0.03
98942,7,1991,569974,1099917,1,3865,261.26,2,4,4.5,3.5,2,35,-33595,0.52,-0.48
98584,4,1998,325049,325000,1,1340,242.54,1,3,2,2,2,28,49,1,0
98117,8,2021,712404,702428,0.99,1500,468.29,2,2,2,1,2,5,9976,1.01,0.01
98034,7,1999,1222787,1375068,1,2360,582.66,2,4,3,2,2,27,22,0.89,-0.11
98043,7,1952,749938,749911,1,1300,576.85,1,3,2,1,2,74,27,1,0
98332,7,2006,1025089,994913,0.97,3180,312.87,2,3,4,2,2,20,30176,1.03,0.03
98942,7,2018,530087,529929,1,2550,207.82,2,4,3,2,2,8,158,1,0
98119,8,2019,798936,790063,0.99,1620,487.69,2,3,3,1,2,7,8873,1.01,0.01
98144,8,2019,600034,610062,1.02,1290,472.92,2,2,2,1,2,7,-10028,0.98,-0.02
98033,0,1985,1222787,1462187.5,0.98,1630,680.56,1,2,2,1,2,41,43901,0.84,-0.16
98374,7,2017,690026,680063,0.99,2970,228.98,2,3,3,2,2,9,9963,1.01,0.01
98122,8,2017,1148090,1099912,0.96,1850,594.55,2,3,3,2,2,9,43901,1.04,0.04
99205,7,1910,269959,274952,1.02,720,381.88,1,2,1,1,2,116,-4993,0.98,-0.02
98404,7,1911,485067,507949,1.03,1690,300.56,2,3,2,1,2,115,-22882,0.95,-0.05
98092,7,2003,735090,735077,1,3020,243.4,2,3,3,2,2,23,13,1,0
98671,7,2007,685073,685061,1,2570,266.56,1,3,2,2,2,19,12,1,0
98106,7,2025,1222787,1299908,1,3120,416.64,2,5,4.5,3,2,1,-1006,0.94,-0.06
98499,5,1989,724950,749788,1.03,2840,264.01,2,5.5,4,2,2,37,-24838,0.97,-0.03
98026,7,1963,799864,862089,1.03,1580,545.63,1,4,2,2,2,63,-33595,0.93,-0.07
99324,7,2018,530091,525073,0.99,1820,288.5,1,3,2,2,2,8,5018,1.01,0.01
98107,7,1925,1222787,1410072,1.03,3070,459.31,2,5,2,2,2,101,-33595,0.87,-0.13
98446,7,1931,898943,878929,0.98,3130,280.81,2,5,2,2,2,95,20014,1.02,0.02
98116,7,1922,1222787,1462187.5,1.03,2020,680.56,1,4,3,1,2,104,-33595,0.84,-0.16
98011,4,1978,624930,600078,0.96,1780,337.12,1,4,2,1,2,48,24852,1.04,0.04
98272,7,2015,738933,739094,1,1750,422.34,1,3,2,2,2,11,-161,1,0
99337,7,1950,389968,365063,0.96,1860,196.27,1,3,2,1,2,76,24905,1.07,0.07
98011,7,1994,1222787,1299948,0.96,1880,680.56,2,4,3,1,2,32,43901,0.94,-0.06
98271,7,1979,629860,639922,1.02,1490,429.48,1,3,2,2,2,47,-10062,0.98,-0.02
98391,7,2001,524926,542070,1.03,1810,299.49,2,3,3,2,2,25,-17144,0.97,-0.03
98360,7,1990,549947,550090,1,1390,395.75,1,3,2,2,2,36,-143,1,0
98367,7,1975,394900,414907,1.03,1040,398.95,1,3,1,1,2,51,-20007,0.95,-0.05
98257,7,2007,748939,739902,0.99,2490,297.15,2,3,3,2,2,19,9037,1.01,0.01
98512,7,1995,494896,494880,1,1640,301.76,2,3,3,2,2,31,16,1,0
98292,7,1985,574920,580095,1.01,1390,417.33,1,3,2,1,2,41,-5175,0.99,-0.01
98312,7,2025,1199829,1145844,0.96,3140,364.92,2,3,4,2,2,1,43901,1.05,0.05
98072,7,1979,1197919,1180069,0.99,2560,460.96,2,4,3,1,2,47,17850,1.02,0.02
99001,7,2022,400093,390063,0.97,1470,265.35,2,3,2,2,2,4,10030,1.03,0.03
98407,0,1990,315054,304903,0.97,810,376.42,1,1.5,1,1,2,36,10151,1.03,0.03
98355,7,1920,299886,255080,0.96,1310,194.72,2,3,1,2,2,106,43901,1.18,0.18
98116,0,1994,924924,925068,1,1480,625.05,1,2,2,1,2,32,-144,1,0
98012,7,2001,1222787,1462187.5,0.96,3230,503.11,2,4,3,2,2,25,43901,0.84,-0.16
98391,7,2003,515030,514861,1,1360,378.57,2,3,2,2,2,23,169,1,0
98188,7,1988,849069,877583,1.03,2420,362.64,2,4,3,2,2,38,-28514,0.97,-0.03
98333,7,2004,899081,910093,1.01,2870,317.11,1,3,2,2,2,22,-11012,0.99,-0.01
98052,8,2001,849901,750822,0.96,1630,460.63,2,3,4,1,2,25,43901,1.13,0.13
98273,7,1935,439974,439943,1,1040,423.02,1,3,1,1,2,91,31,1,0
98092,7,1983,550045,569933,1.03,1550,367.7,2,5,2,2,2,43,-19888,0.97,-0.03
98685,7,1973,535589,520919,0.97,1580,329.7,1,3,2,1,2,53,14670,1.03,0.03
98133,7,1952,668065,668062,1,770,680.56,1,2,1,1,2,74,3,1,0
98275,7,1989,799062,849947,1.03,2110,402.82,1,3,2,2,2,37,-33595,0.94,-0.06
99403,7,1925,295089,241909,0.96,900,268.79,1,2,1,1,2,101,43901,1.22,0.22
98036,7,1972,849940,810077,0.96,1670,485.08,2,3,3,1,2,54,39863,1.05,0.05
98290,7,1989,749933,781930,1.03,1690,462.68,1,3,3,1,2,37,-31997,0.96,-0.04
98374,7,2019,749937,750077,1,2720,275.76,2,4,3,2,2,7,-140,1,0
99208,7,2022,655080,650087,0.99,2050,317.12,1,3,2,2,2,4,4993,1.01,0.01
98375,0,1986,298935,294950,0.99,1340,220.11,1,3,2,2,2,40,3985,1.01,0.01
98125,0,1979,360083,354928,0.99,940,377.58,1,2,2,1,2,47,5155,1.01,0.01
99336,7,1956,409362,399938,0.98,1790,223.43,1,4,2,2,2,70,9424,1.02,0.02
98122,0,1929,350042,349896,1,620,564.35,1,1.5,1,1,2,97,146,1,0
98058,7,2011,849897,829949,0.98,2150,386.02,2,4,3,2,2,15,19948,1.02,0.02
98198,0,2009,354949,364928,1.03,970,376.21,2,2,1,1,2,17,-9979,0.97,-0.03
98027,7,1947,675073,609923,0.96,800,680.56,1,1.5,1,1,2,79,43901,1.11,0.11
99208,7,1959,355061,347425,0.98,2040,170.31,1,4,1,1,2,67,7636,1.02,0.02
98112,7,1930,1222787,1462187.5,1.03,3470,680.56,2,4,4,2,2,96,-33595,0.84,-0.16
98110,7,1968,687914,754927,1.03,2350,321.25,1,4,2,2,2,58,-33595,0.91,-0.09
99208,7,1978,407334,407320,1,1900,214.38,2,4,2,2,2,48,14,1,0
98503,6,1992,569974,433951,1,1810,324.3,2,3,0.5,2,2,34,43901,1.31,0.31
98275,7,1976,1075080,1039917,0.97,2810,370.08,1,4,3,1,2,50,35163,1.03,0.03
99114,7,1942,358425,358596,1,2830,126.71,1,4,2,2,2,84,-171,1,0
98802,7,1996,399826,399839,1,1720,232.46,1,3,3,1,2,30,-13,1,0
98596,7,2021,574948,575090,1,2920,196.95,2,5.5,2,2,2,5,-142,1,0
98312,4,2025,430023,429865,1,1600,268.67,1,4,2,2,2,1,158,1,0
98665,8,1999,369067,369079,1,1440,256.3,2,3,2,2,2,27,-12,1,0
98503,7,2012,669991,680050,1.01,3260,208.6,2,5,4,3,2,14,-10059,0.99,-0.01
98125,7,1993,994906,994923,1,2210,450.19,2,4,3,2,2,33,-17,1,0
98310,7,2019,500087,480407,0.96,1970,243.86,2,3,3,1,2,7,19680,1.04,0.04
98053,8,2014,820051,804918,0.98,1880,428.15,2,3,3,2,2,12,15133,1.02,0.02
99004,3,1992,275092,262650,0.96,1810,324.3,2,3,2,2,2,34,12442,1.05,0.05
98072,0,1986,332930,332936,1,610,545.8,1,1.5,1,1,2,40,-6,1,0
98223,7,2012,569879,574921,1.01,1550,370.92,2,3,3,2,2,14,-5042,0.99,-0.01
98277,8,1989,374402,362909,0.97,1370,264.9,2,3,2,2,2,37,11493,1.03,0.03
98003,0,1990,339094,340278,1,1130,301.13,1,3,2,1,2,36,-1184,1,0
98117,8,2026,995052,995093,1,1510,659,2,3,2,1,2,0,-41,1,0
99207,7,1909,219018,218860,1,860,254.49,2,1.5,1,1,2,117,158,1,0
98026,7,1981,625088,630063,1.01,1010,623.82,1,3,1,1,2,45,-4975,0.99,-0.01
98499,7,1950,574923,569941,0.99,1970,289.31,2,4,2,2,2,76,4982,1.01,0.01
98107,0,2002,569963,539904,0.96,1010,534.56,1,2,2,1,2,24,30059,1.06,0.06
98837,7,1909,325076,330080,1.02,1540,214.34,1,3,2,1,2,117,-5004,0.98,-0.02
99004,5,2001,534906,540747,1.01,2860,189.07,2,5.5,4,3.5,2,25,-5841,0.99,-0.01
98579,7,2023,574939,574903,1,2030,283.2,1,3,2,1,2,3,36,1,0
99349,0,2007,329912,328071,0.99,1320,248.54,1,3,2,2,2,19,1841,1.01,0.01
98626,5,1971,774913,730052,0.96,1810,324.3,2,5.5,4,2,2,55,43901,1.06,0.06
99006,3,1992,175095,175096,1,1810,324.3,2,3,2,2,2,34,-1,1,0
98367,7,2025,905015,905029,1,3865,221.28,2,5,4.5,3.5,2,1,-14,1,0
98584,4,1990,254939,219944,0.96,980,224.43,1,2,2,1,2,36,34995,1.16,0.16
98908,7,2022,528923,515077,0.97,1590,323.95,1,3,2,2,2,4,13846,1.03,0.03
98338,7,2025,1222787,1462187.5,1.03,3865,309.17,2,4,4,3.5,2,1,-33595,0.84,-0.16
98052,7,1980,1222787,1300064,0.98,1700,680.56,2,4,2,1,2,46,25006,0.94,-0.06
98638,3,1992,249089,248933,1,1810,324.3,2,3,2,2,2,34,156,1,0
98117,8,2016,824860,809927,0.98,1760,460.19,2,3,2,2,2,10,14933,1.02,0.02
98424,8,2008,468062,465078,0.99,1340,347.07,2,2,3,2,2,18,2984,1.01,0.01
98327,0,2005,339910,342092,1.01,1020,335.38,1,2,2,1,2,21,-2182,0.99,-0.01
98030,7,1986,875061,879933,1.01,2130,413.11,1,5,3,2,2,40,-4872,0.99,-0.01
98043,7,1951,588930,614913,1.03,1420,433.04,1,3,1,1,2,75,-25983,0.96,-0.04
98445,7,1997,404949,404902,1,1180,343.14,2,3,2,2,2,29,47,1,0
98258,7,2021,569974,635088,1,2200,288.68,2,4,4,3,2,5,-33595,0.9,-0.1
98576,7,1991,422598,422562,1,1110,380.69,1,3,2,1,2,35,36,1,0
98201,0,1996,374928,375084,1,1100,340.99,1,2,2,2,2,30,-156,1,0
98506,7,1999,460086,460064,1,1230,374.04,1,3,2,2,2,27,22,1,0
98387,7,1997,480005,485074,1.01,1690,287.03,2,5,3,1,2,29,-5069,0.99,-0.01
99206,7,2006,449818,439982,0.98,1550,283.86,1,3,2,2,2,20,9836,1.02,0.02
99338,7,2026,609968,632851,1.03,2470,256.21,1,4,3,1,2,0,-22883,0.96,-0.04
99006,3,1992,155087,149950,0.97,1810,324.3,2,3,2,2,2,34,5137,1.03,0.03
98026,8,2011,715097,724908,1.01,1740,416.61,2,3,3,2,2,15,-9811,0.99,-0.01
98029,7,1999,1222787,1230087,1,2080,591.39,2,3,3,2,2,27,-10,0.99,-0.01
98626,3,1992,115055,114944,1,1810,324.3,2,3,2,2,2,34,111,1,0
98121,0,2007,299916,319931,1.03,620,516.02,1,1.5,1,1,2,19,-20015,0.94,-0.06
98501,0,2000,345006,340063,0.99,1230,276.47,2,3,2,1,2,26,4943,1.01,0.01
98011,7,1961,1015072,999901,0.99,2370,421.9,2,4,2,2,2,65,15171,1.02,0.02
98059,7,2010,788553,772902,0.98,1820,424.67,2,4,3,2,2,16,15651,1.02,0.02
98848,7,1954,319082,314085,0.98,960,327.17,1,3,1,1,2,72,4997,1.02,0.02
98406,0,1981,309935,300072,0.97,1070,280.44,3,2,2,1,2,45,9863,1.03,0.03
99224,5,2024,678940,656748,0.97,3030,216.75,2,5.5,4.5,3.5,2,2,22192,1.03,0.03
98499,7,2000,530000,524938,0.99,2020,259.87,2,3,3,2,2,26,5062,1.01,0.01
98580,7,2015,650045,670054,1.03,1760,380.71,1,3,2,2,2,11,-20009,0.97,-0.03
98682,7,2025,555092,554910,1,2210,251.09,2,3,2,2,2,1,182,1,0
98005,7,1958,1222787,1462187.5,0.99,2780,680.56,1,4,3,3,2,68,15805,0.84,-0.16
98247,3,1992,454948,430084,0.96,1810,324.3,2,3,2,2,2,34,24864,1.06,0.06
98021,7,2002,1222787,1462187.5,1,2940,510.24,2,4,3,2,2,24,-1165,0.84,-0.16
98277,4,1987,30099,21935,0.96,1300,16.87,1,3,2,2,2,39,8164,1.37,0.37
98682,7,2009,475079,474916,1,1430,332.11,1,4,2,2,2,17,163,1,0
98335,3,1992,199056,190094,0.96,1810,324.3,2,3,2,2,2,34,8962,1.05,0.05
98144,8,2018,569974,609929,1,1240,491.88,3,2,3,2,2,8,-33595,0.93,-0.07
98367,7,2003,674937,674928,1,2770,243.66,2,4,3,2,2,23,9,1,0
98387,7,2005,467599,475060,1.02,1380,344.25,1,3,2,2,2,21,-7461,0.98,-0.02
98055,7,1950,650058,688871,1.03,1510,456.21,1,2,1,1,2,76,-33595,0.94,-0.06
98360,7,1930,454804,452594,1,1450,312.13,2,3,1,1,2,96,2210,1,0
98908,7,1993,474916,479917,1.01,1820,263.69,1,3,2,2,2,33,-5001,0.99,-0.01
98270,7,1969,614903,614940,1,1650,372.69,1,3,3,1,2,57,-37,1,0
98937,7,1977,474908,474924,1,1900,249.96,1,4,3,3,2,49,-16,1,0
98531,4,1998,139934,141086,1.01,1680,83.98,1,3,2,2,2,28,-1152,0.99,-0.01
98374,7,2024,569974,1462187.5,1,2760,680.56,2,3,2,2,2,2,-33595,0.39,-0.61
98944,7,1940,264942,255088,0.96,1220,209.09,2,4,1,1,2,86,9854,1.04,0.04
99336,7,1999,354964,350060,0.99,1250,280.05,1,3,2,2,2,27,4904,1.01,0.01
98607,7,2026,799840,799965,1,2670,299.61,2,4,3,3,2,0,-125,1,0
98536,7,2015,199956,194929,0.97,580,336.08,1,1.5,1,2,2,11,5027,1.03,0.03
98020,7,1983,1222787,1462187.5,1.03,1600,680.56,1,2,2,1,2,43,-33595,0.84,-0.16
98203,7,1996,574941,570096,0.99,1170,487.26,1,3,2,2,2,30,4845,1.01,0.01
98020,7,1964,1139056,1138939,1,1790,636.28,2,4,3,1,2,62,117,1,0
99337,3,1992,154931,154937,1,1810,324.3,2,3,2,2,2,34,-6,1,0
98671,7,2006,1222787,1400069,1,3530,396.62,2,4,3,3,2,20,-122,0.87,-0.13
99037,7,1994,404947,394907,0.98,2410,163.86,1,3,3,2,2,32,10040,1.03,0.03
99338,6,1992,569974,1186818,1,1810,324.3,2,3,0.5,2,2,34,-33595,0.48,-0.52
99301,8,2024,349946,350073,1,1180,296.67,2,3,3,1,2,2,-127,1,0
98312,7,1934,425053,424915,1,2020,210.35,2,3,2,2,2,92,138,1,0
98908,7,1970,319051,313596,0.98,1200,261.33,1,3,1,1,2,56,5455,1.02,0.02
98092,8,2004,479744,479707,1,1770,271.02,2,2,3,1,2,22,37,1,0
98682,4,2024,144924,144916,1,1020,142.07,1,3,2,2,2,2,8,1,0
98072,8,2025,1222787,1462187.5,0.98,2580,620.13,2,4,4,3,2,1,24975,0.84,-0.16
98144,8,2025,508913,509100,1,1120,454.55,2,3,2,1,2,1,-187,1,0
98363,4,1973,250029,225062,0.96,920,244.63,1,2,2,1,2,53,24967,1.11,0.11
98087,8,2026,614941,615063,1,1440,427.13,2,2,3,1,2,0,-122,1,0
98338,0,1986,399811,405086,1.01,1290,314.02,1,3,2,2,2,40,-5275,0.99,-0.01
98374,4,1995,495051,494949,1,1300,380.73,1,3,2,1,2,31,102,1,0
98584,4,1989,24918,18925,0.96,730,25.92,1,2,1,2,2,37,5993,1.32,0.32
98021,8,2005,739880,739857,1,1500,493.24,2,3,3,1,2,21,23,1,0
98087,8,2025,580084,579931,1,1290,449.56,2,3,3,1,2,1,153,1,0
98031,0,1997,317435,307910,0.97,1020,301.87,2,2,2,1,2,29,9525,1.03,0.03
99110,3,1992,85082,81929,0.96,1810,324.3,2,3,2,2,2,34,3153,1.04,0.04
98642,3,1992,999928,999907,1,1810,324.3,2,3,2,2,2,34,21,1,0
98144,8,2018,599923,600082,1,1110,540.61,2,2,2,2,2,8,-159,1,0
98052,8,2002,706897,700058,0.99,1330,526.36,2,3,2,1,2,24,6839,1.01,0.01
98569,3,1992,161914,149913,0.96,1810,324.3,2,3,2,2,2,34,12001,1.08,0.08
98260,3,1992,275071,390052,1.03,1810,324.3,2,3,2,2,2,34,-33595,0.71,-0.29
99022,3,1992,125072,125062,1,1810,324.3,2,3,2,2,2,34,10,1,0
98248,6,1970,569974,1210375,1,1810,324.3,2,3,0.5,2,2,56,-33595,0.47,-0.53
98014,8,2025,707262,717634,1.01,1560,460.02,2,3,3,2,2,1,-10372,0.99,-0.01
98367,3,1992,298942,219948,0.96,1810,324.3,2,3,2,2,2,34,43901,1.36,0.36
98403,6,1910,569974,445911,1,3500,127.4,1,3,0.5,2,2,116,43901,1.28,0.28
98012,8,2026,800003,799846,1,1800,444.36,2,4,4,3,2,0,157,1,0
99350,2,1992,250058,445263,1.03,1810,324.3,2,3,2,2,2,34,-33595,0.56,-0.44
98109,6,1992,569974,568006,1,1810,324.3,2,3,0.5,2,2,34,1968,1,0
98611,3,1992,209990,209959,1,1810,324.3,2,3,2,2,2,34,31,1,0
98661,7,1962,720089,720082,1,2580,279.1,1,4,2,2,2,64,7,1,0
98005,8,2025,1222787,1330091,1,1620,680.56,2,3,3,1,2,1,-28,0.92,-0.08
98571,3,1992,175071,144906,0.96,1810,324.3,2,3,2,2,2,34,30165,1.21,0.21
98052,6,2015,569974,568006,1,1810,324.3,3.5,3,0.5,2,2,11,1968,1,0
98014,8,1992,569974,717625,1,1810,324.3,2,3,0.5,2,2,34,-33595,0.79,-0.21
98626,5,1971,569974,730074,1,1810,324.3,2,5.5,0.5,2,2,55,-33595,0.78,-0.22
98012,6,1992,569974,1462187.5,1,1810,324.3,2,3,0.5,2,2,34,-33595,0.39,-0.61
98373,3,1992,569974,761487,1,1810,324.3,2,3,0.5,2,2,34,-33595,0.75,-0.25
98021,8,2005,569974,740038,1,1580,468.38,2,3,2,1,2,21,-33595,0.77,-0.23
98012,5,1968,569974,1462187.5,1,3865,680.56,2,3,4.5,3.5,2,58,-33595,0.39,-0.61
98203,7,2017,585098,575076,0.98,1780,323.08,2,3,3,2,2,9,10022,1.02,0.02
98029,8,2000,799084,780089,0.98,1460,534.31,2,3,2,2,2,26,18995,1.02,0.02
98683,8,2021,347582,347415,1,1430,242.95,2,3,2,2,2,5,167,1,0
98626,6,1992,569974,115067,1,1810,324.3,2,3,0.5,2,2,34,43901,4.95,3.95
98660,5,1942,425094,425064,1,1770,240.15,1,2,2,2,2,84,30,1,0
98846,5,1978,424947,450098,1.03,1810,324.3,2,3,2,2,2,48,-25151,0.94,-0.06
99347,3,1992,48906,48901,1,1810,324.3,2,3,2,2,2,34,5,1,0
98258,7,2007,664911,664949,1,2080,319.69,2,4,3,2,2,19,-38,1,0
98019,8,1992,569974,898564,1,1810,324.3,2,3,0.5,2,2,34,-33595,0.63,-0.37
98328,3,1992,199835,165056,0.96,1810,324.3,2,3,2,2,2,34,34779,1.21,0.21
98102,1,1961,315088,315093,1,650,484.76,2,1.5,1,1,2,65,-5,1,0
98503,5,2015,569974,1462187.5,1,3865,274.59,2,3,4.5,3.5,2,11,-33595,0.39,-0.61
99009,4,1999,449973,440085,0.98,1800,244.49,2,3,2,2,2,27,9888,1.02,0.02
98381,4,1978,230085,210085,0.96,2300,91.34,1,4,2,2,2,48,20000,1.1,0.1
98107,8,2025,569974,875080,1,1600,546.92,3,3,4,2,2,1,-33595,0.65,-0.35
98144,8,2024,569974,508938,1,1260,403.92,2,3,2,2,2,2,43901,1.12,0.12
98837,4,2008,195055,189091,0.97,1840,102.77,1,2,2,2,2,18,5964,1.03,0.03
98204,8,2004,645065,639922,0.99,1990,321.57,2,3,3,2,2,22,5143,1.01,0.01
98380,4,2022,630100,610077,0.97,2380,256.33,1,3,2,2,2,4,20023,1.03,0.03
98001,5,1969,600078,580066,0.97,1800,322.26,2,4,2,2,2,57,20012,1.03,0.03
98642,7,1978,509938,509950,1,1620,314.78,2,3,2,2,2,48,-12,1,0
99022,3,1992,124936,124922,1,1810,324.3,2,3,2,2,2,34,14,1,0
98059,7,2025,1222787,1462187.5,1.03,3360,680.56,2,5,4.5,2,2,1,-33595,0.84,-0.16
98003,0,1990,569974,340289,1,1060,321.03,3,3,2,2,2,36,43901,1.67,0.67
98626,7,1942,325064,323068,0.99,1000,323.07,1,3,1,1,2,84,1996,1.01,0.01
98052,0,1972,239919,227099,0.96,420,540.71,1,1.5,1,1,2,54,12820,1.06,0.06
98662,0,1981,250072,249916,1,1230,203.18,2,2,2,2,2,45,156,1,0
98498,7,1946,337581,347573,1.03,770,451.39,1,2,1,2,2,80,-9992,0.97,-0.03
99208,7,1910,234943,234914,1,960,244.7,1,2,1,1,2,116,29,1,0
99037,7,2025,514869,514867,1,2550,201.91,2,3,3,3,2,1,2,1,0
98584,7,1975,319903,319919,1,1280,249.94,2,2,1,1,2,51,-16,1,0
98038,7,2004,734944,734921,1,2040,360.26,2,4,3,2,2,22,23,1,0
98003,7,1963,569974,400097,1,1730,231.27,1,3,1,1,2,63,43901,1.42,0.42
98270,7,1954,499915,495066,0.99,1710,289.51,1,2,1,1,2,72,4849,1.01,0.01
99205,7,1917,569974,283322,1,1290,219.63,1,3,1,1,2,109,43901,2.01,1.01
98258,7,2025,784866,769938,0.98,2200,349.97,2,4,4,3,2,1,14928,1.02,0.02
99205,7,1950,344922,350079,1.01,1600,218.8,1,3,1,1,2,76,-5157,0.99,-0.01
98074,7,2016,1222787,1462187.5,1,3140,539.14,2,3,3,2,2,10,-4984,0.84,-0.16
98019,8,2025,893744,898393,1.01,2130,421.78,2,4,4,2,2,1,-4649,0.99,-0.01
98367,7,2025,752003,752010,1,3360,223.81,2,5,4.5,3.5,2,1,-7,1,0
98373,7,2026,675078,664904,0.98,2580,257.71,2,5,3,2,2,0,10174,1.02,0.02
98036,0,1978,569974,333090,1,970,343.39,1,2,2,2,2,48,43901,1.71,0.71
98012,7,1983,649898,715072,1.03,1380,518.17,1,3,2,2,2,43,-33595,0.91,-0.09
98387,7,2020,569974,540057,1,2170,248.87,2,4,2,2,2,6,29917,1.06,0.06
98037,8,2021,747928,735070,0.98,1800,408.37,2,4,4,2,2,5,12858,1.02,0.02
99019,7,2025,779146,779109,1,2650,294,1,4,3,3,2,1,37,1,0
98117,8,2025,1079100,1079079,1,2010,536.86,2,3,3,1,2,1,21,1,0
98271,7,1999,400060,408059,1.02,920,443.54,1,2,1,1,2,27,-7999,0.98,-0.02
98203,0,1979,304929,290942,0.96,840,346.36,3,2,1,1,2,47,13987,1.05,0.05
98003,7,1978,599927,600098,1,2190,274.02,2,4,4,2,2,48,-171,1,0
98033,0,1982,1222787,1462187.5,0.98,1940,680.56,1,3,2,2,2,44,43901,0.84,-0.16
98115,7,1946,1100087,1099916,1,2210,497.7,1,3,2,1,2,80,171,1,0
98003,7,2026,724861,725018,1,2330,311.17,2,4,3,2,2,0,-157,1,0
99224,5,1999,400062,385054,0.96,1760,218.78,3,3,2,2,2,27,15008,1.04,0.04
98258,7,2021,900043,865071,0.96,3280,263.74,2,5,3,3,2,5,34972,1.04,0.04
98296,8,2026,760087,765085,1.01,1880,406.96,2,4,4,1,2,0,-4998,0.99,-0.01
98902,7,1930,349073,336933,0.97,2770,121.64,2,2,2,2,2,96,12140,1.04,0.04
98001,4,1982,349423,400920,1.03,2280,175.84,1,4,3,2,2,44,-33595,0.87,-0.13
98125,7,1949,895051,884928,0.99,1840,480.94,2,5,3,1,2,77,10123,1.01,0.01
98661,7,2024,558988,558967,1,2380,234.86,2,4,2,2,2,2,21,1,0
98632,7,1972,569974,449937,1,1460,308.18,1,4,2,2,2,54,43901,1.27,0.27
98117,8,2025,695074,694937,1,1030,674.7,2,2,2,1,2,1,137,1,0
99006,3,1992,182077,182063,1,1810,324.3,2,3,2,2,2,34,14,1,0
98272,8,2002,460075,454914,0.99,1250,363.93,2,3,3,2,2,24,5161,1.01,0.01
98377,3,1992,250054,230067,0.96,1810,324.3,2,3,2,2,2,34,19987,1.09,0.09
98604,4,1996,675081,680340,1.01,2670,254.81,1,3,2,2,2,30,-5259,0.99,-0.01
99006,7,2013,409814,407065,0.99,1420,286.67,1,3,2,2,2,13,2749,1.01,0.01
99109,7,1999,235403,235434,1,800,294.29,1,2,1,1,2,27,-31,1,0
98027,8,2020,850097,875097,1.03,1720,508.78,2,3,3,1,2,6,-25000,0.97,-0.03
98541,7,1954,378925,378906,1,1430,264.97,1,4,1,1,2,72,19,1,0
98387,4,1987,500048,494930,0.99,1510,327.77,1,3,2,2,2,39,5118,1.01,0.01
98092,8,2004,545076,545063,1,1770,307.95,2,3,3,1,2,22,13,1,0
98004,8,1980,1222787,1462187.5,0.96,2300,680.56,2,3,3,1,2,46,43901,0.84,-0.16
98023,7,1968,599920,599947,1,1850,324.3,1,4,3,1,2,58,-27,1,0
98125,8,2000,669900,660073,0.99,1240,532.32,2,3,3,1,2,26,9827,1.01,0.01
98271,7,1976,499863,500080,1,1000,500.08,1,3,1,1,2,50,-217,1,0
98133,7,1985,569974,519916,1,600,680.56,1,1.5,1,1,2,41,43901,1.1,0.1
98258,7,1985,750043,650055,0.96,1980,328.31,2,3,2,2,2,41,43901,1.15,0.15
98223,8,2002,484070,501050,1.03,1470,340.85,2,3,3,2,2,24,-16980,0.97,-0.03
99301,7,2025,512912,511924,1,1700,301.13,1,4,2,2,2,1,988,1,0
98030,7,2025,1087079,1039944,0.96,2980,348.97,2,5,3,2,2,1,43901,1.05,0.05
98115,7,1974,569974,800075,1,3865,196.58,1,5,4,3.5,2,52,-33595,0.71,-0.29
98292,4,1977,345076,365096,1.03,860,424.53,1,2,1,1,2,49,-20020,0.95,-0.05
98002,7,1927,569974,465064,1,1700,273.57,2,3,2,2,2,99,43901,1.23,0.23
98603,7,1976,569974,397927,1,1810,324.3,2,2,1,1,2,50,43901,1.43,0.43
98837,7,2025,390065,384930,0.99,1690,227.77,1,4,2,1,2,1,5135,1.01,0.01
99208,7,1980,569974,256948,1,1960,131.1,1,2,2,2,2,46,43901,2.22,1.22
98103,7,1920,569974,1462187.5,1,3640,680.56,2,5.5,4.5,3.5,2,106,-33595,0.39,-0.61
98008,7,1980,569974,1462187.5,1,3000,633.31,1,4,3,2,2,46,-33595,0.39,-0.61
99156,3,1992,94901,94923,1,1810,324.3,2,3,2,2,2,34,-22,1,0
98370,4,1983,624824,629916,1.01,1780,353.89,1,4,2,2,2,43,-5092,0.99,-0.01
98033,7,1977,569974,1370092,1,2260,606.24,2,4,3,2,2,49,-33595,0.42,-0.58
99202,7,1909,569974,119941,1,860,139.47,1,2,1,1,2,117,43901,4.75,3.75
98225,5,1925,850059,849921,1,1870,454.5,2,4,4,2,2,101,138,1,0
98290,7,2006,699829,804904,1.03,3450,233.31,2,4,4,3,2,20,-33595,0.87,-0.13
98258,7,2007,569974,1462187.5,1,3780,449.76,2,2,2,2,2,19,-33595,0.39,-0.61
99016,7,2025,569974,575002,1,3630,158.4,2,5,3,3,2,1,-5028,0.99,-0.01
98632,7,1924,339946,339937,1,1110,306.25,1,2,1,1,2,102,9,1,0
98033,7,2006,1222787,1462187.5,1.02,2850,680.56,2,5,3,2,2,20,-33595,0.84,-0.16
98166,7,2014,947050,939910,0.99,2740,343.03,2,5,3,2,2,12,7140,1.01,0.01
98901,7,1986,569974,295559,1,2480,119.18,1,3,2,2,2,40,43901,1.93,0.93
98230,4,1989,89972,87260,0.97,850,102.66,1,1.5,1,1,2,37,2712,1.03,0.03
98011,0,2025,1099968,1099964,1,1870,588.22,1,3,3,2,2,1,4,1,0
98382,3,1992,164911,150062,0.96,1810,324.3,2,3,0.5,2,2,34,14849,1.1,0.1
98011,8,2025,1222787,1295063,1.01,2200,588.66,2,4,4,1,2,1,-16086,0.94,-0.06
98660,0,2021,1222787,1462187.5,1,1680,680.56,1,2,2,2,2,5,-5,0.84,-0.16
98074,7,1990,1222787,1259948,0.97,2130,591.52,2,4,3,2,2,36,40128,0.97,-0.03
98312,7,1992,569974,1145193,1,1810,324.3,2,3,0.5,2,2,34,-33595,0.5,-0.5
98363,7,2003,569974,399912,1,2060,194.13,1,3,0.5,2,2,23,43901,1.43,0.43
98584,4,1976,150079,94919,0.96,920,103.17,1,3,1,1,2,50,43901,1.58,0.58
98115,0,1992,569974,1462187.5,1,3260,575.12,2,4,4.5,3,2,34,-33595,0.39,-0.61
98247,7,1996,569974,803421,1,2440,329.27,2,3,2,2,2,30,-33595,0.71,-0.29
98103,0,1992,569974,699085,1,1100,635.53,2,2,3,2,2,34,-33595,0.82,-0.18
98626,7,1920,569974,150056,1,1640,91.5,2,4,2,2,2,106,43901,3.8,2.8
98685,7,1966,569974,291905,1,1160,251.64,1,3,2,2,2,60,43901,1.95,0.95
98512,3,1992,475058,435075,0.96,1810,324.3,2,3,2,2,2,34,39983,1.09,0.09
98626,7,2003,569974,120054,1,320,375.17,1,3,0.5,2,2,23,43901,4.75,3.75
98125,7,1928,569974,600088,1,1210,495.94,2,3,1,1,2,98,-30114,0.95,-0.05
98103,8,2026,999891,1014862,1.01,1650,615.07,2,2,3,1,2,0,-14971,0.99,-0.01
98626,7,1922,569974,119927,1,770,155.75,1,1.5,1,1,2,104,43901,4.75,3.75
98110,0,1942,497930,503065,1.01,1080,465.8,1,2,1,2,2,84,-5135,0.99,-0.01
98204,8,2007,369582,367950,1,820,448.72,2,2,2,2,2,19,1632,1,0
98683,7,1997,569974,540096,1,1590,339.68,1,3,2,2,2,29,29878,1.06,0.06
98178,7,1953,569974,450059,1,890,505.68,1,2,1,1,2,73,43901,1.27,0.27
98672,3,1992,424936,425092,1,1810,324.3,2,3,2,2,2,34,-156,1,0
99019,3,1992,569974,450030,1,1810,324.3,2,3,0.5,2,2,34,43901,1.27,0.27
98034,8,1984,699957,692366,0.99,1240,558.36,2,2,3,2,2,42,7591,1.01,0.01
98101,0,1992,569974,1462187.5,1,940,680.56,2,1.5,3,2,2,34,-33595,0.39,-0.61
98901,4,2009,260062,268093,1.03,1190,225.29,1,3,2,2,2,17,-8031,0.97,-0.03
98382,4,2025,439854,418851,0.96,1600,261.78,1,3,2,2,2,1,21003,1.05,0.05
98629,7,2025,580097,579899,1,2080,278.8,2,4,2,2,2,1,198,1,0
98620,7,2023,549925,550052,1,2230,246.66,1,4,2,2,2,3,-127,1,0
98105,8,2026,679893,679850,1,1020,666.52,2,2,2,1,2,0,43,1,0
98178,7,1953,738912,708937,0.96,2060,344.14,1,4,2,2,2,73,29975,1.04,0.04
98685,7,1990,525075,525093,1,2030,258.67,2,3,2,2,2,36,-18,1,0
98112,7,2009,1222787,1462187.5,0.98,3865,680.56,2,4,4,3,2,17,43901,0.84,-0.16
99403,7,2025,529068,568006,1,1740,324.3,1,3,2,2,2,1,-33595,0.93,-0.07
98605,3,1992,264900,264923,1,1810,324.3,2,3,2,2,2,34,-23,1,0
98501,7,2014,634909,625098,0.98,3260,191.75,2,5,3,2,2,12,9811,1.02,0.02
98038,7,2011,775056,750056,0.97,2150,348.86,2,4,3,2,2,15,25000,1.03,0.03
99203,7,2023,814913,805051,0.99,3190,252.37,2,5,3,3,2,3,9862,1.01,0.01
98122,0,1929,569974,349867,1,620,564.3,3.5,1.5,1,1,2,97,43901,1.63,0.63
98684,7,2007,920067,920052,1,3865,226.61,2,5.5,4,3.5,2,19,15,1,0
98339,4,1984,69438,67911,0.98,780,87.07,1,2,1,1,2,42,1527,1.02,0.02
98033,7,1989,569974,1454551,1,1800,680.56,2,3,4,2,2,37,-33595,0.39,-0.61
98901,4,1991,255063,253301,0.99,1300,194.85,1,2,2,2,2,35,1762,1.01,0.01
98908,3,1992,224918,209923,0.96,1810,324.3,2,3,2,2,2,34,14995,1.07,0.07
98226,3,1992,319821,305098,0.96,1810,324.3,2,3,2,2,2,34,14723,1.05,0.05
99004,7,2005,424912,433944,1.02,1980,219.16,2,3,3,2,2,21,-9032,0.98,-0.02
98682,7,1979,480100,480063,1,1540,311.73,2,3,2,2,2,47,37,1,0
98444,8,1969,339900,349927,1.03,1150,304.28,2,3,2,1,2,57,-10027,0.97,-0.03
99019,7,2019,950100,955051,1.01,3430,278.44,1,5,3,3,2,7,-4951,0.99,-0.01
98232,7,1998,569974,1462187.5,1,3600,458.32,2,3,4.5,3.5,2,28,-33595,0.39,-0.61
98366,7,1918,549924,564934,1.03,2620,215.62,2,3,3,2,2,108,-15010,0.97,-0.03
98640,4,1994,569974,191087,1,1510,126.55,2,3,2,2,2,32,43901,2.98,1.98
98802,3,1992,139582,119914,0.96,1810,324.3,2,3,2,2,2,34,19668,1.16,0.16
98370,3,1992,201414,201554,1,1810,324.3,2,3,2,2,2,34,-140,1,0
98002,4,1988,139093,138053,0.99,1230,112.24,1,2,2,1,2,38,1040,1.01,0.01
98686,7,2017,839930,839917,1,3730,225.18,2,4,2,2,2,9,13,1,0
98338,3,1992,214853,189932,0.96,1810,324.3,2,3,2,2,2,34,24921,1.13,0.13
99205,7,1928,400066,375090,0.96,2350,159.61,2,3,2,2,2,98,24976,1.07,0.07
99338,7,2018,627940,611935,0.97,3200,191.23,2,5,3,3,2,8,16005,1.03,0.03
98335,7,2020,1199069,1199068,1,3430,349.58,2,4,4,3,2,6,1,1,0
99208,7,1984,487076,487061,1,2250,216.47,2,4,2,2,2,42,15,1,0
99023,7,1999,749816,769937,1.03,3780,203.69,2,4,4,3,2,27,-20121,0.97,-0.03
98611,3,1992,209992,209986,1,1810,324.3,2,3,2,2,2,34,6,1,0
98225,7,1988,569974,1462187.5,1,3865,680.56,1,4,4,3,2,38,-33595,0.39,-0.61
98662,7,1996,519935,519917,1,1960,265.26,2,4,2,2,2,30,18,1,0
98682,7,1998,534903,535054,1,1930,277.23,2,4,2,2,2,28,-151,1,0
99201,7,1909,490072,505077,1.03,3865,129.51,3,3,4,3.5,2,117,-15005,0.97,-0.03
98837,3,1992,120062,105073,0.96,1810,324.3,2,3,2,2,2,34,14989,1.14,0.14
98528,3,1992,25100,15096,0.96,1810,324.3,2,3,2,2,2,34,10004,1.66,0.66
98837,5,1961,309928,330071,1.03,2870,115.01,2,5.5,4,2,2,65,-20143,0.94,-0.06
98639,7,1978,435100,434945,1,1480,293.88,1,2,2,2,2,48,155,1,0
99027,7,2005,647404,647585,1,3360,192.73,2,4,4,3.5,2,21,-181,1,0
98026,7,1998,1222787,1462187.5,0.99,3850,435.05,2,4,4,1,2,28,9961,0.84,-0.16
99006,3,1992,75079,65096,0.96,1810,324.3,2,3,2,2,2,34,9983,1.15,0.15
98221,7,2001,569974,1462187.5,1,3500,617.17,1,4,4.5,3,2,25,-33595,0.39,-0.61
98802,6,1992,569974,101160,1,1810,324.3,2,3,0.5,2,2,34,43901,5.63,4.63
98338,3,1992,214887,190083,0.96,1810,324.3,2,3,2,2,2,34,24804,1.13,0.13
98338,3,1992,214899,190073,0.96,1810,324.3,2,3,2,2,2,34,24826,1.13,0.13
98022,7,1977,669934,669921,1,2010,333.29,3,3,3,2,2,49,13,1,0
98686,0,1987,165082,164941,1,670,246.18,1,1.5,1,1,2,39,141,1,0
98337,5,1912,698923,699053,1,2760,253.28,2,5,4,2,2,114,-130,1,0
98027,7,2006,1222787,1449911,0.98,2280,635.93,2,3,3,2,2,20,25035,0.84,-0.16
99337,7,1950,569974,365098,1,1860,196.29,1,3,2,2,2,76,43901,1.56,0.56
98115,7,1942,1222787,1462187.5,1.03,2710,680.56,2,5,3,3,2,84,-33595,0.84,-0.16
98380,4,2022,569974,610065,1,1810,324.3,2,3,0.5,2,2,4,-33595,0.93,-0.07
99324,7,2016,489579,489568,1,2200,222.53,2,5,3,2,2,10,11,1,0
98367,4,1979,569974,330380,1,1440,229.43,1,3,0.5,2,2,47,43901,1.73,0.73
99114,7,1977,400070,367585,0.96,2830,129.89,1,4,3,3,2,49,32485,1.09,0.09
98058,7,2023,569974,1462187.5,1,3865,339.45,1,5.5,4.5,3.5,2,3,-33595,0.39,-0.61
98935,4,2008,569974,215090,1,1270,169.36,1,3,2,2,2,18,43901,2.65,1.65
98003,6,1963,569974,250098,1,710,352.25,2,3,0.5,2,2,63,43901,2.28,1.28
98382,3,1992,205091,169070,0.96,1810,324.3,2,3,2,2,2,34,36021,1.21,0.21
98310,7,1940,500066,514917,1.03,1970,261.38,2,3,2,2,2,86,-14851,0.97,-0.03
99208,0,1985,299829,299825,1,980,305.94,1,2,2,2,2,41,4,1,0
98110,3,2015,302316,302152,1,1810,324.3,2,3,2,2,2,11,164,1,0
98042,3,1992,569974,820018,1,1810,324.3,2,3,0.5,2,2,34,-33595,0.7,-0.3
98584,4,1976,569974,95059,1,920,103.32,1,3,1,1,2,50,43901,6,5
99204,3,1992,569974,120069,1,1810,324.3,2,3,0.5,2,2,34,43901,4.75,3.75
98528,4,1969,569974,97331,1,720,135.18,1,2,1,1,2,57,43901,5.86,4.86
98362,7,1926,399923,399902,1,990,403.94,1,2,1,1,2,100,21,1,0
98117,8,2025,569974,694908,1,1020,680.56,3,2,3,2,2,1,-33595,0.82,-0.18
98408,7,1910,490090,500050,1.02,1590,314.5,2,3,2,2,2,116,-9960,0.98,-0.02
99037,7,2025,574878,575025,1,3580,160.62,2,5,4,3,2,1,-147,1,0
98391,7,2000,679948,670058,0.99,1930,347.18,2,4,3,3,2,26,9890,1.01,0.01
98110,7,1997,1222787,1462187.5,0.96,3865,680.56,2,3,4,1,2,29,43901,0.84,-0.16
98391,4,1974,200005,199852,1,1340,149.14,1,3,2,2,2,52,153,1,0
98022,7,1990,699862,712100,1.02,2420,294.26,2,3,3,1,2,36,-12238,0.98,-0.02
98021,4,2021,399850,390057,0.98,1400,278.61,1,2,2,1,2,5,9793,1.03,0.03
98203,7,1978,825078,832057,1.01,2390,348.14,2,4,3,2,2,48,-6979,0.99,-0.01
98208,7,2005,1099841,1079915,0.98,3865,251.14,2,5,4,3,2,21,19926,1.02,0.02
98371,7,1963,650051,704930,1.03,3440,204.92,1,5,3,1,2,63,-33595,0.92,-0.08
99006,4,1973,274901,249928,0.96,1990,125.59,1,3,2,2,2,53,24973,1.1,0.1
98565,7,1930,395066,374906,0.96,1860,201.56,1,5,2,1,2,96,20160,1.05,0.05
98569,7,2008,294955,287496,0.97,1170,245.72,2,2,2,1,2,18,7459,1.03,0.03
99123,7,1962,290059,289905,1,2400,120.79,1,4,2,2,2,64,154,1,0
98682,7,2014,535937,535911,1,1660,322.84,1,3,2,2,2,12,26,1,0
98029,7,2006,948917,948901,1,1700,558.18,2,3,3,1,2,20,16,1,0
98444,7,1954,410095,410086,1,1030,398.14,1,3,1,1,2,72,9,1,0
98005,7,1979,1222787,1462187.5,0.96,3865,566.35,2,4,4,2,2,47,43901,0.84,-0.16
98155,0,1991,369865,359923,0.97,910,395.52,1,2,2,1,2,35,9942,1.03,0.03
98221,4,1976,569974,163364,1,1250,130.69,2,3,2,2,2,50,43901,3.49,2.49
98524,7,1940,439850,446909,1.02,1490,299.94,2,3,2,1,2,86,-7059,0.98,-0.02
98275,7,1983,850051,860902,1.01,1730,497.63,2,4,2,2,2,43,-10851,0.99,-0.01
98004,0,2008,1222787,1462187.5,0.96,1950,680.56,1,2,2,2,2,18,43901,0.84,-0.16
98117,7,1951,1222787,1430071,0.99,2240,638.42,1,4,3,2,2,75,19800,0.86,-0.14
99022,7,2006,419091,409921,0.98,1610,254.61,2,3,3,2,2,20,9170,1.02,0.02
98033,7,2025,1222787,1462187.5,1,3865,680.56,2,5,4.5,2,2,1,-876,0.84,-0.16
98258,7,2022,900051,899916,1,3510,256.39,2,5,4,3,2,4,135,1,0
98117,7,1917,1194907,1462187.5,1.03,2280,680.56,1,3,2,2,2,109,-33595,0.82,-0.18
98501,5,1973,569974,649907,1,3840,169.25,2,3,0.5,2,2,53,-33595,0.88,-0.12
98296,6,1992,569974,1462187.5,1,1810,324.3,2,3,0.5,2,2,34,-33595,0.39,-0.61
98027,8,1992,569974,875098,1,1530,571.96,2,2,3,2,2,34,-33595,0.65,-0.35
98042,7,1980,1222787,1462187.5,1.01,3865,309.99,1,5.5,4,2,2,46,-11001,0.84,-0.16
98367,7,2022,550061,549947,1,2050,268.27,2,4,3,2,2,4,114,1,0
98248,7,2025,729972,724907,0.99,2320,312.46,2,4,3,2,2,1,5065,1.01,0.01
98360,3,1992,569974,452554,1,1810,324.3,2,3,0.5,2,2,34,43901,1.26,0.26
98942,7,2015,548928,557059,1.01,2740,203.31,2,5,4,3,2,11,-8131,0.99,-0.01
98033,7,1987,1222787,1365064,0.98,1970,680.56,2,3,3,2,2,39,35005,0.9,-0.1
98059,3,1992,569974,30059,1,1810,324.3,2,3,0.5,2,2,34,43901,18.96,17.96
98310,7,1925,525073,515086,0.98,2510,205.21,2,4,2,1,2,101,9987,1.02,0.02
98221,7,2006,569974,950352,1,3340,284.54,2,3,3,2,2,20,-33595,0.6,-0.4
98103,7,1918,699081,699061,1,1300,537.74,1,1.5,1,1,2,108,20,1,0
98225,5,1925,569974,420262,1,940,447.09,1,1.5,1,1,2,101,43901,1.36,0.36
98360,7,2006,575056,546860,0.96,3000,182.29,2,4,3,2,2,20,28196,1.05,0.05
98021,7,1976,975050,970085,0.99,2190,442.96,2,3,3,1,2,50,4965,1.01,0.01
98005,7,1969,569974,1462187.5,1,3370,680.56,2,5.5,4,3,2,57,-33595,0.39,-0.61
98837,7,1954,279059,278935,1,1570,177.67,1,3,2,1,2,72,124,1,0
98292,7,1997,610080,606947,0.99,1330,456.35,1,3,2,2,2,29,3133,1.01,0.01
98059,7,1997,1222787,1462187.5,1,3210,560.77,2,4,3,2,2,29,18,0.84,-0.16
98512,7,1994,499567,505089,1.01,1560,323.77,1,3,2,1,2,32,-5522,0.99,-0.01
99204,3,1992,569974,120053,1,1810,324.3,2,3,0.5,2,2,34,43901,4.75,3.75
99114,7,1947,254984,235090,0.96,2530,92.92,2,3,1,1,2,79,19894,1.08,0.08
98311,7,1975,524943,563442,1.03,1950,288.94,2,5,2,2,2,51,-33595,0.93,-0.07
98444,7,1941,400045,399887,1,1010,395.93,2,3,1,1,2,85,158,1,0
98310,7,1992,545060,545081,1,1460,373.34,2,3,3,1,2,34,-21,1,0
98006,7,1977,1222787,1462187.5,0.96,2580,576.76,3,5,3,2,2,49,43901,0.84,-0.16
98940,7,2007,825083,824935,1,2430,339.48,2,3,3,2,2,19,148,1,0
98443,7,1954,569974,544943,1,1280,425.74,1,3,1,1,2,72,25031,1.05,0.05
98199,7,2019,1222787,1462187.5,0.99,3340,666.19,1,4,4,2,2,7,25026,0.84,-0.16
98277,7,1976,449940,440089,0.98,1370,321.23,1,3,2,1,2,50,9851,1.02,0.02
98662,7,1992,474920,474939,1,1180,402.49,1,3,2,2,2,34,-19,1,0
99156,4,2019,565098,572448,1.01,2520,227.16,1,3,3,2,2,7,-7350,0.99,-0.01
98225,7,2000,1222787,1462187.5,0.98,2340,657.03,1,3,2,2,2,26,37462,0.84,-0.16
98277,7,1976,498906,504946,1.01,1840,274.43,2,3,2,1,2,50,-6040,0.99,-0.01
98335,0,1998,720075,720081,1,1820,395.65,1,2,2,1,2,28,-6,1,0
98374,7,2018,657922,644901,0.98,2490,259,2,3,3,3,2,8,13021,1.02,0.02
98404,7,1925,494935,495058,1,2620,188.95,1,3,2,1,2,101,-123,1,0
98006,7,1963,1199904,1174913,0.98,2160,543.94,2,4,2,2,2,63,24991,1.02,0.02
98271,7,1977,509926,520068,1.02,830,626.59,1,2,1,1,2,49,-10142,0.98,-0.02
98407,0,2018,544911,521947,0.96,950,549.42,1,2,2,1,2,8,22964,1.04,0.04
98390,7,2016,749932,770085,1.03,2510,306.81,2,4,3,2,2,10,-20153,0.97,-0.03
98103,7,2016,1222787,1200060,0.96,1840,652.21,2,3,3,1,2,10,43901,1.02,0.02
98021,4,1984,624696,639924,1.02,1300,492.25,1,3,2,2,2,42,-15228,0.98,-0.02
98116,0,2022,1222787,1462187.5,1,2210,680.56,1,3,4,3,2,4,12,0.84,-0.16
98119,0,1921,574948,556920,0.97,720,680.56,1,1.5,1,1,2,105,18028,1.03,0.03
98592,7,2006,498945,498944,1,1970,253.27,2,3,2,2,2,20,1,1,0
98422,7,1951,550067,480062,0.96,1480,324.37,1,3,1,1,2,75,43901,1.15,0.15
98370,7,2001,694926,695087,1,2450,283.71,2,3,3,2,2,25,-161,1,0
98502,7,2003,506086,506097,1,1420,356.41,1,3,2,2,2,23,-11,1,0
98335,7,1997,1222787,1274950,0.96,1610,680.56,2,2,2,2,2,29,43901,0.96,-0.04
98203,7,1954,650050,649929,1,1590,408.76,2,4,2,1,2,72,121,1,0
98177,7,1942,740066,734906,0.99,1160,633.54,2,3,1,1,2,84,5160,1.01,0.01
98056,7,1949,674928,674936,1,830,680.56,1,2,1,1,2,77,-8,1,0
98026,7,1977,924923,925072,1,2060,449.06,3,4,3,1,2,49,-149,1,0
99223,7,1911,285082,270096,0.96,1500,180.06,1,2,1,1,2,115,14986,1.06,0.06
98023,7,1995,714938,714901,1,1930,370.42,2,4,3,1,2,31,37,1,0
99217,7,2018,724919,689917,0.96,3440,200.56,1,4,3,3,2,8,35002,1.05,0.05
98012,0,2011,834918,819915,0.98,1910,429.27,2,4,3,2,2,15,15003,1.02,0.02
98569,7,2020,439089,434919,0.99,1670,260.43,2,3,3,1,2,6,4170,1.01,0.01
98258,7,2009,640076,620064,0.97,1560,397.48,2,4,4,2,2,17,20012,1.03,0.03
98335,7,1977,624909,624905,1,2070,301.89,2,3,2,2,2,49,4,1,0
98116,7,2026,775061,775051,1,1000,680.56,2,3,3,2,2,0,10,1,0
98037,7,1992,835086,849948,1.02,1920,442.68,2,4,3,3,2,34,-14862,0.98,-0.02
98264,7,2024,858948,858920,1,2100,409.01,2,3,3,1,2,2,28,1,0
98513,0,1995,266945,254592,0.96,960,265.2,2,2,2,1,2,31,12353,1.05,0.05
98087,7,1978,825094,840091,1.02,1520,552.69,2,3,3,1,2,48,-14997,0.98,-0.02
98008,7,1979,1222787,1462187.5,0.98,2640,590.94,2,4,3,1,2,47,37990,0.84,-0.16
98107,7,1929,987919,949931,0.96,2180,435.75,2,4,2,1,2,97,37988,1.04,0.04
98112,7,1909,1222787,1462187.5,1,3865,535.91,2,5.5,4.5,3.5,2,117,-14988,0.84,-0.16
98277,7,1974,499915,497929,1,2080,239.39,2,4,3,1,2,52,1986,1,0
98512,7,1996,659062,653937,0.99,2040,320.56,2,3,3,1,2,30,5125,1.01,0.01
98121,0,2015,775059,762571,0.98,1040,680.56,1,2,2,1,2,11,12488,1.02,0.02
98331,3,1992,99052,94055,0.96,1810,324.3,2,3,2,2,2,34,4997,1.05,0.05
98248,7,2018,759906,759934,1,2540,299.19,2,5,3,3,2,8,-28,1,0
98103,7,2025,1198061,1197903,1,1730,680.56,2,3,3,2,2,1,158,1,0
98155,7,1973,949871,950086,1,2150,441.9,2,3,3,1,2,53,-215,1,0
98338,7,2008,690072,689942,1,3200,215.61,2,4,3,2,2,18,130,1,0
98117,7,1914,1222787,1462187.5,1.03,2890,596.86,2,5.5,3,2,2,112,-33595,0.84,-0.16
99336,7,1978,424929,410063,0.96,1600,256.29,2,4,3,1,2,48,14866,1.04,0.04
98374,7,2025,650044,650054,1,2590,250.99,2,5,3,2,2,1,-10,1,0
98053,7,1987,1222787,1462187.5,0.97,2780,534.2,1,4,3,2,2,39,43901,0.84,-0.16
99353,7,2020,615057,596546,0.97,2350,253.85,1,3,4,3,2,6,18511,1.03,0.03
98225,0,2004,358092,350086,0.98,830,421.79,1,2,1,1,2,22,8006,1.02,0.02
98275,7,1989,924922,920074,0.99,2040,451.02,2,3,3,2,2,37,4848,1.01,0.01
98371,4,2000,339902,334942,0.99,2180,153.64,1,2,2,2,2,26,4960,1.01,0.01
98008,7,1965,1222787,1462187.5,1,2180,676.63,2,4,3,1,2,61,15,0.84,-0.16
98282,7,1981,620060,610091,0.98,1620,376.6,2,3,2,1,2,45,9969,1.02,0.02
98199,7,1952,1134919,1134916,1,1720,659.83,1,2,2,1,2,74,3,1,0
98837,7,1994,309997,300076,0.97,1120,267.92,1,3,2,2,2,32,9921,1.03,0.03
98027,8,1996,850077,849921,1,1700,499.95,2,3,3,2,2,30,156,1,0
98021,7,2026,1222787,1444907,1,3160,457.25,2,5,4,3.5,2,0,43,0.85,-0.15
98632,7,1935,459835,470909,1.02,1860,253.18,1,3,2,2,2,91,-11074,0.98,-0.02
98671,7,2005,910097,910054,1,3865,234.55,3,4,3,3,2,21,43,1,0
98445,0,2001,385076,384930,1,1680,229.12,2,3,3,2,2,25,146,1,0
98391,4,1997,569974,604948,1,1510,400.63,1,3,2,2,2,29,-33595,0.94,-0.06
98133,7,1948,924925,917431,0.99,2170,422.78,2,3,1,1,2,78,7494,1.01,0.01
98625,7,2001,359950,360082,1,2480,145.19,2,3,2,2,2,25,-132,1,0
98663,7,1940,384906,384940,1,1060,363.15,1,2,2,2,2,86,-34,1,0
99163,7,2014,398088,398057,1,1620,245.71,2,3,3,2,2,12,31,1,0
98109,0,1991,458914,438925,0.96,820,535.27,1,2,2,1,2,35,19989,1.05,0.05
98133,0,1979,399099,405076,1.01,1250,324.06,1,2,2,1,2,47,-5977,0.99,-0.01
98178,7,1956,1222787,1462187.5,0.96,3570,637.23,2,3,3,2,2,70,43901,0.84,-0.16
98272,8,1995,580096,578950,1,1560,371.12,2,3,3,2,2,31,1146,1,0
98027,0,1994,364839,354938,0.97,650,546.06,1,1.5,1,1,2,32,9901,1.03,0.03
98125,0,1975,415099,410089,0.99,1150,356.6,3,2,2,2,2,51,5010,1.01,0.01
98516,7,1985,484941,484916,1,1520,319.02,1,3,2,2,2,41,25,1,0
98105,7,1912,899078,977905,1.03,1990,491.41,2,3,1,1,2,114,-33595,0.92,-0.08
99350,7,1975,299090,308091,1.03,1510,204.03,1,3,1,1,2,51,-9001,0.97,-0.03
98201,7,1909,555053,560092,1.01,1150,487.04,2,3,2,1,2,117,-5039,0.99,-0.01
98105,7,1917,1222787,1462187.5,0.98,2600,667.28,1,4,3,2,2,109,40023,0.84,-0.16
98125,7,1950,949857,970048,1.02,1860,521.53,1,4,2,1,2,76,-20191,0.98,-0.02
98004,0,2008,1048947,1018071,0.97,1270,680.56,1,1.5,2,2,2,18,30876,1.03,0.03
98036,7,1954,475081,474904,1,570,680.56,1,1.5,1,2,2,72,177,1,0
98117,7,2025,569974,959931,1,3865,220.67,3,5.5,4.5,3.5,2,1,-33595,0.59,-0.41
98375,7,2010,499869,505928,1.01,1680,301.15,2,4,3,1,2,16,-6059,0.99,-0.01
98321,7,1909,450074,450084,1,1420,316.96,2,3,2,1,2,117,-10,1,0
98374,7,2026,665066,665065,1,2340,284.22,2,5,3,2,2,0,1,1,0
98122,7,1922,910082,900057,0.99,1800,500.03,1,4,3,2,2,104,10025,1.01,0.01
98136,7,1993,1222787,1462187.5,1.03,2760,680.56,2,4,3,2,2,33,-33595,0.84,-0.16
98115,8,2022,1222787,1462187.5,0.96,3280,571.62,2,4,4.5,1,2,4,43901,0.84,-0.16
98503,7,1979,420007,420047,1,1440,291.7,1,3,2,2,2,47,-40,1,0
98043,7,1949,649417,649570,1,1180,550.48,1,4,2,2,2,77,-153,1,0
98387,7,1979,480087,479901,1,1650,290.85,2,3,2,1,2,47,186,1,0
98604,7,1996,449914,449920,1,1190,378.08,1,3,2,2,2,30,-6,1,0
98107,0,2026,975053,960089,0.98,1520,631.64,2,3,3,2,2,0,14964,1.02,0.02
98056,7,2025,1222787,1462187.5,1,2440,604.54,2,5,3,2,2,1,-173,0.84,-0.16
98251,7,1961,375087,355060,0.96,960,369.85,1,2,1,1,2,65,20027,1.06,0.06
98801,7,1995,895059,875091,0.98,3865,182.31,1,4,4.5,3,2,31,19968,1.02,0.02
98119,7,1923,1222787,1462187.5,1.03,2110,680.56,1,4,4,1,2,103,-33595,0.84,-0.16
98148,0,1977,200076,200083,1,830,241.06,1,2,2,1,2,49,-7,1,0
98626,7,2007,399974,390098,0.98,1620,240.8,2,3,3,1,2,19,9876,1.03,0.03
98012,7,2025,1222787,1462187.5,1,2480,596.41,2,5,3,2,2,1,3821,0.84,-0.16
98208,7,1953,649894,649887,1,1580,411.32,1,3,2,1,2,73,7,1,0
98374,7,2025,690323,690326,1,3000,230.11,2,5,3,2,2,1,-3,1,0
98661,7,1979,475065,475093,1,1730,274.62,2,4,2,2,2,47,-28,1,0
99301,7,1915,289903,254941,0.96,2140,119.13,1,3,2,1,2,111,34962,1.14,0.14
98311,7,1942,394901,404922,1.03,1090,371.49,2,4,1,1,2,84,-10021,0.98,-0.02
98232,7,1968,634944,569909,0.96,1420,401.34,2,2,1,1,2,58,43901,1.11,0.11
98133,0,2026,794913,794902,1,1180,673.65,2,2,3,1,2,0,11,1,0
98321,7,2018,619949,629937,1.02,2440,258.17,2,4,3,2,2,8,-9988,0.98,-0.02
98001,7,1980,514932,515054,1,1140,451.8,1,3,2,1,2,46,-122,1,0
98223,7,1997,525099,525067,1,1100,477.33,1,3,2,2,2,29,32,1,0
98274,7,1990,569974,116094,1,1880,61.75,2,3,4,2,2,36,43901,4.91,3.91
98661,0,1972,344931,345076,1,1090,316.58,1,2,2,2,2,54,-145,1,0
98101,0,2023,1222787,1462187.5,0.96,940,680.56,1,2,2,1,2,3,43901,0.84,-0.16
98007,7,2026,1222787,1462187.5,0.97,3865,680.56,2,5,4.5,3.5,2,0,43901,0.84,-0.16
98604,7,2005,519827,525067,1.01,1940,270.65,2,4,3,2,2,21,-5240,0.99,-0.01
98221,7,1960,694920,669933,0.96,2880,232.62,2,5,3,3,2,66,24987,1.04,0.04
98203,7,2006,695098,660056,0.96,1680,392.89,2,4,3,2,2,20,35042,1.05,0.05
98023,0,1984,339076,309275,0.96,960,322.16,1,2,2,1,2,42,29801,1.1,0.1
98801,7,1992,569974,275074,1,1810,324.3,2,3,0.5,2,2,34,43901,2.07,1.07
98366,7,2016,599054,599940,1,1720,348.8,2,3,3,2,2,10,-886,1,0
98503,7,1969,549940,539939,0.98,1940,278.32,1,4,2,2,2,57,10001,1.02,0.02
99336,7,1948,315098,315083,1,1360,231.68,1,3,1,1,2,78,15,1,0
98118,7,1965,674907,705902,1.03,2580,273.61,2,5,3,1,2,61,-30995,0.96,-0.04
98103,7,1909,569974,875100,1,1560,560.96,2,3,0.5,2,2,117,-33595,0.65,-0.35
98274,7,2010,550069,549922,1,1570,350.27,2,3,3,2,2,16,147,1,0
98604,7,2025,567940,567949,1,2000,283.97,2,3,2,2,2,1,-9,1,0
99336,7,1975,347093,349905,1.01,1360,257.28,1,3,2,1,2,51,-2812,0.99,-0.01
98661,7,2006,421910,421902,1,1680,251.13,2,3,2,2,2,20,8,1,0
98467,7,1988,598062,598064,1,1500,398.71,2,3,3,1,2,38,-2,1,0
98626,7,1923,335080,335070,1,1540,217.58,2,3,1,1,2,103,10,1,0
98375,7,1998,559919,574949,1.03,2490,230.9,2,4,3,3,2,28,-15030,0.97,-0.03
98607,7,2026,1149635,1149799,1,2560,449.14,1,3,2,2,2,0,-164,1,0
98408,7,1925,440047,450089,1.02,1150,391.38,2,4,1,1,2,101,-10042,0.98,-0.02
98368,7,2026,404894,405001,1,1660,243.98,2,3,3,1,2,0,-107,1,0
98270,7,2008,659063,658915,1,1820,362.04,2,3,3,2,2,18,148,1,0
99336,7,2008,565054,565071,1,2530,223.35,2,4,3,2,2,18,-17,1,0
98003,7,2025,949337,949345,1,2980,318.57,2,5,3,2,2,1,-8,1,0
98445,7,1970,460032,455061,0.99,1560,291.71,1,3,2,1,2,56,4971,1.01,0.01
98277,7,1978,528900,514909,0.97,2330,220.99,2,4,3,1,2,48,13991,1.03,0.03
98155,0,2005,419077,412450,0.98,1100,374.95,1,2,2,1,2,21,6627,1.02,0.02
99202,7,1909,569974,125092,1,1090,114.76,1,2,1,1,2,117,43901,4.56,3.56
98335,7,1974,1222787,1439943,1.03,2760,521.72,2,3,2,1,2,52,-33595,0.85,-0.15
98021,8,2021,939054,945921,1.01,2240,422.29,2,4,4,1,2,5,-6867,0.99,-0.01
98226,7,1998,569974,815145,1,1900,429.02,1,3,2,2,2,28,-33595,0.7,-0.3
99344,7,2015,569974,70099,1,2880,24.34,1,4,3,3,2,11,43901,8.13,7.13
98632,7,1964,569974,240078,1,2010,119.44,2,4,2,2,2,62,43901,2.37,1.37
98569,0,2005,220067,197814,0.96,860,230.02,3,1.5,1,1,2,21,22253,1.11,0.11
99301,7,2026,645601,645482,1,2410,267.83,1,4,3,2,2,0,119,1,0
99301,7,2026,576682,576713,1,2190,263.34,1,4,2,2,2,0,-31,1,0
98290,0,1993,374929,370055,0.99,980,377.61,1,2,2,2,2,33,4874,1.01,0.01
98607,7,2025,569974,1150057,1,2570,447.49,1,3,3,2,2,1,-33595,0.5,-0.5
98271,0,2008,410088,410061,1,900,455.62,2,2,2,1,2,18,27,1,0
99163,7,1948,244912,225050,0.96,2120,106.16,1,2,1,1,2,78,19862,1.09,0.09
98405,7,1909,415057,440079,1.03,1510,291.44,2,3,2,1,2,117,-25022,0.94,-0.06
99006,7,1993,569974,334938,1,1840,182.03,1,4,3,3,2,33,43901,1.7,0.7
99362,0,1972,121071,117924,0.97,780,151.18,2,2,1,1,2,54,3147,1.03,0.03
99324,7,2001,364933,364912,1,1240,294.28,1,3,2,2,2,25,21,1,0
98029,0,2008,394949,400059,1.01,1010,396.1,1,2,1,1,2,18,-5110,0.99,-0.01
98506,7,2025,569974,740024,1,2420,305.8,2,4,4,3,2,1,-33595,0.77,-0.23
98367,7,2025,624903,649935,1.03,2100,309.49,1,3,2,2,2,1,-25032,0.96,-0.04
98602,3,1992,259924,260066,1,1810,324.3,2,3,2,2,2,34,-142,1,0
98625,3,1992,237566,237579,1,1810,324.3,2,3,2,2,2,34,-13,1,0
99301,7,2026,490218,490391,1,1590,308.42,1,3,2,1,2,0,-173,1,0
98390,7,1984,374949,305083,0.96,2280,133.81,2,3,3,2,2,42,43901,1.23,0.23
98642,7,2025,697918,698049,1,2810,248.42,2,5,3,3,2,1,-131,1,0
98258,7,2007,969860,924921,0.96,2100,440.44,1,4,2,2,2,19,43901,1.05,0.05
98052,8,2025,1222787,1462187.5,1,2680,583.93,2,4,4,2,2,1,-35,0.84,-0.16
98177,7,1920,724938,725064,1,870,680.56,1,2,1,1,2,106,-126,1,0
98178,7,1963,569974,790098,1,2700,292.63,1,4,4.5,3,2,63,-33595,0.72,-0.28
98045,7,1996,569974,1019945,1,2340,435.87,2,4,4,2,2,30,-33595,0.56,-0.44
98277,7,1984,569974,1462187.5,1,3865,235.91,2,3,4.5,3.5,2,42,-33595,0.39,-0.61
98146,0,1992,569974,1462187.5,1,2370,632.94,2,4,4,3,2,34,-33595,0.39,-0.61
98029,0,2005,569974,948938,1,220,324.3,2,3,0.5,2,2,21,-33595,0.6,-0.4
98528,7,2007,569974,790090,1,2300,343.52,2,3,3,3,2,19,-33595,0.72,-0.28
98239,4,2006,439926,445074,1.01,1540,289.01,1,3,2,2,2,20,-5148,0.99,-0.01
98374,7,2025,759936,760086,1,2720,279.44,2,4,3,2,2,1,-150,1,0
98418,7,1909,569974,185069,1,1080,171.36,1,3,1,1,2,117,43901,3.08,2.08
98002,7,1924,249937,249905,1,760,328.82,1,3,1,1,2,102,32,1,0
98645,7,2021,569974,849913,1,1810,324.3,2,4,3,2,2,5,-33595,0.67,-0.33
98101,0,1992,569974,1184934,1,690,680.56,2,1.5,3,2,2,34,-33595,0.48,-0.52
99354,8,2025,349985,339901,0.97,1530,222.16,2,3,3,2,2,1,10084,1.03,0.03
98001,0,1984,569974,309444,1,960,322.34,2,2,2,2,2,42,43901,1.84,0.84
98685,7,1983,569974,308820,1,1400,220.59,1,3,2,1,2,43,43901,1.85,0.85
98383,6,1992,569974,150050,1,1810,324.3,2,3,0.5,2,2,34,43901,3.8,2.8
98033,7,1966,569974,1462187.5,1,1320,680.56,1,3,2,1,2,60,-33595,0.39,-0.61
98404,7,1968,569974,315085,1,1770,178.01,1,4,2,2,2,58,43901,1.81,0.81
98133,0,1992,569974,794932,1,1070,680.56,2,2,4,2,2,34,-33595,0.72,-0.28
98034,0,1980,569974,514057,1,1070,480.43,3,2,2,2,2,46,43901,1.11,0.11
98607,7,1922,569974,212078,1,640,331.37,1,2,1,1,2,104,43901,2.69,1.69
98208,7,1994,569974,759226,1,1470,516.48,1,3,2,2,2,32,-33595,0.75,-0.25
98045,7,1975,569974,825066,1,1230,670.79,1,3,1,1,2,51,-33595,0.69,-0.31
99338,7,2019,569974,611927,1,2050,298.5,2,4,0.5,2,2,7,-33595,0.93,-0.07
98101,0,1992,569974,684950,1,550,680.56,2,1.5,1,1,2,34,-33595,0.83,-0.17
99207,7,1923,569974,219915,1,1180,186.37,1,2,2,2,2,103,43901,2.59,1.59
98390,3,1992,569974,425269,1,1810,324.3,2,3,0.5,2,2,34,43901,1.34,0.34
98133,8,2024,700070,680089,0.97,1460,465.81,2,2,3,2,2,2,19981,1.03,0.03
98005,8,2025,1222787,1462187.5,0.97,2550,680.56,2,4,4,2,2,1,43901,0.84,-0.16
98070,7,1988,975084,956052,0.98,1560,612.85,1,3,2,2,2,38,19032,1.02,0.02
98029,0,2005,569974,948925,1,220,324.3,2,3,0.5,2,2,21,-33595,0.6,-0.4
98277,4,2006,409935,416903,1.02,1300,320.69,1,2,2,2,2,20,-6968,0.98,-0.02
98118,7,1971,569974,1049946,1,2300,456.5,2,4,4,3,2,55,-33595,0.54,-0.46
98119,7,1911,569974,1104940,1,890,680.56,1,2,1,1,2,115,-33595,0.52,-0.48
98372,7,1999,569974,815092,1,2770,294.26,2,4,2,2,2,27,-33595,0.7,-0.3
99027,7,1972,569974,474922,1,2410,197.06,1,4,2,2,2,54,43901,1.2,0.2
98036,8,1991,485055,458058,0.96,1030,444.72,2,2,3,1,2,35,26997,1.06,0.06
99324,7,2014,448929,440051,0.98,1690,260.39,1,4,2,2,2,12,8878,1.02,0.02
99362,7,1952,569974,113035,1,1640,68.92,2,3,2,2,2,74,43901,5.04,4.04
98146,7,2022,1222787,1462187.5,0.97,2330,643.74,2,4,3,2,2,4,43901,0.84,-0.16
99336,8,2025,421057,423834,1.01,1930,219.6,2,4,3,2,2,1,-2777,0.99,-0.01
98686,7,2025,799833,799805,1,3370,237.33,2,4,3,3,2,1,28,1,0
98272,7,2026,1010023,979877,0.97,3130,313.06,2,5,3,3,2,0,30146,1.03,0.03
98290,4,1996,647934,598283,0.96,1620,369.31,1,3,2,1,2,30,43901,1.08,0.08
98362,7,1948,569974,149903,1,940,159.47,1,2,1,1,2,78,43901,3.8,2.8
98020,7,1973,569974,1462187.5,1,2040,680.56,2,4,3,2,2,53,-33595,0.39,-0.61
98058,7,1983,829907,863060,1.03,1750,493.18,2,3,3,1,2,43,-33153,0.96,-0.04
98229,7,1976,569974,575364,1,1750,328.78,1,2,2,2,2,50,-5390,0.99,-0.01
98501,7,1973,724931,719914,0.99,2350,306.35,1,4,3,2,2,53,5017,1.01,0.01
98229,7,2004,614907,615061,1,2130,288.76,2,3,3,2,2,22,-154,1,0
99224,7,2018,498923,479901,0.96,1750,274.23,2,3,3,2,2,8,19022,1.04,0.04
98664,7,1956,620060,619935,1,2530,245.03,2,3,2,2,2,70,125,1,0
98908,7,1977,515080,464922,0.96,1530,303.87,1,3,2,2,2,49,43901,1.11,0.11
98115,7,1958,1222787,1462187.5,1.03,2950,680.56,2,4,3,2,2,68,-33595,0.84,-0.16
98903,7,1936,418051,424585,1.02,1700,249.76,2,4,3,2,2,90,-6534,0.98,-0.02
99217,7,2002,596582,574905,0.96,2840,202.43,2,5,4,3.5,2,24,21677,1.04,0.04
99352,7,1952,314924,310170,0.98,1260,246.17,1,2,2,1,2,74,4754,1.02,0.02
99353,7,2021,539812,525069,0.97,1990,263.85,1,4,2,2,2,5,14743,1.03,0.03
99019,7,2006,824933,810088,0.98,3420,236.87,1,3,3,2,2,20,14845,1.02,0.02
99207,7,1949,425093,415098,0.98,2140,193.97,1,5.5,3,3,2,77,9995,1.02,0.02
98626,7,2025,499919,499894,1,2050,243.85,2,4,3,3,2,1,25,1,0
98444,7,1909,494913,495088,1,1140,434.29,1,3,3,2,2,117,-175,1,0
99163,5,1971,349945,350085,1,2690,130.14,2,5.5,4,3.5,2,55,-140,1,0
98021,8,2025,1100004,1065089,0.97,2010,529.9,2,4,3,2,2,1,34915,1.03,0.03
98118,8,2006,630089,630097,1,1820,346.21,2,4,3,2,2,20,-8,1,0
98908,7,2009,725092,714950,0.99,2940,243.18,1,3,3,2,2,17,10142,1.01,0.01
98148,0,1977,569974,200080,1,830,241.06,3,2,1,1,2,49,43901,2.85,1.85
98683,7,1989,1130066,1130051,1,3865,167.66,2,5.5,4.5,3.5,2,37,15,1,0
98388,0,1986,569974,725079,1,1590,456.02,2,2,2,2,2,40,-33595,0.79,-0.21
98408,7,1951,390049,404880,1.03,890,454.92,1,2,1,1,2,75,-14831,0.96,-0.04
99208,7,2013,839820,839835,1,3865,195.77,2,5.5,4,3,2,13,-15,1,0
99336,7,1961,519937,514905,0.99,2610,197.28,1,3,2,1,2,65,5032,1.01,0.01
98531,7,1909,428812,435086,1.01,1880,231.43,2,4,2,1,2,117,-6274,0.99,-0.01
99338,7,1977,399096,399078,1,3240,123.17,1,3,3,2,2,49,18,1,0
99109,7,1987,594936,580094,0.98,1500,386.73,1,2,2,2,2,39,14842,1.03,0.03
98125,8,2025,694911,704946,1.01,1100,640.86,2,3,3,2,2,1,-10035,0.99,-0.01
98168,7,2018,750040,760082,1.01,1900,400.04,2,4,3,2,2,8,-10042,0.99,-0.01
98106,8,2008,599920,599938,1,1460,410.92,2,2,3,2,2,18,-18,1,0
98087,7,2011,839908,829939,0.99,2440,340.14,2,3,4,3,2,15,9969,1.01,0.01
99223,7,1994,504937,499059,0.99,3060,163.09,1,3,3,3,2,32,5878,1.01,0.01
98903,7,2003,694903,695077,1,2240,310.3,1,3,3,3,2,23,-174,1,0
98198,7,1983,665100,665082,1,1550,429.09,2,3,2,2,2,43,18,1,0
98038,7,2000,784900,749912,0.96,2650,282.99,2,4,3,2,2,26,34988,1.05,0.05
98109,0,1948,299413,289572,0.97,800,361.96,1,2,1,1,2,78,9841,1.03,0.03
99223,7,1957,569974,300097,1,1430,209.86,1,3,2,2,2,69,43901,1.9,0.9
99218,7,1974,459932,460069,1,2510,183.29,1,4,3,3,2,52,-137,1,0
98198,0,1979,295072,300057,1.02,1140,263.21,2,2,2,2,2,47,-4985,0.98,-0.02
98366,7,1985,724902,724949,1,1980,366.14,2,3,2,1,2,41,-47,1,0
98249,7,2019,749923,749944,1,1880,398.91,1,3,2,1,2,7,-21,1,0
98683,7,1989,975077,954928,0.98,3440,277.6,2,4,3,2,2,37,20149,1.02,0.02
98310,7,2000,575057,574929,1,2450,234.66,1,2,3,3,2,26,128,1,0
98028,7,1970,1222787,1462187.5,1.03,3865,304.88,1,4,4,1,2,56,-33595,0.84,-0.16
98230,7,2025,1222787,1245056,1,1790,680.56,1,3,2,2,2,1,-123,0.98,-0.02
99026,7,2018,738946,714937,0.97,3865,178.29,1,4,4,2,2,8,24009,1.03,0.03
98837,4,1999,438100,443100,1.01,1830,242.13,1,4,2,2,2,27,-5000,0.99,-0.01
98117,8,2026,859959,859849,1,1790,480.36,2,4,3,1,2,0,110,1,0
98498,7,1952,569974,949929,1,2350,404.23,1,3,1,2,2,74,-33595,0.6,-0.4
99026,7,1977,489947,475060,0.97,1900,250.03,2,4,2,2,2,49,14887,1.03,0.03
98264,0,2024,569974,640357,1,1730,370.15,2,2,3,2,2,2,-33595,0.89,-0.11
98374,3,1992,569974,1462187.5,1,1810,324.3,2,3,0.5,2,2,34,-33595,0.39,-0.61
98036,7,1990,1190092,1029939,0.96,3090,333.31,2,4,3,3,2,36,43901,1.16,0.16
99336,8,2025,409919,410063,1,1820,225.31,2,4,3,2,2,1,-144,1,0
98029,3,1992,1222787,1198928,0.96,1810,324.3,2,3,2,2,2,34,43901,1.02,0.02
98366,7,1993,449950,449910,1,1060,424.44,1,3,2,1,2,33,40,1,0
98012,7,2019,1222787,1375100,1,2700,509.3,2,5,3,3,2,7,-174,0.89,-0.11
98642,0,1992,414557,414446,1,1600,259.03,1,2,2,2,2,34,111,1,0
98422,7,1996,1089099,1099074,1.01,3865,265.48,2,4,4,2,2,30,-9975,0.99,-0.01
98077,7,1985,1222787,1462187.5,0.96,3865,528.61,2,4,4.5,2,2,41,43901,0.84,-0.16
98045,7,1999,1222787,1462187.5,1,3865,455.78,2,4,4.5,3,2,27,-6876,0.84,-0.16
98022,4,1991,150000,140091,0.96,1340,104.55,1,2,2,2,2,35,9909,1.07,0.07
99224,4,1979,60056,76138,1.03,1270,59.95,1,2,2,2,2,47,-16082,0.79,-0.21
98502,7,1988,660060,640076,0.97,1730,369.99,2,3,3,1,2,38,19984,1.03,0.03
99336,7,2012,515052,535099,1.03,2300,232.65,1,4,2,2,2,14,-20047,0.96,-0.04
98036,7,1979,865087,864918,1,2440,354.47,2,3,3,1,2,47,169,1,0
98023,7,1966,769902,759900,0.99,2330,326.14,2,5,3,2,2,60,10002,1.01,0.01
99021,7,1992,670000,667080,1,3260,204.63,2,4,3,2,2,34,2920,1,0
98014,8,2025,609927,590050,0.97,1370,430.69,2,3,3,2,2,1,19877,1.03,0.03
98077,7,1996,1222787,1462187.5,0.99,3520,680.56,2,4,3,2,2,30,17175,0.84,-0.16
98233,7,1994,824925,824919,1,2380,346.6,2,4,4,1,2,32,6,1,0
98103,8,2025,698948,699065,1,1100,635.51,2,2,2,1,2,1,-117,1,0
98115,7,2007,1222787,1462187.5,0.97,3865,680.56,2,5.5,4.5,3.5,2,19,43901,0.84,-0.16
98532,7,1980,799077,785083,0.98,3840,204.45,2,3,3,1,2,46,13994,1.02,0.02
98682,7,1976,465071,465079,1,1260,369.11,1,3,2,2,2,50,-8,1,0
98223,4,1978,175050,185911,1.03,1440,129.1,1,3,2,2,2,48,-10861,0.94,-0.06
98110,7,2023,1222787,1439944,0.99,2260,637.14,2,3,4,2,2,3,7959,0.85,-0.15
98229,7,1936,898913,1049923,1.03,1820,576.88,1,3,2,1,2,90,-33595,0.86,-0.14
98248,7,2015,999075,999091,1,2670,374.19,1,2,3,2,2,11,-16,1,0
98405,7,1922,549900,589905,1.03,1450,406.83,1,3,2,1,2,104,-33595,0.93,-0.07
98501,7,1920,694901,694903,1,3450,201.42,2,5,3,1,2,106,-2,1,0
98199,7,2008,1222787,1462187.5,0.96,3865,434.92,2,5,4.5,3,2,18,43901,0.84,-0.16
98034,0,1980,539063,539058,1,1280,421.14,1,3,2,1,2,46,5,1,0
98026,7,1989,1000084,1124921,1.03,1810,621.5,1,3,2,2,2,37,-33595,0.89,-0.11
98117,7,1957,1222787,1462187.5,1.03,3130,680.56,1,5,3,1,2,69,-33595,0.84,-0.16
98903,4,1994,398587,382439,0.96,1760,217.29,1,4,2,2,2,32,16148,1.04,0.04
98837,7,1977,375093,379945,1.01,2010,189.03,2,4,3,1,2,49,-4852,0.99,-0.01
98335,7,1996,750058,735057,0.98,1750,420.03,1,3,2,1,2,30,15001,1.02,0.02
98604,7,2017,649928,634933,0.98,2530,250.96,2,4,3,2,2,9,14995,1.02,0.02
98248,7,2025,745046,744903,1,2470,301.58,2,3,3,2,2,1,143,1,0
98230,7,2023,589836,581947,0.99,1530,380.36,1,3,2,1,2,3,7889,1.01,0.01
98584,7,1910,249829,210055,0.96,2110,99.55,2,3,1,1,2,116,39774,1.19,0.19
98532,7,1920,598907,598937,1,1330,450.33,2,3,1,2,2,106,-30,1,0
98466,7,1981,740093,794906,1.03,2110,376.73,2,3,3,2,2,45,-33595,0.93,-0.07
98122,7,1909,1222787,1462187.5,0.96,3865,452.36,2,4,4,2,2,117,43901,0.84,-0.16
98665,7,1989,672434,672428,1,2480,271.14,2,4,2,2,2,37,6,1,0
98006,7,1979,1222787,1462187.5,1.03,3380,596.14,1,4,3,1,2,47,-33595,0.84,-0.16
98831,7,1975,1222787,1462187.5,1,3865,634.5,3,4,4.5,2,2,51,-146,0.84,-0.16
98074,7,2002,1222787,1462187.5,0.96,3865,614.44,2,5,4.5,3,2,24,43901,0.84,-0.16
98674,7,2026,899061,905028,1.01,2390,378.67,1,3,3,2,2,0,-5967,0.99,-0.01
98042,7,1977,739941,734947,0.99,1900,386.81,2,3,3,2,2,49,4994,1.01,0.01
98264,7,2012,667086,658092,0.99,2200,299.13,2,3,2,2,2,14,8994,1.01,0.01
98074,7,2018,1222787,1462187.5,1.03,3865,468.47,2,5,4,2,2,8,-33595,0.84,-0.16
99362,7,1973,894940,880067,0.98,3220,273.31,1,4,4,2,2,53,14873,1.02,0.02
98625,7,1961,419949,420073,1,2120,198.15,2,3,2,2,2,65,-124,1,0
99326,7,1994,345070,349939,1.01,1580,221.48,2,3,3,2,2,32,-4869,0.99,-0.01
98632,7,2017,999969,999997,1,2690,371.75,2,3,3,2,2,9,-28,1,0
98020,7,1955,1222787,1462187.5,1.03,3310,528.73,1,3,3,2,2,71,-33595,0.84,-0.16
99212,7,1945,364060,355060,0.98,1400,253.61,1,3,2,2,2,81,9000,1.03,0.03
98226,7,2025,688914,693913,1.01,1620,428.34,1,3,3,1,2,1,-4999,0.99,-0.01
99019,7,2006,1222787,1450059,0.96,3865,262.22,1,4,4,3,2,20,43901,0.84,-0.16
98106,7,1928,569974,510073,1,770,662.43,1,1.5,1,1,2,98,43901,1.12,0.12
98607,7,2003,1222787,1314912,1,3240,405.84,2,3,3,3,2,23,147,0.93,-0.07
98133,7,1978,995075,1005051,1.01,1840,546.22,2,3,3,1,2,48,-9976,0.99,-0.01
98004,0,2008,1222787,1462187.5,0.97,1580,680.56,1,2,2,1,2,18,43901,0.84,-0.16
98466,7,1995,949929,970061,1.02,3050,318.05,2,5,3,2,2,31,-20132,0.98,-0.02
98826,7,2014,868937,825085,0.96,2630,313.72,2,3,4,1,2,12,43852,1.05,0.05
98125,7,1960,1124925,1125075,1,2700,416.69,2,4,3,2,2,66,-150,1,0
98532,3,1992,250067,235051,0.96,1810,324.3,2,3,2,2,2,34,15016,1.06,0.06
98223,7,1998,849930,824912,0.97,2350,351.03,2,4,3,1,2,28,25018,1.03,0.03
98335,7,1973,610067,609937,1,2440,249.97,1,3,3,1,2,53,130,1,0
99338,7,2022,875065,875098,1,2960,295.64,1,3,3,2,2,4,-33,1,0
98837,7,1984,384586,383592,1,1920,199.79,1,3,2,1,2,42,994,1,0
98908,7,2023,548927,535059,0.97,2020,264.88,1,4,2,2,2,3,13868,1.03,0.03
98801,7,2009,655073,648920,0.99,2310,280.92,2,3,2,2,2,17,6153,1.01,0.01
98346,7,2013,594917,595068,1,1450,410.39,2,3,3,2,2,13,-151,1,0
98034,0,1980,524068,513920,0.98,1070,480.3,1,2,2,1,2,46,10148,1.02,0.02
98294,7,2023,574945,579922,1.01,1990,291.42,2,3,3,1,2,3,-4977,0.99,-0.01
98338,7,2023,585093,590065,1.01,2180,270.67,2,4,3,1,2,3,-4972,0.99,-0.01
98404,7,1911,475052,480083,1.01,1430,335.72,2,4,2,2,2,115,-5031,0.99,-0.01
98274,7,1999,828921,805063,0.97,2230,361.01,1,3,2,2,2,27,23858,1.03,0.03
98247,3,1992,189937,189904,1,1810,324.3,2,3,2,2,2,34,33,1,0
98118,5,2017,1222787,1352098,1.03,3865,274.26,2,5.5,3,2,2,9,-33595,0.9,-0.1
98422,7,1977,850002,849892,1,1990,427.08,2,3,3,2,2,49,110,1,0
98387,4,1980,407595,407587,1,1290,315.96,1,3,2,2,2,46,8,1,0
98133,0,1979,569974,405097,1,290,680.56,3.5,3,0.5,2,2,47,43901,1.41,0.41
98106,7,2025,569974,1065056,1,2620,406.51,2,5,4,3,2,1,-33595,0.54,-0.46
98674,7,2025,603204,603378,1,2160,279.34,2,3,2,2,2,1,-174,1,0
98841,7,1910,474949,430097,0.96,2230,192.87,2,4,3,2,2,116,43901,1.1,0.1
98516,5,1968,764922,764939,1,3170,241.31,2,5.5,4,2,2,58,-17,1,0
98403,8,2003,419825,400079,0.96,1130,354.05,2,2,3,2,2,23,19746,1.05,0.05
98077,7,1977,1222787,1462187.5,0.99,2990,563.58,2,5,3,1,2,49,14986,0.84,-0.16
98282,7,2008,1222787,1224933,0.96,3150,388.87,2,1.5,3,2,2,18,43901,1,0
99133,3,1992,75098,74938,1,1810,324.3,2,3,2,2,2,34,160,1,0
98611,4,1997,300061,300070,1,1300,230.82,1,3,2,2,2,29,-9,1,0
98370,4,1990,399866,413067,1.03,1780,232.06,1,3,2,2,2,36,-13201,0.97,-0.03
99133,3,1992,23912,22086,0.96,1810,324.3,2,3,2,2,2,34,1826,1.08,0.08
98103,8,2018,674833,671068,0.99,1530,438.61,2,3,2,1,2,8,3765,1.01,0.01
99224,7,2016,584944,567069,0.97,2920,194.2,1,4,3,3,2,10,17875,1.03,0.03
98118,0,2006,569974,629902,1,1820,346.1,3,3,3,2,2,20,-33595,0.9,-0.1
99362,7,2026,449899,451666,1,1410,320.33,1,3,2,2,2,0,-1767,1,0
98607,7,2004,1222787,1462187.5,1,3865,313.81,2,5,4,3.5,2,22,1,0.84,-0.16
98021,8,2024,569974,1064914,1,2070,514.45,2,4,3,2,2,2,-33595,0.54,-0.46
98604,4,1977,31061,30905,1,1140,27.11,1,3,2,2,2,49,156,1.01,0.01
98532,3,1992,14920,14941,1,1810,324.3,2,3,2,2,2,34,-21,1,0
99403,7,2003,456943,450097,0.98,1800,250.05,1,3,3,3,2,23,6846,1.02,0.02
98118,8,2017,569974,450764,1,1470,306.64,2,3,3,2,2,9,43901,1.26,0.26
98611,4,1997,569974,299948,1,1300,230.73,2,3,2,2,2,29,43901,1.9,0.9
98252,7,2018,734914,734932,1,2670,275.26,2,5,3,2,2,8,-18,1,0
98597,4,1981,569974,130071,1,960,135.49,2,3,0.5,2,2,45,43901,4.38,3.38
98374,7,1995,519899,519928,1,1430,363.59,1,3,2,2,2,31,-29,1,0
98012,7,1979,849926,919911,1.03,1990,462.27,3,4,3,2,2,47,-33595,0.92,-0.08
98374,3,1992,569974,1462187.5,1,1810,324.3,2,3,0.5,2,2,34,-33595,0.39,-0.61
98033,5,1978,1222787,1462187.5,1,2400,680.56,2,5.5,3,2,2,48,136,0.84,-0.16
98229,3,1992,389058,389081,1,1810,324.3,2,3,2,2,2,34,-23,1,0
98117,7,2025,999055,960099,0.96,1690,568.11,2,3,4,1,2,1,38956,1.04,0.04
98625,4,1981,110576,110428,1,1780,62.04,1,3,2,2,2,45,148,1,0
98030,3,1992,569974,1040097,1,1810,324.3,2,3,0.5,2,2,34,-33595,0.55,-0.45
98065,7,1942,569974,774917,1,1450,534.43,2,3,1,1,2,84,-33595,0.74,-0.26
98058,3,1992,569974,809903,1,1810,324.3,2,3,0.5,2,2,34,-33595,0.7,-0.3
99217,4,2000,334941,324904,0.97,1510,215.17,1,4,2,2,2,26,10037,1.03,0.03
98133,8,2008,569974,499950,1,1250,399.96,2,3,4,2,2,18,43901,1.14,0.14
98338,3,1992,569974,1462187.5,1,1810,324.3,2,3,0.5,2,2,34,-33595,0.39,-0.61
98204,5,1979,569974,645059,1,1780,362.39,1,5,2,2,2,47,-33595,0.88,-0.12
98106,0,1981,569974,404908,1,1020,396.97,2,2,3,2,2,45,43901,1.41,0.41
98110,3,1992,348947,340091,0.97,1810,324.3,2,3,2,2,2,34,8856,1.03,0.03
98664,5,1969,568097,568063,1,2920,194.54,1,5,3,3,2,57,34,1,0
98837,7,2007,450080,450053,1,2500,180.02,2,4,3,2,2,19,27,1,0
98632,7,1932,299887,262498,0.96,1680,156.25,1,4,2,2,2,94,37389,1.14,0.14
98103,0,1992,569974,850065,1,1080,680.56,2,2,3,2,2,34,-33595,0.67,-0.33
98021,8,2021,838948,831922,0.99,1820,457.1,2,3,4,1,2,5,7026,1.01,0.01
98404,7,2015,509375,509527,1,1570,324.54,2,3,3,1,2,11,-152,1,0
98617,4,1993,450055,449948,1,2310,194.78,1,3,3,3,2,33,107,1,0
98103,8,2025,699088,698928,1,1100,635.39,2,2,2,1,2,1,160,1,0
98311,7,2004,525062,525089,1,1300,403.91,1,3,2,1,2,22,-27,1,0
99349,7,2025,265067,274556,1.03,1080,254.22,1,3,2,2,2,1,-9489,0.97,-0.03
98503,0,1979,289437,289434,1,1180,245.28,1,2,2,2,2,47,3,1,0
98027,7,2026,1222787,1462187.5,0.99,3550,669.03,2,5,4,2,2,0,24034,0.84,-0.16
98011,7,1962,1175051,1175064,1,2020,581.71,1,3,2,1,2,64,-13,1,0
98502,7,2016,568433,565065,0.99,2310,244.62,2,4,3,2,2,10,3368,1.01,0.01
98404,7,1910,630064,630063,1,2590,243.27,2,5,4,1,2,116,1,1,0
99006,7,2025,410058,410062,1,2000,205.03,2,5,3,3,2,1,-4,1,0
98356,7,1980,499653,499776,1,1600,312.36,2,1.5,2,1,2,46,-123,1,0
99337,7,1957,479996,479984,1,2780,172.66,1,5.5,3,2,2,69,12,1,0
98312,7,1996,399069,404933,1.01,2020,200.46,1,3,2,1,2,30,-5864,0.99,-0.01
98106,7,1918,649071,704912,1.03,2140,329.4,2,3,2,1,2,108,-33595,0.92,-0.08
98663,7,2016,519931,520080,1,1910,272.29,2,4,2,2,2,10,-149,1,0
98075,7,1977,1200099,1249918,1.03,1940,644.29,2,4,3,1,2,49,-33595,0.96,-0.04
98045,7,2021,1222787,1384921,0.99,3080,449.65,2,4,3,2,2,5,10012,0.88,-0.12
98034,7,1973,1222787,1391903,1.01,2160,644.4,2,3,2,1,2,53,-16970,0.88,-0.12
98011,7,1987,950066,949937,1,1590,597.44,2,3,3,2,2,39,129,1,0
98671,7,2006,545066,545100,1,2290,238.03,2,4,2,2,2,20,-34,1,0
98589,7,2008,464054,463940,1,1900,244.18,1,3,2,2,2,18,114,1,0
98404,7,1952,425080,437807,1.03,1790,244.58,1,2,1,1,2,74,-12727,0.97,-0.03
98323,7,2015,550001,539908,0.98,1760,306.77,1,3,2,2,2,11,10093,1.02,0.02
98020,0,2005,1222787,1462187.5,0.96,2220,680.56,1,3,3,2,2,21,43901,0.84,-0.16
98375,7,2014,600060,617946,1.03,2280,271.03,2,4,3,2,2,12,-17886,0.97,-0.03
99223,7,1981,399886,412580,1.03,1230,335.43,1,3,2,2,2,45,-12694,0.97,-0.03
98661,7,1954,399988,399976,1,1210,330.56,1,3,1,1,2,72,12,1,0
98230,7,2018,869820,869839,1,1860,467.66,1,2,2,1,2,8,-19,1,0
98837,7,2012,400100,394924,0.99,1800,219.4,1,4,2,1,2,14,5176,1.01,0.01
98006,7,1954,1222787,1353084,1.03,1430,680.56,1,3,2,1,2,72,-33595,0.9,-0.1
98408,7,1938,738903,757079,1.02,2700,280.4,3,5.5,4,1,2,88,-18176,0.98,-0.02
98382,7,2006,740052,730076,0.99,2730,267.43,2,2,3,2,2,20,9976,1.01,0.01
98335,7,1965,850075,824905,0.97,1620,509.2,1,2,2,1,2,61,25170,1.03,0.03
98034,0,1982,1222787,1175061,0.96,1410,680.56,1,2,2,2,2,44,43901,1.04,0.04
98198,0,2002,479077,465081,0.97,1150,404.42,1,2,2,2,2,24,13996,1.03,0.03
98032,0,1997,375097,370066,0.99,990,373.8,2,2,2,2,2,29,5031,1.01,0.01
98126,7,1941,775066,775099,1,1160,668.19,1,3,2,1,2,85,-33,1,0
98226,7,2006,625051,625062,1,2870,217.79,2,4,4,3.5,2,20,-11,1,0
98133,7,1967,880089,879906,1,1800,488.84,2,4,3,1,2,59,183,1,0
98531,7,1925,189947,184918,0.97,1290,143.35,2,3,1,1,2,101,5029,1.03,0.03
98198,7,1959,799811,770060,0.96,2310,333.36,1,5,3,1,2,67,29751,1.04,0.04
98391,4,1983,364864,369088,1.01,840,439.39,1,2,1,1,2,43,-4224,0.99,-0.01
99346,7,2021,439993,439962,1,1800,244.42,1,3,2,2,2,5,31,1,0
98837,7,2025,369916,369927,1,1330,278.14,1,3,2,2,2,1,-11,1,0
99352,7,2021,1222787,1462187.5,1,3760,422.85,2,3,4,2,2,5,-28,0.84,-0.16
99126,7,1980,355058,355084,1,2690,132,2,5,2,2,2,46,-26,1,0
99202,7,1909,569974,385069,1,1340,287.36,2,3,2,2,2,117,43901,1.48,0.48
98541,7,1961,297444,297579,1,2290,129.95,1,4,2,2,2,65,-135,1,0
98371,7,2017,800039,794922,0.99,2800,283.9,2,5,3,2,2,9,5117,1.01,0.01
98057,7,1987,749914,774940,1.03,2180,355.48,2,3,3,1,2,39,-25026,0.97,-0.03
99001,7,2008,440091,445061,1.01,2400,185.44,2,5,3,2,2,18,-4970,0.99,-0.01
98294,7,2026,597902,593055,0.99,1910,310.5,2,4,3,2,2,0,4847,1.01,0.01
98106,7,1918,575065,663061,1.03,720,680.56,1,2,1,1,2,108,-33595,0.87,-0.13
98248,7,2024,739053,714904,0.97,2300,310.83,2,4,3,1,2,2,24149,1.03,0.03
98579,7,1925,599097,570069,0.96,1400,407.19,1,2,1,1,2,101,29028,1.05,0.05
98327,7,1998,559925,564930,1.01,1830,308.7,2,3,3,2,2,28,-5005,0.99,-0.01
98596,7,1942,415054,394916,0.96,2350,168.05,2,3,2,1,2,84,20138,1.05,0.05
98942,7,1995,683353,650090,0.96,3810,170.63,2,3,2,2,2,31,33263,1.05,0.05
98144,7,1925,574900,585085,1.02,1340,436.63,1,3,2,1,2,101,-10185,0.98,-0.02
98823,7,2007,690072,675078,0.98,2470,273.31,1,4,2,2,2,19,14994,1.02,0.02
98012,7,2019,1222787,1249901,1,2140,584.07,2,3,3,2,2,7,10,0.98,-0.02
99353,7,1977,439949,410095,0.96,2070,198.11,2,4,3,2,2,49,29854,1.07,0.07
98034,7,1965,925054,1074940,1.03,1520,680.56,1,3,2,1,2,61,-33595,0.86,-0.14
98362,7,2007,650064,650058,1,1740,373.6,1,3,2,2,2,19,6,1,0
98270,7,2000,619917,632930,1.02,1840,343.98,2,4,3,2,2,26,-13013,0.98,-0.02
98837,7,2024,379056,379092,1,1470,257.89,1,3,2,2,2,2,-36,1,0
98642,7,2014,745051,745099,1,2280,326.8,1,3,2,2,2,12,-48,1,0
98277,7,2005,424816,422585,0.99,1500,281.72,1,2,2,2,2,21,2231,1.01,0.01
98239,7,2025,500039,508915,1.02,1320,385.54,1,3,2,1,2,1,-8876,0.98,-0.02
98310,7,2007,475087,490061,1.03,2110,232.26,2,3,3,2,2,19,-14974,0.97,-0.03
98075,7,2020,1222787,1462187.5,1,3865,623.42,2,5,4,3.5,2,6,-830,0.84,-0.16
98498,7,1951,469810,464941,0.99,1700,273.49,2,4,2,2,2,75,4869,1.01,0.01
98021,7,2011,1200080,1200077,1,2170,553.03,2,4,3,2,2,15,3,1,0
98043,7,1951,525076,576059,1.03,910,633.03,1,2,2,2,2,75,-33595,0.91,-0.09
98851,4,1995,358907,382447,1.03,1570,243.6,1,3,3,2,2,31,-23540,0.94,-0.06
99218,7,2023,674933,665099,0.99,3640,182.72,1,5,3,2,2,3,9834,1.01,0.01
98026,0,2002,600054,589905,0.98,1230,479.6,1,2,2,1,2,24,10149,1.02,0.02
98837,4,1980,74988,74816,1,1730,43.25,1,3,2,2,2,46,172,1,0
98115,7,1970,875064,889919,1.02,1700,523.48,1,3,2,1,2,56,-14855,0.98,-0.02
98387,7,2003,475099,476062,1,1830,260.14,2,3,3,2,2,23,-963,1,0
98116,7,1951,924929,951921,1.03,2000,475.96,1,3,2,1,2,75,-26992,0.97,-0.03
98003,7,1965,514907,570088,1.03,1960,290.86,2,4,2,2,2,61,-33595,0.9,-0.1
98230,7,2025,524848,504923,0.96,1490,338.87,2,3,3,1,2,1,19925,1.04,0.04
98042,7,1990,545083,550064,1.01,1110,495.55,1,3,2,2,2,36,-4981,0.99,-0.01
98520,7,1935,399828,389931,0.98,2770,140.77,2,2,2,1,2,91,9897,1.03,0.03
98258,7,2004,589927,549908,0.96,1820,302.15,2,4,3,2,2,22,40019,1.07,0.07
99301,7,2005,374937,375062,1,1250,300.05,1,3,2,2,2,21,-125,1,0
98499,7,1959,569974,725099,1,2380,304.66,1,3,2,2,2,67,-33595,0.79,-0.21
98027,0,1979,390070,370588,0.96,910,407.24,3,2,2,1,2,47,19482,1.05,0.05
98382,4,1978,125093,120095,0.96,960,125.1,2,2,2,2,2,48,4998,1.04,0.04
98003,0,1976,249929,249925,1,780,320.42,1,2,1,1,2,50,4,1,0
98059,7,2025,1222787,1462187.5,1,3620,680.56,2,5,4.5,2,2,1,113,0.84,-0.16
98008,7,1968,1222787,1462187.5,1,2760,680.45,1,4,3,3,2,58,43,0.84,-0.16
99362,7,1935,825059,820077,0.99,3010,272.45,2,4,3,3,2,91,4982,1.01,0.01
98686,7,2025,779963,779830,1,2910,267.98,2,4,3,3,2,1,133,1,0
98042,7,1972,575093,575055,1,1290,445.78,1,2,2,1,2,54,38,1,0
98802,7,2026,598905,610097,1.02,1760,346.65,1,3,2,2,2,0,-11192,0.98,-0.02
98270,7,2008,744904,730099,0.98,2880,253.51,2,4,3,2,2,18,14805,1.02,0.02
98387,7,1979,475021,474931,1,1570,302.5,2,5,2,1,2,47,90,1,0
98374,7,1977,509347,550084,1.03,1700,323.58,2,3,3,2,2,49,-33595,0.93,-0.07
98596,7,1920,325066,320071,0.98,1510,211.97,2,4,2,1,2,106,4995,1.02,0.02
98520,7,1923,248913,209925,0.96,1280,164,1,2,1,1,2,103,38988,1.19,0.19
98006,7,1958,1222787,1339919,1.03,1470,680.56,1,3,2,1,2,68,-33595,0.91,-0.09
98126,7,2007,924948,924929,1,1850,499.96,2,4,3,2,2,19,19,1,0
98103,7,1976,1194929,1194910,1,1700,680.56,2,3,3,2,2,50,19,1,0
98040,7,2013,1222787,1462187.5,0.96,3865,324.3,2,4,3,3,2,13,43901,0.84,-0.16
98005,7,1966,1222787,1462187.5,0.96,2830,628.95,2,5,3,3,2,60,43901,0.84,-0.16
99207,7,1962,268931,274900,1.02,1780,154.44,1,4,1,1,2,64,-5969,0.98,-0.02
98558,7,2026,669825,669993,1,2120,316.03,1,3,3,2,2,0,-168,1,0
98662,7,2020,675052,675052,1,2850,236.86,2,4,2,2,2,6,0,1,0
98117,7,1954,1222787,1454945,1.03,2300,632.58,1,4,3,3,2,72,-33595,0.84,-0.16
99004,7,2005,442911,442918,1,1810,324.3,2,4,3,2,2,21,-7,1,0
98208,7,1993,844883,844903,1,1790,472.01,2,4,3,1,2,33,-20,1,0
99337,7,1994,440081,440093,1,1880,234.09,2,3,3,2,2,32,-12,1,0
98638,7,1950,268922,275096,1.02,940,292.66,1,2,1,1,2,76,-6174,0.98,-0.02
98368,7,2017,914922,965057,1.03,1680,574.44,1,3,2,1,2,9,-33595,0.95,-0.05
98144,7,2015,795071,825076,1.03,1510,546.41,2,3,4,1,2,11,-30005,0.96,-0.04
99205,7,1912,415074,415087,1,2960,140.23,2,4,2,2,2,114,-13,1,0
98930,7,2025,424942,424769,1,1640,259.01,1,4,2,1,2,1,173,1,0
98034,0,1982,624901,619911,0.99,980,632.56,2,2,2,1,2,44,4990,1.01,0.01
98003,0,1991,325062,327440,1.01,1300,251.88,1,3,2,2,2,35,-2378,0.99,-0.01
98125,8,2024,569974,649927,1,1810,324.3,3,3,0.5,2,2,2,-33595,0.88,-0.12
98058,7,1975,775079,770072,0.99,2430,316.9,2,3,3,1,2,51,5007,1.01,0.01
98503,0,1981,318950,310097,0.97,1480,209.52,1,2,2,1,2,45,8853,1.03,0.03
98023,7,1983,575040,585060,1.02,1570,372.65,2,3,2,1,2,43,-10020,0.98,-0.02
99320,7,2026,399825,386641,0.97,1430,270.38,1,3,2,2,2,0,13184,1.03,0.03
98115,7,1940,1222787,1351949,0.96,1240,680.56,2,3,2,1,2,86,43901,0.9,-0.1
99208,7,2026,750471,749907,1,2650,282.98,2,4,3,3,2,0,564,1,0
98008,7,1969,1222787,1250100,1,1600,680.56,2,3,2,1,2,57,-8,0.98,-0.02
98837,7,2014,424942,425093,1,2140,198.64,2,5,3,3,2,12,-151,1,0
99224,7,2024,450047,449927,1,1700,264.66,1,3,2,2,2,2,120,1,0
98374,7,2025,677853,712915,1.03,2660,268.01,2,3,3,2,2,1,-33595,0.95,-0.05
98930,7,2025,424926,424930,1,1640,259.1,1,4,1,1,2,1,-4,1,0
98052,0,1979,475078,475096,1,990,479.89,1,2,2,1,2,47,-18,1,0
98682,7,1976,569974,535065,1,1300,411.59,1,3,3,2,2,50,34909,1.07,0.07
98312,7,2023,599938,618100,1.03,2570,240.51,2,4,3,2,2,3,-18162,0.97,-0.03
99354,7,1944,295091,299932,1.02,900,333.26,1,2,1,1,2,82,-4841,0.98,-0.02
98332,7,1980,585065,595086,1.02,1610,369.62,1,3,2,1,2,46,-10021,0.98,-0.02
98034,0,1980,415079,385070,0.96,1080,356.55,1,2,1,1,2,46,30009,1.08,0.08
98118,7,1968,660066,620084,0.96,1490,416.16,1,3,2,1,2,58,39982,1.06,0.06
98233,7,2016,1050063,1000067,0.96,2980,335.59,2,4,4,3,2,10,43901,1.05,0.05
98371,7,1974,740058,684907,0.96,2380,287.78,2,3,3,1,2,52,43901,1.08,0.08
98001,7,1983,730096,710082,0.97,2230,318.42,2,5,3,1,2,43,20014,1.03,0.03
98119,7,1909,1222787,1374936,0.99,1950,680.56,2,3,2,1,2,117,20161,0.89,-0.11
98685,7,2003,469945,469901,1,1410,333.26,1,3,2,2,2,23,44,1,0
98277,7,2025,759932,765086,1.01,1980,386.41,1,3,2,2,2,1,-5154,0.99,-0.01
99344,7,2025,395933,395926,1,1500,263.95,1,3,2,1,2,1,7,1,0
98606,7,1971,550069,540944,0.98,1290,419.34,1,3,2,2,2,55,9125,1.02,0.02
99336,7,1954,339086,340099,1,1920,177.13,1,3,2,1,2,72,-1013,1,0
99301,7,2018,387563,387588,1,1460,265.47,1,4,2,2,2,8,-25,1,0
98019,7,2015,1148947,1150084,1,2720,422.82,2,4,4,3,2,11,-1137,1,0
98607,7,2026,749833,749808,1,2340,320.43,2,4,3,3,2,0,25,1,0
98229,7,2001,818920,799920,0.98,1830,437.11,2,4,3,2,2,25,19000,1.02,0.02
98155,7,1961,1074941,1199939,1.03,1960,612.21,2,3,2,1,2,65,-33595,0.9,-0.1
99352,0,1977,295091,285062,0.97,1030,276.76,1,2,2,1,2,49,10029,1.04,0.04
98201,7,1967,550050,560054,1.02,1300,430.81,1,3,2,1,2,59,-10004,0.98,-0.02
98003,0,1990,349947,359947,1.03,1400,257.1,1,2,2,2,2,36,-10000,0.97,-0.03
98642,7,2025,693136,693148,1,2340,296.22,2,3,3,3,2,1,-12,1,0
98226,7,1978,885076,849907,0.96,1850,459.41,2,3,1,1,2,48,35169,1.04,0.04
98926,7,2007,399565,399058,1,1180,338.18,1,3,2,2,2,19,507,1,0
98177,7,2026,790013,790029,1,1210,652.92,2,2,3,1,2,0,-16,1,0
98926,4,2002,529053,540056,1.02,1810,298.37,1,3,2,2,2,24,-11003,0.98,-0.02
98168,7,1962,699083,735071,1.03,2390,307.56,1,5,3,1,2,64,-33595,0.95,-0.05
98409,7,1909,414931,415090,1,940,441.59,1,2,2,1,2,117,-159,1,0
98360,7,2013,578944,588909,1.02,2300,256.05,2,4,3,2,2,13,-9965,0.98,-0.02
98683,7,1990,700070,700098,1,2080,336.59,1,2,2,2,2,36,-28,1,0
98103,8,2026,717903,717935,1,1040,680.56,2,2,2,1,2,0,-32,1,0
98391,4,1995,548937,545098,0.99,1720,316.92,1,3,2,2,2,31,3839,1.01,0.01
98226,0,1998,249905,250089,1,600,416.82,1,1.5,1,2,2,28,-184,1,0
98408,5,1969,764937,670067,0.96,2720,246.35,2,5.5,4,2,2,57,43901,1.14,0.14
98296,8,2026,600054,600061,1,1660,361.48,2,2,3,1,2,0,-7,1,0
99205,7,1947,350063,349945,1,2230,156.93,3,4,2,2,2,79,118,1,0
98029,8,2021,959884,949904,0.99,1520,624.94,2,3,3,1,2,5,9980,1.01,0.01
98640,4,1978,71944,72060,1,960,75.06,1,2,2,2,2,48,-116,1,0
98445,7,1960,525078,499937,0.96,1500,333.29,1,3,2,1,2,66,25141,1.05,0.05
98021,7,2014,1222787,1462187.5,0.98,3130,468.9,2,5,3,2,2,12,27416,0.84,-0.16
99207,7,1936,238914,250057,1.03,980,255.16,1,2,1,1,2,90,-11143,0.96,-0.04
98146,7,1949,649925,652091,1,1600,407.56,1,3,2,2,2,77,-2166,1,0
98942,7,2002,495072,495085,1,1840,269.07,1,3,2,2,2,24,-13,1,0
98052,7,1972,569974,1224943,1,1690,680.56,1,3,3,2,2,54,-33595,0.47,-0.53
98382,7,1973,464943,460058,0.99,1240,371.01,2,3,2,2,2,53,4885,1.01,0.01
98008,7,1963,1222787,1462187.5,0.98,3310,589.11,1,5,3,1,2,63,43901,0.84,-0.16
98092,7,2011,640055,639902,1,1610,397.45,2,3,3,1,2,15,153,1,0
98277,7,1991,898486,837572,0.96,1980,423.02,1,3,2,2,2,35,43901,1.07,0.07
98033,0,1997,974699,974516,1,1440,676.75,1,2,2,2,2,29,183,1,0
98632,7,1946,262412,262443,1,800,328.05,1,2,1,1,2,80,-31,1,0
98516,7,2017,599973,585061,0.98,2560,228.54,2,4,3,2,2,9,14912,1.03,0.03
99205,7,1909,324834,315173,0.97,1310,240.59,1,2,1,1,2,117,9661,1.03,0.03
98501,7,1991,460094,460060,1,1200,383.38,1,3,2,1,2,35,34,1,0
98056,7,1959,1150013,1079919,0.96,2120,509.4,1,4,3,1,2,67,43901,1.06,0.06
98501,7,2025,649876,649997,1,2660,244.36,2,4,3,2,2,1,-121,1,0
98503,7,1986,439989,439965,1,1160,379.28,2,2,2,1,2,40,24,1,0
98262,7,1992,569974,640081,1,1810,324.3,2,3,0.5,2,2,34,-33595,0.89,-0.11
98103,8,2024,849904,850096,1,1080,680.56,2,2,3,2,2,2,-192,1,0
98908,4,1992,54946,51905,0.96,670,77.47,1,2,1,1,2,34,3041,1.06,0.06
98087,7,1999,800095,799950,1,2070,386.45,1,3,2,2,2,27,145,1,0
98258,7,2025,569974,1050325,1,2800,375.12,1,4,4,3,2,1,-33595,0.54,-0.46
98506,7,2025,659916,660095,1,2770,238.3,2,5,3,2,2,1,-179,1,0
98903,4,2009,270097,284903,1.03,1520,187.44,1,3,2,2,2,17,-14806,0.95,-0.05
99352,7,1944,250083,246741,0.99,920,268.2,1,3,1,1,2,82,3342,1.01,0.01
98338,4,2004,110098,98076,0.96,920,106.6,1,3,2,2,2,22,12022,1.12,0.12
98903,4,1998,398567,398579,1,1810,220.21,2,3,2,2,2,28,-12,1,0
98338,4,1984,449066,455084,1.01,1440,316.03,1,3,2,2,2,42,-6018,0.99,-0.01
98374,7,2019,504934,507088,1,1620,313.02,2,3,3,1,2,7,-2154,1,0
98321,7,1990,446018,451931,1.01,1000,451.93,1,3,1,1,2,36,-5913,0.99,-0.01
98103,0,2002,228916,222095,0.97,370,600.26,1,1.5,1,1,2,24,6821,1.03,0.03
98466,7,1974,599073,598947,1,1660,360.81,2,4,3,1,2,52,126,1,0
98058,7,2021,824913,810051,0.98,2240,361.63,2,4,3,1,2,5,14862,1.02,0.02
98823,7,1940,198929,199098,1,1190,167.31,1,1.5,1,1,2,86,-169,1,0
98513,8,2002,419065,409059,0.98,1180,346.66,2,3,2,2,2,24,10006,1.02,0.02
98372,3,1992,250059,220100,0.96,1810,324.3,2,3,2,2,2,34,29959,1.14,0.14
98335,7,1992,569974,1275064,1,1810,324.3,2,3,0.5,2,2,34,-33595,0.45,-0.55
98367,4,1984,524905,525068,1,1620,324.12,1,3,2,1,2,42,-163,1,0
98936,7,2019,450093,455051,1.01,2000,227.53,1,4,2,2,2,7,-4958,0.99,-0.01
98012,7,1977,549938,665902,1.03,1690,394.02,2,4,2,2,2,49,-33595,0.83,-0.17
99133,3,1992,127574,124232,0.97,1810,324.3,2,3,2,2,2,34,3342,1.03,0.03
98580,4,1981,119915,120058,1,1340,89.6,1,3,2,2,2,45,-143,1,0
99217,5,2016,524919,525074,1,1810,324.3,2,5.5,4,3.5,2,10,-155,1,0
98040,7,1950,1222787,1462187.5,1.03,930,680.56,1,3,1,1,2,76,-33595,0.84,-0.16
98513,7,1987,599820,609910,1.02,1620,376.49,1,3,2,2,2,39,-10090,0.98,-0.02
98275,0,1990,389051,375053,0.96,870,431.1,1,2,1,1,2,36,13998,1.04,0.04
98801,3,1992,279845,274925,0.98,1810,324.3,2,3,2,2,2,34,4920,1.02,0.02
98203,8,1968,414983,414831,1,1150,360.72,2,3,2,1,2,58,152,1,0
98607,7,1996,700055,700051,1,2250,311.13,2,3,2,2,2,30,4,1,0
98296,8,2025,687062,680052,0.99,1840,369.59,2,3,4,1,2,1,7010,1.01,0.01
98584,7,2021,299080,287076,0.96,940,305.4,1,2,1,1,2,5,12004,1.04,0.04
98002,0,1977,328417,321930,0.98,1080,298.08,2,2,2,1,2,49,6487,1.02,0.02
98275,0,1984,349928,358556,1.02,910,394.02,1,2,1,1,2,42,-8628,0.98,-0.02
98926,3,1992,235054,220057,0.96,1810,324.3,2,3,2,2,2,34,14997,1.07,0.07
98382,3,1992,280090,280091,1,1810,324.3,2,3,0.5,2,2,34,-1,1,0
98632,7,1974,379902,380087,1,1480,256.82,1,3,1,1,2,52,-185,1,0
98012,8,2025,869805,871080,1,1910,456.06,2,4,4,1,2,1,-1275,1,0
98446,7,2002,454912,464908,1.02,1210,384.22,1,3,2,2,2,24,-9996,0.98,-0.02
98337,0,2024,254930,255053,1,660,386.44,1,1.5,1,2,2,2,-123,1,0
98058,7,1967,814906,817085,1,1880,434.62,1,3,2,1,2,59,-2179,1,0
98857,3,1992,39826,37912,0.96,1810,324.3,2,3,2,2,2,34,1914,1.05,0.05
99181,3,1992,32056,31940,1,1810,324.3,2,3,2,2,2,34,116,1,0
98335,3,1992,569974,1274923,1,1810,324.3,2,3,0.5,2,2,34,-33595,0.45,-0.55
98264,3,1992,300016,289911,0.97,1810,324.3,2,3,2,2,2,34,10105,1.03,0.03
98541,3,1992,19097,17080,0.96,1810,324.3,2,3,2,2,2,34,2017,1.12,0.12
98277,6,1992,569974,1462187.5,1,1810,324.3,2,3,0.5,2,2,34,-33595,0.39,-0.61
98548,3,1992,79994,67917,0.96,1810,324.3,2,3,2,2,2,34,12077,1.18,0.18
98037,7,1972,985077,959912,0.97,1740,551.67,3,4,3,2,2,54,25165,1.03,0.03
99181,3,1992,32073,32050,1,1810,324.3,2,3,0.5,2,2,34,23,1,0
98023,6,1992,569974,1462187.5,1,1810,324.3,2,3,0.5,2,2,34,-33595,0.39,-0.61
98837,3,1992,138908,125075,0.96,1810,324.3,2,3,2,2,2,34,13833,1.11,0.11
98277,6,1992,569974,1462187.5,1,1810,324.3,2,3,0.5,2,2,34,-33595,0.39,-0.61
98320,3,1992,35073,34052,0.97,1810,324.3,2,3,2,2,2,34,1021,1.03,0.03
98501,7,2002,968932,975054,1.01,3865,244.99,2,4,3,2,2,24,-6122,0.99,-0.01
98642,4,1980,569974,479912,1,1060,452.75,1,2,2,2,2,46,43901,1.19,0.19
98277,6,1992,569974,1462187.5,1,1810,324.3,2,3,0.5,2,2,34,-33595,0.39,-0.61
98826,4,1976,569974,1099929,1,2690,408.9,2,3,2,2,2,50,-33595,0.52,-0.48
98320,3,1992,22431,19903,0.96,1810,324.3,2,3,2,2,2,34,2528,1.13,0.13
98257,6,1982,569974,292829,1,1810,324.3,2,3,0.5,2,2,44,43901,1.95,0.95
98273,3,1992,250010,239917,0.96,1810,324.3,2,3,2,2,2,34,10093,1.04,0.04
98367,7,2026,597735,597571,1,1960,304.88,1,3,2,2,2,0,164,1,0
98103,8,2025,569974,1197901,1,1540,680.56,2,3,4,2,2,1,-33595,0.48,-0.52
98335,3,1992,569974,1274919,1,1810,324.3,2,3,0.5,2,2,34,-33595,0.45,-0.55
98223,4,2023,500076,495097,0.99,1500,330.06,1,3,2,1,2,3,4979,1.01,0.01
98902,5,1977,569974,19130,1,2500,7.65,1,4,4,3.5,2,49,43901,29.79,28.79
98368,4,2004,569974,289371,1,500,578.74,2,1.5,1,1,2,22,43901,1.97,0.97
98663,7,1938,374938,374917,1,980,382.57,1,1.5,1,1,2,88,21,1,0
98144,7,1956,1200067,1200087,1,2660,451.16,1,4,3,2,2,70,-20,1,0
98026,7,1963,1049915,1050091,1,2280,460.57,3,4,3,1,2,63,-176,1,0
98002,7,1959,649923,650067,1,1290,503.93,1,3,2,1,2,67,-144,1,0
98119,7,2019,879100,868907,0.99,1320,658.26,2,3,2,1,2,7,10193,1.01,0.01
98122,8,2021,899089,855074,0.96,1360,628.73,2,3,2,1,2,5,43901,1.05,0.05
98272,7,1923,675050,636369,0.96,3180,200.12,2,5,2,2,2,103,38681,1.06,0.06
98499,7,1959,725069,725058,1,2380,304.65,1,4,2,2,2,67,11,1,0
98021,7,1969,650064,609566,0.96,1490,409.1,1,3,1,1,2,57,40498,1.07,0.07
99212,7,1913,275074,284901,1.03,1720,165.64,2,4,1,1,2,113,-9827,0.97,-0.03
98550,7,1929,274063,273914,1,1850,148.06,2,3,2,1,2,97,149,1,0
98926,7,2011,438979,455087,1.03,2290,198.73,2,5,3,2,2,15,-16108,0.96,-0.04
98532,7,1992,369065,397405,1.03,1390,285.9,1,3,2,2,2,34,-28340,0.93,-0.07
98226,0,2026,548076,548063,1,1320,415.2,1,2,2,2,2,0,13,1,0
99224,7,2024,399934,391917,0.98,1310,299.17,1,3,2,2,2,2,8017,1.02,0.02
98595,7,1999,409904,390068,0.96,1700,229.45,1,3,2,2,2,27,19836,1.05,0.05
98374,7,2020,500096,514093,1.03,1520,338.22,2,3,3,1,2,6,-13997,0.97,-0.03
99224,7,2011,425090,425071,1,1600,265.67,2,4,2,2,2,15,19,1,0
98607,7,1971,534567,534407,1,1140,468.78,1,3,1,1,2,55,160,1,0
98225,7,1947,400002,399862,1,910,439.41,1,2,1,1,2,79,140,1,0
98408,7,1991,424914,434911,1.02,970,448.36,1,3,2,1,2,35,-9997,0.98,-0.02
98007,7,1956,1049971,1204903,1.03,1010,680.56,1,3,1,1,2,70,-33595,0.87,-0.13
98607,7,2026,789800,789990,1,2670,295.88,2,4,3,3,2,0,-190,1,0
98902,7,1935,254915,244934,0.96,760,322.28,1,2,1,1,2,91,9981,1.04,0.04
99001,7,2025,385072,385071,1,1500,256.71,2,3,3,2,2,1,1,1,0
98148,7,1966,544900,546426,1,1010,541.02,1,3,1,1,2,60,-1526,1,0
98208,7,1983,569974,924947,1,2340,395.28,2,3,3,2,2,43,-33595,0.62,-0.38
98198,7,1977,389927,399920,1.03,1040,384.54,1,2,2,1,2,49,-9993,0.98,-0.02
99207,7,1939,299950,284928,0.96,1710,166.62,1,3,2,2,2,87,15022,1.05,0.05
99354,7,2017,520054,520070,1,1670,311.42,1,3,2,2,2,9,-16,1,0
98597,7,2006,479928,479945,1,2340,205.1,1,3,3,2,2,20,-17,1,0
98030,7,1986,650028,649875,1,1880,345.68,3,3,3,2,2,40,153,1,0
98043,0,1981,370051,361921,0.98,950,380.97,1,2,2,2,2,45,8130,1.02,0.02
98311,7,1975,425056,425055,1,1750,242.89,2,3,2,1,2,51,1,1,0
99354,0,1982,209085,185082,0.96,970,190.81,2,1.5,1,1,2,44,24003,1.13,0.13
98028,0,2024,512513,434942,0.96,960,453.06,1,1.5,1,1,2,2,43901,1.18,0.18
98258,7,2025,1050041,1050047,1,2820,372.36,1,4,4,1,2,1,-6,1,0
98271,7,2025,624915,624930,1,1300,480.72,3,3,2,2,2,1,-15,1,0
98117,7,1946,750054,800069,1.03,1540,519.53,1,2,1,1,2,80,-33595,0.94,-0.06
98027,0,1999,474914,469904,0.99,890,527.98,1,2,2,2,2,27,5010,1.01,0.01
98387,7,1986,484542,484397,1,1500,322.93,2,3,2,2,2,40,145,1,0
98201,7,1915,485094,492433,1.02,990,497.41,1,3,1,1,2,111,-7339,0.99,-0.01
98042,7,1969,415080,415087,1,840,494.15,1,3,1,1,2,57,-7,1,0
98010,7,2026,599868,599888,1,1700,352.88,2,3,3,2,2,0,-20,1,0
98903,7,1947,188903,172600,0.96,720,239.72,1,1.5,1,1,2,79,16303,1.09,0.09
98903,7,2014,454081,444913,0.98,1910,232.94,1,3,2,2,2,12,9168,1.02,0.02
98387,7,2010,450022,465098,1.03,1210,384.38,1,3,2,2,2,16,-15076,0.97,-0.03
98607,7,1980,569974,636030,1,900,680.56,1,2,1,1,2,46,-33595,0.9,-0.1
98498,7,1966,485080,496055,1.02,1280,387.54,1,3,3,2,2,60,-10975,0.98,-0.02
98671,7,1998,559908,559927,1,1500,373.28,1,3,2,2,2,28,-19,1,0
98115,7,1939,569974,1170087,1,1800,650.05,2,3,1,1,2,87,-33595,0.49,-0.51
98597,7,2025,632594,639816,1.01,2510,254.91,2,5,3,3,2,1,-7222,0.99,-0.01
99301,7,2026,414902,414777,1,1400,296.27,1,3,2,1,2,0,125,1,0
98226,0,2001,569974,575365,1,1330,432.61,2,3,2,2,2,25,-5391,0.99,-0.01
98418,7,1923,379055,378910,1,1510,250.93,2,3,1,1,2,103,145,1,0
98642,7,2025,625038,624889,1,2340,267.05,2,4,2,2,2,1,149,1,0
98258,7,1969,484914,499906,1.03,830,602.3,1,3,1,1,2,57,-14992,0.97,-0.03
98146,7,2007,659889,665084,1.01,1450,458.68,2,3,3,2,2,19,-5195,0.99,-0.01
98116,0,1968,499057,499052,1,1080,462.09,2,2,2,2,2,58,5,1,0
98902,7,1940,269907,261936,0.97,1530,171.2,2,3,1,1,2,86,7971,1.03,0.03
99217,7,2005,375088,385097,1.03,1560,246.86,1,3,2,1,2,21,-10009,0.97,-0.03
98277,7,1973,420083,399950,0.96,1390,287.73,1,3,2,1,2,53,20133,1.05,0.05
99019,7,2025,464876,465005,1,2130,218.31,2,3,3,2,2,1,-129,1,0
99353,7,2015,359971,339933,0.96,1120,303.51,1,3,2,2,2,11,20038,1.06,0.06
98168,7,1920,599949,599900,1,1600,374.94,1,4,2,1,2,106,49,1,0
98204,0,1981,334891,350085,1.03,830,421.79,1,2,2,1,2,45,-15194,0.96,-0.04
98383,7,1935,500045,574943,1.03,1460,393.8,1,2,2,1,2,91,-33595,0.87,-0.13
98686,7,1971,557661,557658,1,1800,309.81,2,4,4,3.5,2,55,3,1,0
99206,7,1991,334915,315097,0.96,1810,324.3,1,3,2,2,2,35,19818,1.06,0.06
99352,7,1944,260085,228939,0.96,1870,122.43,2,3,1,1,2,82,31146,1.14,0.14
98057,0,1978,199065,191921,0.96,500,383.84,1,1.5,1,1,2,48,7144,1.04,0.04
98565,7,1994,439840,439827,1,1610,273.18,1,3,2,2,2,32,13,1,0
99354,7,1948,319915,312412,0.98,1150,271.66,1,3,1,1,2,78,7503,1.02,0.02
99019,7,2025,465004,465038,1,2130,218.33,2,3,3,2,2,1,-34,1,0
98284,6,1992,569974,85220,1,1810,324.3,2,3,0.5,2,2,34,43901,6.69,5.69
98239,7,1993,569974,515256,1,1800,286.25,1,3,2,2,2,33,43901,1.11,0.11
98661,7,1969,465086,449927,0.97,1620,277.73,2,3,2,2,2,57,15159,1.03,0.03
99218,0,1973,275088,166085,0.96,1020,162.83,2,2,2,2,2,53,43901,1.66,0.66
98036,7,1975,649946,649929,1,1200,541.61,1,2,2,2,2,51,17,1,0
99006,7,2025,410055,409911,1,1750,234.23,2,4,3,2,2,1,144,1,0
99114,7,1910,284836,284982,1,1390,205.02,2,4,2,2,2,116,-146,1,0
98812,7,1969,499064,473932,0.96,3330,142.32,1,3,3,1,2,57,25132,1.05,0.05
98338,7,2007,1149941,1090055,0.96,3790,287.61,2,3,3,2,2,19,43901,1.05,0.05
98290,7,1937,730099,740099,1.01,1920,385.47,2,3,2,2,2,89,-10000,0.99,-0.01
98264,7,1973,569974,995372,1,2880,345.62,2,3,2,2,2,53,-33595,0.57,-0.43
99006,7,2005,569974,300095,1,1080,277.87,1,1.5,1,1,2,21,43901,1.9,0.9
98026,7,1976,847921,859935,1.01,2250,382.19,2,4,3,1,2,50,-12014,0.99,-0.01
98942,4,1993,448919,439934,0.98,2290,192.11,2,4,2,2,2,33,8985,1.02,0.02
98626,7,1966,389840,399834,1.03,2090,191.31,1,3,2,1,2,60,-9994,0.98,-0.02
98199,0,1969,449065,444949,0.99,1220,364.71,1,3,2,1,2,57,4116,1.01,0.01
98332,7,2006,620080,599942,0.97,1320,454.5,2,2,2,1,2,20,20138,1.03,0.03
98513,7,2026,645060,645060,1,2250,286.69,2,4,3,2,2,0,0,1,0
99224,4,2006,109915,103900,0.96,1460,71.16,2,3,2,2,2,20,6015,1.06,0.06
99101,4,2008,399848,399960,1,1460,273.95,1,3,2,2,2,18,-112,1,0
98642,8,2021,479215,479193,1,1880,254.89,2,3,2,2,2,5,22,1,0
98823,4,2002,519913,524923,1.01,2640,198.83,1,4,3,2,2,24,-5010,0.99,-0.01
98110,7,1994,1222787,1462187.5,0.98,2950,680.56,2,3,4,3,2,32,43901,0.84,-0.16
98366,7,1967,744448,824904,1.03,2130,387.28,1,2,2,1,2,59,-33595,0.9,-0.1
98345,4,1990,429595,427054,0.99,780,547.51,1,2,1,1,2,36,2541,1.01,0.01
98371,7,1936,899050,849906,0.96,3865,190.99,2,3,2,1,2,90,43901,1.06,0.06
98284,3,1992,425098,400087,0.96,1810,324.3,2,3,2,2,2,34,25011,1.06,0.06
98008,7,1957,1222787,1462187.5,1,3865,411.17,1,5,4.5,3,2,69,-152,0.84,-0.16
98277,7,1976,739100,699911,0.96,2210,316.7,2,3,3,2,2,50,39189,1.06,0.06
98155,7,1960,1199902,1340929,1.03,2300,583.01,1,4,3,1,2,66,-33595,0.89,-0.11
98126,7,2013,794935,799901,1.01,1800,444.39,2,3,3,2,2,13,-4966,0.99,-0.01
98244,4,1976,31912,31949,1,350,91.28,1,1.5,1,1,2,50,-37,1,0
99337,7,2026,444090,444201,1,1500,296.13,1,4,2,1,2,0,-111,1,0
98122,7,1909,797074,649923,0.96,1920,338.5,2,3,2,2,2,117,43901,1.23,0.23
98362,7,1955,569974,120097,1,1600,75.06,1,3,1,1,2,71,43901,4.75,3.75
98506,7,1985,310726,310747,1,1350,230.18,2,3,2,1,2,41,-21,1,0
98642,7,1999,825094,825089,1,2430,339.54,2,3,2,2,2,27,5,1,0
98258,7,2025,834878,809903,0.97,2760,293.44,2,5,3,2,2,1,24975,1.03,0.03
99362,7,2026,455044,445257,0.98,1570,283.6,1,3,2,2,2,0,9787,1.02,0.02
98321,7,2025,699924,699896,1,1950,358.92,1,3,2,2,2,1,28,1,0
98908,7,1924,569974,425088,1,1500,283.39,2,4,1,1,2,102,43901,1.34,0.34
98032,7,1909,300026,349940,1.03,1210,289.21,2,3,1,1,2,117,-33595,0.86,-0.14
98407,7,2025,1222787,1462187.5,1.01,3865,680.56,1,5,4.5,1,2,1,-17440,0.84,-0.16
98030,7,1960,725071,719915,0.99,2620,274.78,1,4,3,2,2,66,5156,1.01,0.01
99338,7,2025,747024,748608,1,2480,301.86,1,3,4,1,2,1,-1584,1,0
98404,7,1909,429080,400078,0.96,1090,367.04,1,3,1,1,2,117,29002,1.07,0.07
98229,4,1973,170082,169917,1,1150,147.75,1,2,2,1,2,53,165,1,0
98033,8,1998,998785,900090,0.96,1750,514.34,2,3,4,1,2,28,43901,1.11,0.11
98115,7,2026,1222787,1462187.5,1.02,3865,680.56,2,5,4,2,2,0,-33595,0.84,-0.16
98310,7,2025,560050,575048,1.03,2050,280.51,2,4,3,1,2,1,-14998,0.97,-0.03
98908,0,1969,569974,124935,1,1750,71.39,2,3,2,2,2,57,43901,4.56,3.56
98230,7,1992,569974,1245221,1,1810,324.3,2,3,0.5,2,2,34,-33595,0.46,-0.54
98642,7,2025,569974,625187,1,2380,262.68,2,4,3,2,2,1,-33595,0.91,-0.09
98110,7,1964,877931,878082,1,1630,538.7,1,3,2,1,2,62,-151,1,0
98264,8,2014,525050,515098,0.98,2100,245.28,2,3,3,1,2,12,9952,1.02,0.02
98294,7,2025,619931,619936,1,2220,279.25,2,3,3,2,2,1,-5,1,0
98178,7,1909,449988,450085,1,1170,384.69,1,3,1,1,2,117,-97,1,0
98034,7,1989,1199933,1150079,0.96,1840,625.04,3,4,3,2,2,37,43901,1.04,0.04
98019,7,2025,1054938,1055053,1,2660,396.64,2,5,4,1,2,1,-115,1,0
98367,7,2025,770054,740060,0.96,2950,250.87,2,5,4,3.5,2,1,29994,1.04,0.04
98065,0,2003,569974,590064,1,1280,460.99,2,3,2,2,2,23,-20090,0.97,-0.03
98006,7,1954,569974,1462187.5,1,1200,324.3,1,3,2,1,2,72,-33595,0.39,-0.61
98077,7,1984,569974,1462187.5,1,3010,576.39,1,4,4.5,2,2,42,-33595,0.39,-0.61
98070,7,1924,569974,350092,1,1480,236.55,2,4,1,1,2,102,43901,1.63,0.63
98310,7,2025,555042,555018,1,2050,270.74,2,4,3,1,2,1,24,1,0
98168,7,1911,569974,409945,1,2450,167.32,2,5,4,3,2,115,43901,1.39,0.39
98230,7,1992,569974,343011,1,1810,324.3,2,3,0.5,2,2,34,43901,1.66,0.66
98199,7,1947,569974,739930,1,1280,578.07,1,2,3,2,2,79,-33595,0.77,-0.23
98632,7,1975,569974,288070,1,1140,252.69,1,3,1,1,2,51,43901,1.98,0.98
99362,7,1942,569974,126788,1,680,186.45,1,2,1,1,2,84,43901,4.5,3.5
98199,8,1945,709598,709426,1,1590,446.18,2,3,3,2,2,81,172,1,0
98290,4,1982,635053,635058,1,2300,276.11,1,2,2,2,2,44,-5,1,0
98258,7,2025,569974,809940,1,2810,288.23,2,5,3,2,2,1,-33595,0.7,-0.3
98012,4,1976,115070,110078,0.96,1250,88.06,1,2,2,2,2,50,4992,1.05,0.05
98642,7,2025,1214896,1215051,1,3865,306.06,2,4,4,3.5,2,1,-155,1,0
99208,7,2025,457396,450034,0.98,1830,245.92,1,3,2,2,2,1,7362,1.02,0.02
99216,7,1953,569974,260097,1,1930,134.77,1,4,2,2,2,73,43901,2.19,1.19
98023,7,1967,569974,509932,1,2460,207.29,1,3,3,2,2,59,43901,1.12,0.12
98362,7,1992,569974,200078,1,1810,324.3,2,3,0.5,2,2,34,43901,2.85,1.85
98372,7,1939,660000,673908,1.02,2520,267.42,1,4,2,1,2,87,-13908,0.98,-0.02
98663,7,1977,459066,459060,1,1670,274.89,2,4,2,2,2,49,6,1,0
98030,7,2025,1222787,1390258,1.02,3790,366.82,2,4,4,3,2,1,-32203,0.88,-0.12
98684,7,2026,569974,559320,1,1580,354,2,3,3,2,2,0,10654,1.02,0.02
98005,7,1977,1222787,1462187.5,1.03,2840,680.56,2,4,3,2,2,49,-33595,0.84,-0.16
98033,0,1968,569974,275087,1,720,382.07,2,1.5,1,1,2,58,43901,2.07,1.07
98604,7,1992,569974,541443,1,1810,324.3,2,3,0.5,2,2,34,28531,1.05,0.05
98604,7,2026,569974,541441,1,1540,351.59,2,3,3,2,2,0,28533,1.05,0.05
99016,7,2026,569974,416499,1,3865,79.94,1,5.5,2,3.5,2,0,43901,1.37,0.37
98103,7,1943,569974,1300050,1,1800,680.56,1,3,1,1,2,83,-33595,0.44,-0.56
98406,7,1959,569974,450052,1,1800,250.03,1,4,1,1,2,67,43901,1.27,0.27
99037,7,2025,450007,449864,1,1960,229.52,1,3,2,2,2,1,143,1,0
98072,7,2007,1222787,1383096,1,2450,564.53,2,4,3,1,2,19,-5165,0.88,-0.12
98407,7,2025,569974,1462187.5,1,3865,678.3,1,4,4,3.5,2,1,-33595,0.39,-0.61
98642,8,2021,450092,450095,1,1890,238.15,2,3,2,2,2,5,-3,1,0
98037,7,1992,569974,1462187.5,1,1810,324.3,2,3,0.5,2,2,34,-33595,0.39,-0.61
99354,8,2025,349843,349809,1,1530,228.63,2,3,3,2,2,1,34,1,0
98033,7,1960,569974,1462187.5,1,1480,680.56,1,3,1,1,2,66,-33595,0.39,-0.61
98107,7,1910,569974,887440,1,1470,603.7,1,2,1,1,2,116,-33595,0.64,-0.36
98584,4,1993,427946,438076,1.02,1970,222.37,1,3,2,2,2,33,-10130,0.98,-0.02
98296,7,1980,569974,760076,1,1470,517.06,2,2,1,1,2,46,-33595,0.75,-0.25
98422,7,1990,569974,715082,1,2600,275.03,2,4,2,2,2,36,-33595,0.8,-0.2
98530,4,2022,310094,299090,0.96,1040,287.59,1,3,2,2,2,4,11004,1.04,0.04
99352,7,1952,569974,158355,1,1770,89.47,1,4,1,1,2,74,43901,3.6,2.6
98030,7,2011,569974,544916,1,1980,275.21,2,4,3,2,2,15,25058,1.05,0.05
98230,7,1992,569974,307592,1,1810,324.3,2,3,0.5,2,2,34,43901,1.85,0.85
98019,7,1992,569974,1054940,1,1810,324.3,2,3,0.5,2,2,34,-33595,0.54,-0.46
99344,7,1971,569974,188229,1,1070,175.91,1,3,1,1,2,55,43901,3.03,2.03
98252,4,1992,519937,520095,1,1340,388.13,1,3,2,1,2,34,-158,1,0
98604,7,2025,569974,541449,1,2490,217.45,2,3,3,2,2,1,28525,1.05,0.05
98021,7,1976,1098942,1089942,0.99,2320,469.8,2,4,3,1,2,50,9000,1.01,0.01
98042,7,1992,569974,600040,1,1810,324.3,2,3,0.5,2,2,34,-30066,0.95,-0.05
98831,3,1992,395053,365058,0.96,1810,324.3,2,3,2,2,2,34,29995,1.08,0.08
98045,7,1975,569974,1044915,1,1430,680.56,1,2,3,2,2,51,-33595,0.55,-0.45
98282,7,1981,569974,489905,1,1270,385.75,1,3,2,2,2,45,43901,1.16,0.16
98642,7,2025,569974,1215340,1,3865,303.08,2,4,4,3.5,2,1,-33595,0.47,-0.53
99006,0,1992,569974,98926,1,1810,324.3,2,3,0.5,2,2,34,43901,5.76,4.76
98418,7,1925,569974,249929,1,1660,150.56,2,3,2,2,2,101,43901,2.28,1.28
98008,7,1966,569974,1115052,1,1900,586.87,1,4,3,3,2,60,-33595,0.51,-0.49
99338,4,2019,359950,352069,0.98,1600,220.04,1,3,2,1,2,7,7881,1.02,0.02
98284,7,1992,569974,400078,1,1810,324.3,2,3,0.5,2,2,34,43901,1.42,0.42
98607,7,2021,944900,944905,1,3865,241.05,3,5,3,3,2,5,-5,1,0
99352,7,2012,610093,585100,0.96,2270,257.75,1,3,3,2,2,14,24993,1.04,0.04
98625,4,2003,507086,502906,0.99,2720,184.89,1,3,2,2,2,23,4180,1.01,0.01
98604,7,2025,569974,1369548,1,3570,383.63,2,4,4.5,3.5,2,1,-33595,0.42,-0.58
99354,0,1982,569974,184935,1,1200,154.11,2,3,1,1,2,44,43901,3.08,2.08
98022,7,1925,569974,350088,1,760,460.64,2,2,1,1,2,101,43901,1.63,0.63
99163,7,1948,224965,210077,0.96,770,272.83,1,2,1,1,2,78,14888,1.07,0.07
98607,7,1998,1222787,1462187.5,1,1800,680.56,1,3,2,2,2,28,-16,0.84,-0.16
98632,7,2013,569974,550065,1,3840,143.25,2,4,3,2,2,13,19909,1.04,0.04
98040,0,1968,569974,200055,1,800,250.07,3.5,1.5,1,1,2,58,43901,2.85,1.85
98125,0,1970,569974,266066,1,1420,187.37,3,2,2,2,2,56,43901,2.14,1.14
98033,7,1981,569974,1462187.5,1,2480,680.56,1,4,4,3,2,45,-33595,0.39,-0.61
99352,0,1999,600086,589071,0.98,1420,414.84,1,3,2,1,2,27,11015,1.02,0.02
98011,8,2025,1158961,1150077,0.99,1870,615.01,2,3,4,1,2,1,8884,1.01,0.01
99206,7,1973,479827,479937,1,3250,147.67,2,3,4,3,2,53,-110,1,0
98930,7,1940,569974,267560,1,650,411.63,1,2,1,1,2,86,43901,2.13,1.13
98506,5,1973,574911,529905,0.96,1750,302.8,2,4,2,2,2,53,43901,1.08,0.08
98382,7,1991,1215071,1200070,0.99,3300,363.66,2,3,3,2,2,35,15001,1.01,0.01
98119,5,1911,1074964,1105062,1.03,1780,620.82,2,3,2,2,2,115,-30098,0.97,-0.03
98310,5,1943,485090,474918,0.98,1440,329.8,2,4,2,2,2,83,10172,1.02,0.02
98326,7,1926,569974,317822,1,2210,143.81,2,3,3,3,2,100,43901,1.79,0.79
98642,7,2025,569974,693263,1,2390,290.07,2,3,3,2,2,1,-33595,0.82,-0.18
98118,8,2001,480041,479929,1,1050,457.08,2,2,2,1,2,25,112,1,0
99203,7,1939,798925,774914,0.97,3750,206.64,2,4,2,1,2,87,24011,1.03,0.03
98642,7,2004,565095,564941,1,2440,231.53,2,4,2,2,2,22,154,1,0
98223,4,1979,584900,580092,0.99,1880,308.56,1,3,2,2,2,47,4808,1.01,0.01
98230,7,1992,569974,584209,1,1810,324.3,2,3,0.5,2,2,34,-14235,0.98,-0.02
98229,5,2019,998057,1310070,1.03,3300,396.99,2,5.5,4.5,2,2,7,-33595,0.76,-0.24
99208,7,1972,420079,410069,0.98,1970,208.16,2,5,2,2,2,54,10010,1.02,0.02
98003,7,1995,569974,749929,1,2820,265.93,2,4,3,2,2,31,-33595,0.76,-0.24
99163,7,1968,605098,595083,0.98,3000,198.36,1,5,3,2,2,58,10015,1.02,0.02
98034,0,1980,569974,538925,1,1280,421.04,2,3,2,2,2,46,31049,1.06,0.06
99208,7,2004,474936,482056,1.01,2680,179.87,1,5,3,3,2,22,-7120,0.99,-0.01
98683,7,2013,1054926,1054922,1,3680,286.66,2,4,3,3,2,13,4,1,0
98034,0,1980,569974,385063,1,1080,356.54,2,2,1,1,2,46,43901,1.48,0.48
98604,7,2008,569974,974945,1,3170,307.55,2,3,3,2,2,18,-33595,0.58,-0.42
98604,7,1976,569974,329908,1,2340,140.99,1,4,2,2,2,50,43901,1.73,0.73
99223,7,1975,649917,629935,0.97,2810,224.18,2,5,3,3,2,51,19982,1.03,0.03
98362,7,1972,299904,524920,1.03,3120,168.24,2,5,3,3,2,54,-33595,0.57,-0.43
98640,7,1992,569974,49942,1,1810,324.3,2,3,0.5,2,2,34,43901,11.41,10.41
99301,8,2005,359988,360067,1,1680,214.33,2,3,3,2,2,21,-79,1,0
98445,7,1987,569974,290069,1,1450,200.05,2,3,1,2,2,39,43901,1.96,0.96
98407,7,1983,569974,470056,1,1410,333.37,2,3,2,2,2,43,43901,1.21,0.21
99202,7,1980,569974,330099,1,1460,226.1,1,3,2,2,2,46,43901,1.73,0.73
99122,7,2012,184953,177565,0.96,860,206.47,2,4,1,2,2,14,7388,1.04,0.04
98166,7,1970,1222787,1309921,1.03,2540,515.72,2,4,3,2,2,56,-33595,0.93,-0.07
98383,7,2002,975067,964922,0.99,3865,223.36,1,3,3,2,2,24,10145,1.01,0.01
98371,7,2002,625874,632280,1.01,2270,278.54,2,3,3,2,2,24,-6406,0.99,-0.01
98333,7,1989,1175063,1117421,0.96,3865,282.18,2,4,4,3,2,37,43901,1.05,0.05
98022,4,1990,199827,199978,1,1600,124.99,1,3,2,1,2,36,-151,1,0
98501,8,2005,523929,514054,0.98,2370,216.9,2,4,3,2,2,21,9875,1.02,0.02
98058,7,2005,1222787,1462187.5,0.99,3865,325.33,2,4,4.5,3,2,21,19850,0.84,-0.16
98862,4,2000,374815,355945,0.96,1070,332.66,1,3,2,2,2,26,18870,1.05,0.05
98230,7,1992,569974,181640,1,1810,324.3,2,3,0.5,2,2,34,43901,3.14,2.14
99320,4,1981,149911,164932,1.03,1150,143.42,1,3,2,2,2,45,-15021,0.91,-0.09
98503,7,1976,539838,529972,0.98,1940,273.18,2,3,3,1,2,50,9866,1.02,0.02
98223,7,2008,1075094,1100053,1.02,2440,450.84,1,4,2,2,2,18,-24959,0.98,-0.02
98837,7,2004,619832,600915,0.97,3600,166.92,1,5,3,2,2,22,18917,1.03,0.03
99016,7,2025,569974,449879,1,1960,229.53,1,3,2,2,2,1,43901,1.27,0.27
98040,7,1941,1222787,1462187.5,0.96,3865,680.56,1,4,2,2,2,85,43901,0.84,-0.16
98055,8,2005,550091,550050,1,1460,376.75,2,3,3,1,2,21,41,1,0
98498,7,2005,990094,914923,0.96,3140,291.38,2,3,4,2,2,21,43901,1.08,0.08
98664,7,1999,575060,579917,1.01,1730,335.21,1,3,2,2,2,27,-4857,0.99,-0.01
98029,0,1996,849920,849923,1,2090,406.66,1,2,3,2,2,30,-3,1,0
99206,7,1909,350079,350086,1,1810,324.3,1,2,1,1,2,117,-7,1,0
98569,7,1980,640056,639912,1,1850,345.9,1,3,3,1,2,46,144,1,0
98270,7,2023,798927,785094,0.98,2750,285.49,2,5,3,2,2,3,13833,1.02,0.02
98042,7,2017,935915,936100,1,3210,291.62,2,4,3,2,2,9,-185,1,0
98199,0,1969,569974,444905,1,1220,364.68,3.5,3,3,2,2,57,43901,1.28,0.28
99208,7,2000,849993,849990,1,3865,151.51,2,5.5,4.5,3.5,2,26,3,1,0
98244,4,1993,45054,45071,1,380,118.61,1,1.5,1,1,2,33,-17,1,0
98117,8,2021,849962,849925,1,2050,414.6,2,3,4,1,2,5,37,1,0
98282,7,1980,725072,724919,1,2680,270.49,2,4,3,3,2,46,153,1,0
98040,7,1973,1222787,1462187.5,1,2570,680.56,2,4,4,1,2,53,-5001,0.84,-0.16
98117,7,1930,1099921,1225084,1.03,2390,512.59,2,3,2,2,2,96,-33595,0.9,-0.1
99205,7,1949,569974,208080,1,930,223.74,1,2,1,1,2,77,43901,2.74,1.74
98826,3,1992,350055,420576,1.03,1810,324.3,2,3,2,2,2,34,-33595,0.83,-0.17
98391,4,2008,450002,454858,1.01,1300,349.89,1,3,2,2,2,18,-4856,0.99,-0.01
98038,7,1986,850015,860085,1.01,1800,477.82,3,3,3,1,2,40,-10070,0.99,-0.01
98632,7,1983,569974,600097,1,3865,117.44,2,5,4,3,2,43,-30123,0.95,-0.05
98502,7,1963,564941,564901,1,2110,267.73,2,3,3,1,2,63,40,1,0
98292,8,2020,520050,535092,1.03,1590,336.54,2,3,3,1,2,6,-15042,0.97,-0.03
98335,7,2016,1222787,1349935,1,3250,415.36,2,4,4,1,2,10,128,0.91,-0.09
99205,7,1947,338448,320059,0.96,2000,160.03,2,4,1,1,2,79,18389,1.06,0.06
98387,7,1997,545067,550065,1.01,1810,303.9,2,3,3,2,2,29,-4998,0.99,-0.01
99336,7,1954,339912,340086,1,1450,234.54,1,3,1,1,2,72,-174,1,0
99159,7,1982,575055,525094,0.96,3010,174.45,1,4,3,3,2,44,43901,1.1,0.1
98103,7,2026,1222787,1462187.5,0.99,2890,680.56,2,4,4,2,2,0,19853,0.84,-0.16
98229,7,1978,730093,785084,1.03,2230,352.06,2,4,4,1,2,48,-33595,0.93,-0.07
98321,7,1992,1100080,1200084,1.03,3865,300.02,2,3,4,3,2,34,-33595,0.92,-0.08
98607,7,2000,534933,534902,1,1380,387.61,2,3,2,2,2,26,31,1,0
98033,8,2026,1222787,1462187.5,0.96,2210,680.56,2,3,3,2,2,0,43901,0.84,-0.16
98604,7,2020,1222787,1462187.5,1.01,3850,459.76,2,4,3,2,2,6,-19964,0.84,-0.16
99016,7,2009,449968,453524,1.01,2450,185.11,1,5,3,2,2,17,-3556,0.99,-0.01
98304,4,1978,569974,120068,1,920,130.51,1,3,1,1,2,48,43901,4.75,3.75
98371,7,2002,799900,800032,1,3250,246.16,2,5,3,2,2,24,-132,1,0
98052,0,1979,569974,475082,1,990,479.88,3.5,2,2,2,2,47,43901,1.2,0.2
98683,7,1994,614920,614935,1,1820,337.88,1,3,2,2,2,32,-15,1,0
98408,7,1909,484940,484935,1,1300,373.03,2,4,1,1,2,117,5,1,0
98311,7,2026,570050,574946,1.01,2070,277.75,2,4,3,2,2,0,-4896,0.99,-0.01
98092,7,1989,624901,600064,0.96,1430,419.63,1,3,2,1,2,37,24837,1.04,0.04
98444,7,1985,765063,730092,0.96,2590,281.89,2,4,3,2,2,41,34971,1.05,0.05
98230,7,1992,569974,342874,1,1810,324.3,2,3,0.5,2,2,34,43901,1.66,0.66
98033,7,2008,1222787,1462187.5,1,3000,680.56,2,4,3,2,2,18,157,0.84,-0.16
98682,7,2026,532910,533082,1,1670,319.21,2,3,2,2,2,0,-172,1,0
98059,7,1967,1100006,1100093,1,2420,454.58,1,4,3,2,2,59,-87,1,0
99205,7,1909,289069,286941,0.99,1730,165.86,2,3,2,1,2,117,2128,1.01,0.01
98368,7,1909,634922,634933,1,1880,337.73,2,3,2,1,2,117,-11,1,0
98077,7,1993,1222787,1462187.5,1,3120,528.83,2,4,3,2,2,33,-29,0.84,-0.16
98166,7,1927,1222787,1462187.5,1.03,3865,401.47,2,4,4.5,3,2,99,-33595,0.84,-0.16
99354,7,2020,695061,674939,0.97,3060,220.57,1,4,3,2,2,6,20122,1.03,0.03
99301,7,1998,414910,415064,1,2020,205.48,2,4,3,2,2,28,-154,1,0
99004,7,2019,549815,514950,0.96,1810,324.3,2,2,2,2,2,7,34865,1.07,0.07
98110,7,2020,1222787,1462187.5,0.99,3220,583.88,2,4,4.5,3,2,6,14820,0.84,-0.16
98685,7,1997,650073,650076,1,2310,281.42,2,4,3,2,2,29,-3,1,0
98075,7,2024,1222787,1462187.5,0.99,3440,680.56,2,5,4.5,3.5,2,2,21578,0.84,-0.16
98516,7,2026,1222787,1410083,1,3800,371.07,2,4,4.5,3,2,0,-152,0.87,-0.13
98223,7,2006,699909,739901,1.03,2680,276.08,2,3,3,2,2,20,-33595,0.95,-0.05
99208,7,1972,329940,337443,1.02,1970,171.29,1,4,2,1,2,54,-7503,0.98,-0.02
98077,7,1986,1222787,1324933,1,2880,460.05,2,4,3,2,2,40,-2995,0.92,-0.08
98665,7,1978,560076,560065,1,1490,375.88,1,3,2,2,2,48,11,1,0
98027,7,1977,1222787,1406078,1.03,2270,619.42,2,4,3,2,2,49,-33595,0.87,-0.13
98026,7,2025,1222787,1462187.5,1,3865,408.83,3,5,4.5,3.5,2,1,-164,0.84,-0.16
98248,7,2021,550065,549910,1,1830,300.5,2,3,3,2,2,5,155,1,0
98275,7,1994,1195094,1195078,1,3540,337.59,2,4,4,3,2,32,16,1,0
98010,7,2024,599834,599961,1,1550,387.07,1,2,2,1,2,2,-127,1,0
98661,7,2020,585077,585078,1,1600,365.67,1,3,2,2,2,6,-1,1,0
98625,7,2024,435097,434901,1,890,488.65,1,2,1,1,2,2,196,1,0
98239,7,1994,488923,470079,0.96,1690,278.15,2,3,3,3,2,32,18844,1.04,0.04
98045,7,1950,1099084,1204920,1.03,2090,576.52,2,5,2,2,2,76,-33595,0.91,-0.09
99005,7,2006,669096,650058,0.97,3560,182.6,2,5,3,3,2,20,19038,1.03,0.03
99207,7,1939,300099,312050,1.03,1820,171.46,1,3,1,1,2,87,-11951,0.96,-0.04
99203,7,1970,345075,337560,0.98,1780,189.64,2,4,2,2,2,56,7515,1.02,0.02
98332,7,1992,998929,944949,0.96,2850,331.56,1,4,3,3,2,34,43901,1.06,0.06
99205,7,1956,375060,370073,0.99,2160,171.33,1,3,1,1,2,70,4987,1.01,0.01
98321,7,1999,650077,650094,1,2300,282.65,2,4,3,2,2,27,-17,1,0
98112,5,1909,1222787,1462187.5,1,3080,551.6,2,5.5,4.5,2,2,117,-24,0.84,-0.16
98106,8,2019,614926,624918,1.02,1310,477.04,2,2,2,1,2,7,-9992,0.98,-0.02
98498,7,1961,589883,575407,0.98,1470,391.43,1,3,2,1,2,65,14476,1.03,0.03
98516,7,2008,614945,615088,1,1730,355.54,1,2,2,1,2,18,-143,1,0
98502,7,1994,724969,695083,0.96,3865,177.77,1,2,3,3,2,32,29886,1.04,0.04
98272,7,1979,1075062,1049911,0.98,1760,596.54,1,3,2,1,2,47,25151,1.02,0.02
98837,7,2000,375099,366064,0.98,1640,223.21,1,3,2,2,2,26,9035,1.02,0.02
98245,7,2021,1200076,1149929,0.96,2150,534.85,2,2,2,1,2,5,43901,1.04,0.04
98371,7,1999,775056,775070,1,2410,321.61,1,3,2,2,2,27,-14,1,0
98115,7,1925,569974,1462187.5,1,2260,670.39,2,4,4,3,2,101,-33595,0.39,-0.61
98053,7,2007,1222787,1462187.5,1,2170,680.56,1,2,3,2,2,19,23,0.84,-0.16
99203,0,1979,268903,259097,0.96,1100,235.54,1,2,2,2,2,47,9806,1.04,0.04
98070,7,1979,968912,1012441,1.03,2060,491.48,3,3,2,1,2,47,-33595,0.96,-0.04
98034,0,1978,450056,445058,0.99,1210,367.82,1,2,1,1,2,48,4998,1.01,0.01
98387,7,1979,550005,549914,1,2140,256.97,2,3,3,2,2,47,91,1,0
98008,7,1957,1222787,1462187.5,1,2570,680.56,1,5,3,2,2,69,-148,0.84,-0.16
98682,7,2002,413788,413784,1,1600,258.62,2,3,2,2,2,24,4,1,0
98031,7,1966,729861,744935,1.02,1710,435.63,1,4,3,2,2,60,-15074,0.98,-0.02
98388,7,1971,475082,465050,0.98,1120,415.22,1,3,1,1,2,55,10032,1.02,0.02
98607,7,2002,861946,862066,1,3230,266.89,2,4,3,3,2,24,-120,1,0
98245,7,2005,1222787,1462187.5,0.97,910,680.56,2,2,1,1,2,21,43901,0.84,-0.16
98908,7,1997,369095,369071,1,1850,199.5,2,3,3,3,2,29,24,1,0
99207,5,1909,399803,399803,1,2500,159.92,2,5.5,3,3,2,117,0,1,0
98391,7,2023,899987,899994,1,2970,303.03,2,5,3,2,2,3,-7,1,0
98926,7,1976,736945,726911,0.99,2010,361.65,1,3,2,1,2,50,10034,1.01,0.01
98366,7,1996,668947,670949,1,1700,394.68,2,3,2,2,2,30,-2002,1,0
98146,7,1958,1222787,1462187.5,0.98,2600,563.48,1,4,4,1,2,68,29892,0.84,-0.16
98177,7,1914,1222787,1462187.5,0.96,2650,603.75,1,4,3,1,2,112,43901,0.84,-0.16
98042,7,1999,649906,649919,1,1840,353.22,2,4,3,3,2,27,-13,1,0
98258,7,1980,1222787,1462187.5,0.96,3865,419.77,2,4,4.5,3,2,46,43901,0.84,-0.16
98606,7,1975,824937,800065,0.97,3865,194.19,1,5,4,2,2,51,24872,1.03,0.03
98335,7,2021,1222787,1300054,1,3800,342.12,2,5,4,2,2,5,33,0.94,-0.06
98513,7,1987,474553,474066,1,1530,309.85,1,3,2,1,2,39,487,1,0
98003,7,1992,825092,825090,1,2970,277.81,2,5,4,2,2,34,2,1,0
98058,7,1979,799855,799850,1,2000,399.92,3,3,3,1,2,47,5,1,0
98661,7,1998,624914,625098,1,1870,334.28,2,3,2,2,2,28,-184,1,0
99202,7,1909,345094,344920,1,980,351.96,1,2,1,1,2,117,174,1,0
98223,7,2000,610029,609896,1,1450,420.62,1,3,2,1,2,26,133,1,0
98133,7,1955,948927,868901,0.96,1230,680.56,1,3,1,1,2,71,43901,1.09,0.09
98230,7,1992,569974,166538,1,1810,324.3,2,3,0.5,2,2,34,43901,3.42,2.42
98370,7,1988,579903,580063,1,1450,400.04,3,3,3,1,2,38,-160,1,0
98565,7,2009,375085,374901,1,1040,360.48,1,3,2,2,2,17,184,1,0
98058,7,1959,600009,600075,1,1100,545.52,1,3,2,1,2,67,-66,1,0
98116,8,2007,1090098,1044940,0.96,1920,544.24,2,2,2,1,2,19,43901,1.04,0.04
98624,4,1995,299847,292425,0.98,1620,180.51,1,3,2,2,2,31,7422,1.03,0.03
98058,8,1998,700059,690054,0.99,1920,359.4,2,3,3,2,2,28,10005,1.01,0.01
98121,0,1981,419941,414934,0.99,510,680.56,1,1.5,1,2,2,45,5007,1.01,0.01
98382,7,1976,564983,520098,0.96,2100,247.67,2,4,3,3,2,50,43901,1.09,0.09
98625,7,1977,385071,384935,1,1390,276.93,1,3,1,1,2,49,136,1,0
98311,7,2025,599878,606868,1.01,2340,259.35,2,5,3,2,2,1,-6990,0.99,-0.01
98102,8,2025,784916,785077,1,1360,577.26,2,3,2,1,2,1,-161,1,0
99223,7,1993,599812,599817,1,3460,173.36,1,5.5,3,3,2,33,-5,1,0
98528,7,1991,464069,469915,1.01,1710,274.8,2,4,2,2,2,35,-5846,0.99,-0.01
98563,4,1983,139400,105078,0.96,1340,78.42,1,2,2,1,2,43,34322,1.33,0.33
98029,0,1986,434925,464949,1.03,1200,387.46,1,2,2,2,2,40,-30024,0.94,-0.06
98121,0,2005,1222787,1230096,0.96,1540,680.56,1,2,2,2,2,21,43901,0.99,-0.01
98801,7,2021,647750,639926,0.99,1680,380.91,1,3,2,2,2,5,7824,1.01,0.01
98366,7,1963,449960,474917,1.03,2350,202.09,1,3,1,1,2,63,-24957,0.95,-0.05
98663,7,1941,600085,599922,1,2120,282.98,3,3,1,1,2,85,163,1,0
98360,7,2014,589913,570083,0.97,2300,247.86,2,4,3,2,2,12,19830,1.03,0.03
98404,7,2007,469883,475068,1.01,1250,380.05,2,3,3,2,2,19,-5185,0.99,-0.01
98338,7,1994,499074,498907,1,1850,269.68,2,3,3,2,2,32,167,1,0
98466,7,1949,474908,499939,1.03,1070,467.23,1,3,1,1,2,77,-25031,0.95,-0.05
98270,7,1993,749921,784917,1.03,1980,396.42,1,3,2,2,2,33,-33595,0.96,-0.04
98801,7,2004,782448,780079,1,3110,250.83,2,4,3,2,2,22,2369,1,0
99111,7,1963,384948,399925,1.03,2670,149.78,1,3,2,2,2,63,-14977,0.96,-0.04
98311,7,1976,475074,474949,1,1220,389.3,1,3,2,2,2,50,125,1,0
99201,7,1909,324930,326931,1.01,2230,146.61,2,3,2,2,2,117,-2001,0.99,-0.01
98102,7,1912,1222787,1462187.5,0.98,3865,441.66,2,5.5,4.5,3,2,114,43901,0.84,-0.16
98168,7,1962,674979,659075,0.98,2090,315.35,2,4,3,1,2,64,15904,1.02,0.02
98311,0,2002,359088,329915,0.96,1290,255.75,1,3,2,1,2,24,29173,1.09,0.09
98092,7,1988,510079,510076,1,1630,312.93,1,3,2,2,2,38,3,1,0
98070,7,1930,619933,620088,1,1430,433.63,1,2,2,1,2,96,-155,1,0
98501,7,1967,539917,549932,1.02,1940,283.47,1,4,2,1,2,59,-10015,0.98,-0.02
98223,7,2000,625081,624935,1,1510,413.86,1,3,2,2,2,26,146,1,0
98258,7,1996,599086,599072,1,1110,539.7,1,3,2,2,2,30,14,1,0
98092,7,2022,994941,1111490,1.03,3760,295.61,2,5.5,4,3.5,2,4,-33595,0.9,-0.1
98271,0,2002,478918,479090,1,1040,460.66,1,3,2,2,2,24,-172,1,0
98661,7,1974,569974,450091,1,1180,381.43,1,3,2,2,2,52,43901,1.27,0.27
98663,7,1950,530090,530071,1,1310,404.63,1,2,1,1,2,76,19,1,0
98626,7,1925,247090,247090,1,850,290.69,1,3,1,1,2,101,0,1,0
99006,7,2026,481769,483656,1,1770,273.25,1,3,2,2,2,0,-1887,1,0
99403,7,1909,333902,333943,1,1020,327.4,1,3,1,1,2,117,-41,1,0
98375,4,1987,59923,49936,0.96,1190,41.96,1,3,2,2,2,39,9987,1.2,0.2
98501,7,2008,599551,603931,1.01,1780,339.29,1,3,2,2,2,18,-4380,0.99,-0.01
98115,0,1970,279920,265061,0.96,700,378.66,3,1.5,1,1,2,56,14859,1.06,0.06
98584,7,1930,265089,253924,0.96,1830,138.76,2,3,1,1,2,96,11165,1.04,0.04
98374,0,1985,323005,323040,1,1110,291.03,2,2,2,1,2,41,-35,1,0
98685,7,1959,365055,365073,1,2440,149.62,2,2,1,1,2,67,-18,1,0
98374,7,2004,584937,596772,1.02,2020,295.43,2,4,3,2,2,22,-11835,0.98,-0.02
98029,7,1989,1222787,1355053,1.03,2120,639.18,2,3,3,2,2,37,-33595,0.9,-0.1
98312,7,2013,480076,485064,1.01,2000,242.53,2,3,2,2,2,13,-4988,0.99,-0.01
98588,3,1992,50099,45091,0.96,1810,324.3,2,3,2,2,2,34,5008,1.11,0.11
98021,4,1977,99594,88971,0.96,1340,66.4,1,2,2,1,2,49,10623,1.12,0.12
98121,0,2000,315078,315055,1,480,656.36,1,1.5,1,1,2,26,23,1,0
99019,7,2007,349916,349950,1,1570,222.9,2,3,3,2,2,19,-34,1,0
98373,7,1981,525066,524908,1,1390,377.63,1,3,2,1,2,45,158,1,0
98103,7,1998,719946,745058,1.03,1330,560.19,2,3,3,2,2,28,-25112,0.97,-0.03
98611,7,1971,620069,600079,0.97,2400,250.03,2,4,3,3.5,2,55,19990,1.03,0.03
99353,7,2009,479080,479092,1,1870,256.2,1,4,2,2,2,17,-12,1,0
99203,3,1992,9959,7090,0.96,1810,324.3,2,3,2,2,2,34,2869,1.4,0.4
98823,3,1992,129961,129822,1,1810,324.3,2,3,2,2,2,34,139,1,0
98208,4,1987,100000,95931,0.96,700,137.04,1,1.5,1,2,2,39,4069,1.04,0.04
98625,4,2022,359913,350089,0.97,1420,246.54,1,3,2,1,2,4,9824,1.03,0.03
98087,8,2026,719995,719985,1,1800,399.99,2,4,4,3,2,0,10,1,0
98072,7,1975,1222787,1360092,1.01,2400,566.71,2,4,2,1,2,51,-10000,0.9,-0.1
98021,7,2006,1222787,1362076,0.96,2750,495.3,2,3,3,2,2,20,43901,0.9,-0.1
98660,0,1945,218670,218652,1,520,420.48,1,1.5,1,1,2,81,18,1,0
98376,4,1993,488901,488911,1,1570,311.41,1,3,2,2,2,33,-10,1,0
98241,7,2021,450080,455947,1.01,1480,308.07,2,3,2,2,2,5,-5867,0.99,-0.01
98664,7,1994,509935,510064,1,1670,305.43,1,3,2,2,2,32,-129,1,0
98816,3,1992,159067,145090,0.96,1810,324.3,2,3,2,2,2,34,13977,1.1,0.1
98310,7,2026,560037,560005,1,2050,273.17,2,4,3,1,2,0,32,1,0
99009,3,1992,319928,305086,0.96,1810,324.3,2,3,2,2,2,34,14842,1.05,0.05
98055,8,1998,444592,469933,1.03,1770,265.5,2,3,4,3,2,28,-25341,0.95,-0.05
98117,8,2026,889806,889840,1,1740,511.4,2,4,3,1,2,0,-34,1,0
98021,8,2005,759899,759873,1,1480,513.43,2,3,3,1,2,21,26,1,0
98589,4,1994,234586,244403,1.03,900,271.56,1,2,2,1,2,32,-9817,0.96,-0.04
98103,7,1909,569974,900095,1,1430,629.44,1,2,1,1,2,117,-33595,0.63,-0.37
98512,8,1972,285026,285020,1,1170,243.61,2,2,2,1,2,54,6,1,0
98074,7,2005,1222787,1462187.5,1,3700,608.12,2,4,4,1,2,21,-113,0.84,-0.16
98502,7,2013,500067,512594,1.03,1950,262.87,2,4,3,2,2,13,-12527,0.98,-0.02
98802,4,2006,379934,366105,0.96,1400,261.5,1,2,2,2,2,20,13829,1.04,0.04
98672,3,1992,169552,169420,1,1810,324.3,2,3,2,2,2,34,132,1,0
99301,8,2008,374911,374918,1,1800,208.29,1,3,2,2,2,18,-7,1,0
98640,4,1978,138943,133924,0.96,730,183.46,1,2,1,1,2,48,5019,1.04,0.04
98125,3,1992,495069,497450,1,1810,324.3,2,3,2,2,2,34,-2381,1,0
99224,3,1992,174959,174958,1,1810,324.3,2,3,2,2,2,34,1,1,0
98547,3,1992,60058,39943,0.96,1810,324.3,2,3,2,2,2,34,20115,1.5,0.5
98944,3,1992,24431,23904,0.98,1810,324.3,2,3,2,2,2,34,527,1.02,0.02
99301,6,1992,569974,150052,1,1810,324.3,2,3,0.5,2,2,34,43901,3.8,2.8
98295,3,1992,75098,74922,1,1810,324.3,2,3,2,2,2,34,176,1,0
98596,3,1992,179069,175068,0.98,1810,324.3,2,3,2,2,2,34,4001,1.02,0.02
98520,3,1992,48075,28050,0.96,1810,324.3,2,3,2,2,2,34,20025,1.71,0.71
98366,3,1992,35100,15096,0.96,1810,324.3,2,3,2,2,2,34,20004,2.32,1.33
98275,5,1959,1222787,1274950,1,3560,358.13,2,5.5,4,2,2,67,-11,0.96,-0.04
99301,3,1992,150098,149907,1,1810,324.3,2,3,2,2,2,34,191,1,0
98264,3,1992,235055,225089,0.96,1810,324.3,2,3,2,2,2,34,9966,1.04,0.04
99156,3,1992,105061,105090,1,1810,324.3,2,3,2,2,2,34,-29,1,0
98366,5,1966,648933,630058,0.97,3440,183.16,2,5.5,4,2,2,60,18875,1.03,0.03
99352,3,1992,162051,162094,1,1810,324.3,2,3,2,2,2,34,-43,1,0
98665,3,1992,294909,295080,1,1810,324.3,2,3,2,2,2,34,-171,1,0
98354,8,1992,361043,354930,0.98,1180,300.79,2,2,2,1,2,34,6113,1.02,0.02
98273,3,1992,325069,318916,0.98,1810,324.3,2,3,2,2,2,34,6153,1.02,0.02
98304,3,1992,569974,119933,1,1810,324.3,2,3,0.5,2,2,34,43901,4.75,3.75
98391,4,1992,569974,175064,1,1810,324.3,2,3,0.5,2,2,34,43901,3.26,2.26
99205,3,1992,99090,95064,0.96,1810,324.3,2,3,2,2,2,34,4026,1.04,0.04
98370,6,1992,569974,207391,1,1810,324.3,2,3,0.5,2,2,34,43901,2.75,1.75
98133,8,2021,569974,779920,1,1540,506.44,3,2,4,2,2,5,-33595,0.73,-0.27
98230,3,1982,48955,48838,1,1810,324.3,2,3,2,2,2,44,117,1,0
98593,4,1968,98903,90062,0.96,720,125.09,1,2,1,1,2,58,8841,1.1,0.1
98640,3,1992,16031,10098,0.96,1810,324.3,2,3,2,2,2,34,5933,1.59,0.59
99148,3,1992,69805,60076,0.96,1810,324.3,2,3,2,2,2,34,9729,1.16,0.16
98362,4,1976,169852,148407,0.96,1140,130.18,1,2,2,2,2,50,21445,1.14,0.14
98584,6,1992,569974,212459,1,1810,324.3,2,3,0.5,2,2,34,43901,2.68,1.68
98112,8,2025,569974,1078936,1,3865,170.72,2,5.5,4.5,3.5,2,1,-33595,0.53,-0.47
99019,3,1992,569974,910500,1,1810,324.3,2,3,0.5,2,2,34,-33595,0.63,-0.37
98304,4,1992,569974,120076,1,1810,324.3,2,3,0.5,2,2,34,43901,4.75,3.75
98391,3,1992,569974,718145,1,1810,324.3,2,3,0.5,2,2,34,-33595,0.79,-0.21
98366,5,1966,569974,630355,1,3440,183.24,1,5.5,4,3.5,2,60,-33595,0.9,-0.1
99027,3,1992,140047,124935,0.96,1810,324.3,2,3,2,2,2,34,15112,1.12,0.12
98815,6,1992,569974,229902,1,1810,324.3,2,3,0.5,2,2,34,43901,2.48,1.48
99362,4,2022,189083,170079,0.96,1340,126.92,1,3,2,1,2,4,19004,1.11,0.11
98528,4,1989,174924,140070,0.96,1340,104.53,1,2,2,2,2,37,34854,1.25,0.25
99016,7,2003,484900,490050,1.01,1910,256.57,2,4,3,2,2,23,-5150,0.99,-0.01
98230,0,1978,569974,350234,1,1000,350.23,2,2,2,1,2,48,43901,1.63,0.63
99208,7,1987,594918,595081,1,3320,179.24,2,4,3,3,2,39,-163,1,0
99202,7,1940,309940,310097,1,2350,131.96,2,3,3,2,2,86,-157,1,0
98513,7,2023,650088,639939,0.98,1700,376.43,1,2,2,1,2,3,10149,1.02,0.02
99320,4,1995,365091,355058,0.97,1480,239.9,1,3,2,2,2,31,10033,1.03,0.03
99338,7,2025,469906,470090,1,1570,299.42,1,3,2,2,2,1,-184,1,0
98021,8,2005,569974,759872,1,1430,531.38,2,3,2,1,2,21,-33595,0.75,-0.25
98117,8,2024,569974,889951,1,1750,508.54,3,4,4,2,2,2,-33595,0.64,-0.36
98226,4,1980,569974,345367,1,1790,192.94,2,3,2,2,2,46,43901,1.65,0.65
98102,8,2025,569974,785074,1,1290,608.58,2,3,4,2,2,1,-33595,0.73,-0.27
98503,6,1992,569974,484919,1,1810,324.3,2,3,0.5,2,2,34,43901,1.18,0.18
99301,7,2025,609811,598938,0.98,2410,248.52,2,5,3,2,2,1,10873,1.02,0.02
99207,5,1909,379802,378932,1,1750,216.53,2,5,2,2,2,117,870,1,0
98513,4,1978,270075,257087,0.96,1200,214.24,1,2,2,2,2,48,12988,1.05,0.05
98374,7,1988,639808,639999,1,2150,297.67,2,4,3,2,2,38,-191,1,0
99019,7,2025,397364,397375,1,1980,200.69,2,3,3,2,2,1,-11,1,0
98502,7,2006,474936,474929,1,2150,220.9,2,5,3,2,2,20,7,1,0
98007,7,1964,1222787,1254932,1,1960,640.27,2,4,2,2,2,62,-5025,0.97,-0.03
98201,0,1979,364948,339944,0.96,1250,271.96,1,2,2,2,2,47,25004,1.07,0.07
99362,7,1950,199080,195052,0.98,750,260.07,1,2,1,1,2,76,4028,1.02,0.02
99362,6,1992,569974,820092,1,1810,324.3,2,3,0.5,2,2,34,-33595,0.7,-0.3
98032,7,1976,619917,638051,1.03,2010,317.44,2,4,3,1,2,50,-18134,0.97,-0.03
99301,7,2025,409803,409991,1,1430,286.71,1,3,2,1,2,1,-188,1,0
98003,7,1991,599052,606062,1.01,1420,426.8,2,3,3,1,2,35,-7010,0.99,-0.01
98642,7,2025,801213,801375,1,3020,265.36,2,4,3,3,2,1,-162,1,0
98102,0,1991,322411,322402,1,570,565.62,1,1.5,1,1,2,35,9,1,0
98107,8,2006,619082,624088,1.01,920,678.36,2,2,1,1,2,20,-5006,0.99,-0.01
98387,7,1999,509856,530087,1.03,1910,277.53,2,3,3,1,2,27,-20231,0.96,-0.04
98003,4,2017,298927,295063,0.99,1620,182.14,1,2,2,1,2,9,3864,1.01,0.01
98642,7,2025,599876,600040,1,2300,260.89,2,3,2,2,2,1,-164,1,0
98626,7,1976,289929,289918,1,1120,258.86,1,3,1,1,2,50,11,1,0
98012,0,1981,549906,535071,0.97,1530,349.72,1,2,2,2,2,45,14835,1.03,0.03
98321,7,2018,569974,1462187.5,1,2390,680.56,2,3,3,3.5,2,8,-33595,0.39,-0.61
98446,7,2025,550012,550046,1,1770,310.76,2,3,3,1,2,1,-34,1,0
98908,7,2025,539846,539840,1,2220,243.17,2,3,3,2,2,1,6,1,0
98232,7,2003,569974,1462187.5,1,3865,426.95,2,4,4.5,3,2,23,-33595,0.39,-0.61
98642,7,2011,509061,509097,1,1680,303.03,2,3,2,2,2,15,-36,1,0
98407,0,1965,229934,229950,1,550,418.09,2,1.5,1,1,2,61,-16,1,0
99206,7,2025,530553,530558,1,2770,191.54,2,5,3,3,2,1,-5,1,0
98625,7,1909,255068,255082,1,1420,179.64,2,3,2,2,2,117,-14,1,0
98271,7,1995,434943,425061,0.98,930,457.05,1,3,1,1,2,31,9882,1.02,0.02
98512,4,1991,450051,450091,1,1730,260.17,1,2,2,1,2,35,-40,1,0
98528,4,1991,358939,358945,1,1300,276.11,1,3,2,2,2,35,-6,1,0
99123,4,2025,299096,299062,1,1330,224.86,1,3,2,1,2,1,34,1,0
98841,7,1949,265077,217902,0.96,1750,124.52,1,3,2,1,2,77,43901,1.22,0.22
98223,7,2001,540050,534913,0.99,1010,529.62,1,3,2,2,2,25,5137,1.01,0.01
98375,7,2009,509940,510055,1,2280,223.71,2,4,3,2,2,17,-115,1,0
98056,7,2003,1222787,1320057,0.96,2570,513.64,2,3,3,2,2,23,43901,0.93,-0.07
98011,7,1978,1074942,1149937,1.03,2670,430.69,2,3,3,1,2,48,-33595,0.93,-0.07
99354,7,1944,334930,344947,1.03,1860,185.46,2,4,2,1,2,82,-10017,0.97,-0.03
98059,7,1964,750028,749891,1,2390,313.76,1,3,2,1,2,62,137,1,0
98445,7,1998,489859,472921,0.97,1480,319.54,1,3,2,2,2,28,16938,1.04,0.04
98032,7,1959,539882,553050,1.02,1860,297.34,1,3,1,1,2,67,-13168,0.98,-0.02
98349,7,2026,698911,685064,0.98,2470,277.35,1,4,3,1,2,0,13847,1.02,0.02
98387,7,1977,559918,559933,1,2360,237.26,2,4,3,2,2,49,-15,1,0
98146,0,2025,750064,750099,1,2240,334.87,2,4,3,1,2,1,-35,1,0
98662,7,1975,354904,355099,1,1300,273.15,1,4,2,2,2,51,-195,1,0
98661,7,1942,391072,391093,1,1440,271.59,2,3,1,1,2,84,-21,1,0
98070,7,1977,994943,1150067,1.03,1220,680.56,1,2,2,1,2,49,-33595,0.87,-0.13
98033,8,1982,650098,650076,1,810,680.56,2,1.5,2,1,2,44,22,1,0
98239,4,2023,440096,440075,1,1300,338.52,1,2,2,1,2,3,21,1,0
98107,7,1944,795052,775093,0.97,2320,334.09,2,3,3,2,2,82,19959,1.03,0.03
98926,7,1985,344904,354912,1.03,1020,347.95,1,2,2,1,2,41,-10008,0.97,-0.03
98584,4,2002,525098,507904,0.97,2210,229.82,1,3,2,2,2,24,17194,1.03,0.03
98682,8,1999,380908,381078,1,1680,226.83,2,3,2,2,2,27,-170,1,0
98338,4,2021,639937,640096,1,2100,304.81,1,3,2,2,2,5,-159,1,0
98580,7,1993,750082,750087,1,2130,352.15,2,3,3,2,2,33,-5,1,0
98056,7,1972,595077,755087,1.03,1010,680.56,1,3,1,1,2,54,-33595,0.79,-0.21
98837,7,2025,424049,425013,1,1690,251.49,1,3,2,2,2,1,-964,1,0
98391,7,2007,569974,499933,1,2780,179.83,2,4,2,2,2,19,43901,1.14,0.14
98611,7,1951,569974,205081,1,1150,178.33,1,2,1,1,2,75,43901,2.78,1.78
98520,5,1924,289924,260068,0.96,2400,108.36,2,4,2,2,2,102,29856,1.11,0.11
98204,8,2017,649915,650083,1,1820,357.19,2,3,3,1,2,9,-168,1,0
98087,7,1951,569974,659938,1,2220,297.27,1,2,2,2,2,75,-33595,0.86,-0.14
98597,7,2025,569974,639855,1,2550,250.92,2,3,3,3,2,1,-33595,0.89,-0.11
98230,7,1986,569974,505233,1,1340,377.04,1,3,2,2,2,40,43901,1.13,0.13
98382,7,2025,469852,470036,1,1440,326.41,1,2,2,2,2,1,-184,1,0
98240,7,2003,569974,789939,1,1460,541.05,1,2,2,2,2,23,-33595,0.72,-0.28
98903,7,2026,495069,485080,0.98,1690,287.03,1,3,2,2,2,0,9989,1.02,0.02
98270,7,2026,670048,670080,1,2150,311.67,2,3,2,1,2,0,-32,1,0
99323,4,1981,300089,299943,1,1340,223.84,1,3,2,1,2,45,146,1,0
98119,7,1951,1185057,1355067,1.03,2240,604.94,1,3,2,1,2,75,-33595,0.87,-0.13
98258,7,2026,758669,758927,1,2070,366.63,2,3,3,2,2,0,-258,1,0
98563,7,1966,699834,679906,0.97,3140,216.53,2,4,3,2,2,60,19928,1.03,0.03
98335,7,1965,500000,500037,1,910,549.49,1,2,1,1,2,61,-37,1,0
98661,5,1942,509909,509926,1,1680,303.53,2,4,2,2,2,84,-17,1,0
98642,7,2025,569974,801505,1,3070,261.08,2,4,4,3,2,1,-33595,0.71,-0.29
98661,7,1961,569974,200096,1,940,212.87,1,3,1,1,2,65,43901,2.85,1.85
98115,0,1970,569974,265094,1,700,378.71,3.5,1.5,1,1,2,56,43901,2.15,1.15
98407,7,1968,575050,558905,0.97,1420,393.6,1,3,2,1,2,58,16145,1.03,0.03
98105,7,2003,569974,1462187.5,1,3865,680.56,3,4,4.5,3.5,2,23,-33595,0.39,-0.61
98333,8,1983,529026,528928,1,1780,297.15,2,2,3,1,2,43,98,1,0
98244,7,2022,569974,710062,1,1250,568.05,2,2,2,2,2,4,-33595,0.8,-0.2
98662,7,1972,484992,484998,1,1540,314.93,1,3,2,2,2,54,-6,1,0
99320,7,2026,380232,382154,1.01,1310,291.72,1,3,2,2,2,0,-1922,0.99,-0.01
98077,7,1979,1149943,1124942,0.98,2190,513.67,3,4,3,1,2,47,25001,1.02,0.02
98686,7,1977,485076,485062,1,1830,265.06,2,3,3,3,2,49,14,1,0
98665,7,1994,485905,485922,1,1460,332.82,1,3,2,2,2,32,-17,1,0
98312,7,1936,569974,380241,1,720,528.11,1,2,1,1,2,90,43901,1.5,0.5
98056,7,2015,1150052,1165073,1.01,2890,403.14,2,4,3,2,2,11,-15021,0.99,-0.01
98019,7,1988,700099,735068,1.03,1080,680.56,1,3,2,1,2,38,-33595,0.95,-0.05
99029,7,1956,525072,525084,1,3210,163.58,1,5.5,2,1,2,70,-12,1,0
98294,7,1992,569974,509905,1,1810,324.3,2,3,0.5,2,2,34,43901,1.12,0.12
98391,7,2020,899919,899904,1,3865,231.93,1,4,3,2,2,6,15,1,0
98030,7,2025,1200061,1200068,1,3120,384.64,2,4,3,2,2,1,-7,1,0
98072,7,1948,1222787,1462187.5,0.96,3300,515.12,2,4,3,2,2,78,43901,0.84,-0.16
99016,8,2007,349936,349915,1,1570,222.88,2,3,3,2,2,19,21,1,0
98632,7,1951,569974,157060,1,770,203.97,1,2,1,1,2,75,43901,3.63,2.63
98604,7,2017,1222787,1462187.5,1,3865,285.42,3,5,4,3.5,2,9,13,0.84,-0.16
98855,4,2008,429938,384933,0.96,2860,134.59,1,3,3,2,2,18,43901,1.12,0.12
98382,7,2001,630925,640918,1.02,1690,379.24,2,2,2,2,2,25,-9993,0.98,-0.02
98126,7,1924,675055,710086,1.03,860,680.56,1,2,1,1,2,102,-33595,0.95,-0.05
98405,7,1950,569974,444902,1,1070,415.8,1,3,1,2,2,76,43901,1.28,0.28
98244,7,1992,569974,710098,1,1810,324.3,2,3,0.5,2,2,34,-33595,0.8,-0.2
99223,7,2013,825098,825090,1,2940,280.64,1,4,3,3,2,13,8,1,0
98331,7,1990,580066,600075,1.03,1870,320.9,2,2,2,1,2,36,-20009,0.97,-0.03
98499,7,1950,349936,329930,0.96,770,428.48,1,2,1,1,2,76,20006,1.06,0.06
98008,7,1968,1222787,1462187.5,1,3190,576.15,1,4,3,2,2,58,-5,0.84,-0.16
98002,7,2014,649865,649852,1,1850,351.27,2,3,3,2,2,12,13,1,0
98117,7,1944,569974,850010,1,1680,505.96,1,3,3,2,2,82,-33595,0.67,-0.33
98338,7,2023,514949,505076,0.98,1430,353.2,1,2,2,2,2,3,9873,1.02,0.02
98115,7,1920,1222787,1462187.5,1.03,2580,680.56,2,4,3,2,2,106,-33595,0.84,-0.16
98038,0,2000,569974,452449,1,1810,324.3,1,3,0.5,2,2,26,43901,1.26,0.26
99362,7,2026,600053,590672,0.98,2260,261.36,1,4,3,3,2,0,9381,1.02,0.02
98337,7,1916,444704,444840,1,2000,222.42,2,4,2,1,2,110,-136,1,0
98604,7,1989,1222787,1294936,1,2810,460.83,2,5,3,3,2,37,-30,0.94,-0.06
99025,4,1978,389949,380081,0.97,1010,376.32,1,2,2,2,2,48,9868,1.03,0.03
98902,7,1956,569974,265050,1,2340,113.27,1,4,3,2,2,70,43901,2.15,1.15
98107,8,2025,959081,970057,1.01,1760,551.17,2,4,3,1,2,1,-10976,0.99,-0.01
99352,0,1999,569974,589073,1,1420,414.84,1,3,2,2,2,27,-19099,0.97,-0.03
98277,7,2022,624916,625079,1,1800,347.27,1,3,2,1,2,4,-163,1,0
99338,7,1991,714945,690945,0.97,2960,233.43,2,5,4,3,2,35,24000,1.03,0.03
98177,7,1975,1222787,1462187.5,1,3865,470.07,2,5,4,2,2,51,156,0.84,-0.16
98607,7,2017,1055062,1055065,1,3070,343.67,2,4,2,2,2,9,-3,1,0
98107,8,2025,569974,969923,1,1760,551.09,3.5,4,4,2,2,1,-33595,0.59,-0.41
98103,7,1909,1135084,1134935,1,2900,391.36,2,5,4,2,2,117,149,1,0
98948,7,1940,174920,160050,0.96,1010,158.47,1,2,1,1,2,86,14870,1.09,0.09
99006,3,1992,159934,160077,1,1810,324.3,2,3,2,2,2,34,-143,1,0
98663,8,2014,346930,347093,1,1380,251.52,2,3,2,2,2,12,-163,1,0
98102,0,1992,569974,322579,1,130,324.3,2,3,0.5,2,2,34,43901,1.77,0.77
98023,0,1976,569974,342068,1,1200,285.06,2,2,2,1,2,50,43901,1.67,0.67
98038,8,2001,599908,590074,0.98,1600,368.8,2,4,3,2,2,25,9834,1.02,0.02
98107,8,2002,749555,749943,1,1410,531.87,2,3,4,2,2,24,-388,1,0
98569,4,2025,274727,269438,0.98,1200,224.53,1,3,2,2,2,1,5289,1.02,0.02
99336,0,1976,304917,300072,0.98,1560,192.35,2,3,2,1,2,50,4845,1.02,0.02
98446,0,2007,569974,319080,1,1170,272.72,2,2,2,2,2,19,43901,1.79,0.79
98271,7,2025,734850,735024,1,2420,303.73,2,5,3,2,2,1,-174,1,0
98027,7,1965,1222787,1462187.5,1,1950,680.56,2,2,2,1,2,61,-970,0.84,-0.16
98122,8,2016,699900,700032,1,1310,534.38,2,2,2,1,2,10,-132,1,0
98284,4,1981,396917,407051,1.03,1390,292.84,1,2,2,1,2,45,-10134,0.98,-0.02
98374,7,2021,670078,655076,0.98,2580,253.91,2,3,3,2,2,5,15002,1.02,0.02
98133,8,2019,590082,574921,0.97,1170,491.39,2,2,2,1,2,7,15161,1.03,0.03
98056,7,2005,1222787,1313628,1.03,2860,459.31,2,4,3,2,2,21,-33595,0.93,-0.07
99019,7,1999,875074,869069,0.99,3290,264.15,2,4,3,3,2,27,6005,1.01,0.01
98501,7,1928,724908,712594,0.98,2620,271.98,2,3,4,3,2,98,12314,1.02,0.02
98936,4,1979,145932,137932,0.96,1880,73.37,2,4,2,2,2,47,8000,1.06,0.06
98683,7,1990,569974,767073,1,2060,372.37,1,3,2,2,2,36,-33595,0.74,-0.26
99224,4,1983,104942,105061,1,1340,78.4,2,3,2,2,2,43,-119,1,0
98051,7,2001,1149918,1150053,1,3865,295.64,2,4,3,3,2,25,-135,1,0
98023,8,1976,339887,341934,1.01,1200,284.94,2,2,2,1,2,50,-2047,0.99,-0.01
98406,7,1909,568915,605089,1.03,2010,301.04,2,3,1,1,2,117,-33595,0.94,-0.06
98092,7,2019,784910,784900,1,2700,290.7,2,4,3,2,2,7,10,1,0
98277,7,1975,728907,720917,0.99,2920,246.89,1,3,2,1,2,51,7990,1.01,0.01
98199,8,2006,704903,704908,1,1350,522.15,2,3,4,2,2,20,-5,1,0
98223,7,1962,290055,247083,0.96,380,650.22,1,1.5,1,2,2,64,42972,1.17,0.17
98368,7,2017,890057,865083,0.97,2070,417.91,1,3,2,1,2,9,24974,1.03,0.03
98502,7,1909,499903,469071,0.96,1760,266.52,2,2,1,2,2,117,30832,1.07,0.07
98037,7,1968,849881,869947,1.02,2000,434.97,1,4,3,2,2,58,-20066,0.98,-0.02
98119,7,1909,1222787,1462187.5,1,2280,680.56,2,3,3,2,2,117,-121,0.84,-0.16
98272,7,2020,1222787,1250094,0.96,3865,320.54,2,4,4,3,2,6,43901,0.98,-0.02
98052,7,2007,1222787,1315077,0.96,2150,611.66,2,3,3,1,2,19,43901,0.93,-0.07
98926,7,1909,662568,662588,1,2390,277.23,2,5,3,1,2,117,-20,1,0
98003,7,1977,569974,611248,1,1580,386.87,2,4,3,2,2,49,-33595,0.93,-0.07
98105,7,1938,1222787,1462187.5,1.03,3480,680.56,2,4,3,2,2,88,-33595,0.84,-0.16
98392,7,1979,569974,383335,1,1960,195.58,1,4,2,2,2,47,43901,1.49,0.49
98019,7,2025,1199433,1151068,0.96,3040,378.64,2,3,4,2,2,1,43901,1.04,0.04
98010,7,1959,653950,667100,1.02,1580,422.22,1,3,2,1,2,67,-13150,0.98,-0.02
98382,7,2025,584870,584877,1,2240,261.11,1,3,3,2,2,1,-7,1,0
98053,7,2025,1222787,1462187.5,0.96,3830,680.56,2,4,4.5,1,2,1,43901,0.84,-0.16
98382,7,1996,698906,649918,0.96,1670,389.17,2,3,2,2,2,30,43901,1.08,0.08
98335,7,1994,880067,859071,0.98,2960,290.23,2,4,3,3,2,32,20996,1.02,0.02
98645,7,2001,669060,674901,1.01,2390,282.39,2,3,3,2,2,25,-5841,0.99,-0.01
98203,7,1951,1222787,1462187.5,0.99,3740,487.98,1,4,3,2,2,75,24997,0.84,-0.16
98391,7,2020,798940,798949,1,1920,416.12,1,2,2,1,2,6,-9,1,0
98443,7,1962,598927,584912,0.98,1480,395.21,1,4,2,2,2,64,14015,1.02,0.02
98685,0,1982,344946,334917,0.97,1750,191.38,2,3,2,1,2,44,10029,1.03,0.03
99019,7,2005,1192070,1099937,0.96,3865,218.68,2,5.5,4,3,2,21,43901,1.08,0.08
98059,7,1997,1222787,1462187.5,1,2770,667.84,2,4,3,2,2,29,1,0.84,-0.16
98682,7,1987,775089,774942,1,2480,312.48,2,4,2,2,2,39,147,1,0
98022,7,1992,599917,604938,1.01,1610,375.74,2,3,3,2,2,34,-5021,0.99,-0.01
99157,7,1996,188905,169057,0.96,1180,143.27,2,1.5,1,1,2,30,19848,1.12,0.12
98345,7,1937,468911,450059,0.96,1500,300.04,1,2,2,1,2,89,18852,1.04,0.04
99208,4,1976,35083,30087,0.96,840,35.82,1,2,1,1,2,50,4996,1.17,0.17
98592,7,1963,579406,585085,1.01,940,622.43,2,2,2,1,2,63,-5679,0.99,-0.01
98382,7,1991,744944,744918,1,2470,301.59,2,4,3,2,2,35,26,1,0
98290,4,1978,549909,575093,1.03,1440,399.37,1,2,1,1,2,48,-25184,0.96,-0.04
99403,4,1971,31435,568006,1,770,324.3,1,2,2,2,2,55,-33595,0.06,-0.94
98501,7,2005,995087,967581,0.97,3865,239.5,2,4,4,2,2,21,27506,1.03,0.03
99323,4,1977,149804,145055,0.97,960,151.1,1,2,2,2,2,49,4749,1.03,0.03
98513,4,1999,79075,73902,0.96,950,77.79,1,3,2,2,2,27,5173,1.07,0.07
98294,7,1973,569974,500082,1,1200,416.74,1,3,2,1,2,53,43901,1.14,0.14
99163,4,1993,54931,43912,0.96,980,44.81,1,2,2,1,2,33,11019,1.25,0.25
98375,7,2004,584930,585079,1,3210,182.27,2,5,3,2,2,22,-149,1,0
98070,7,1909,1222787,1100069,0.96,1410,680.56,2,2,3,2,2,117,43901,1.11,0.11
98026,7,1990,1222787,1224916,1,2420,506.16,2,4,3,2,2,36,182,1,0
98391,7,2018,969078,969908,1,3360,288.66,2,4,4,3,2,8,-830,1,0
98225,7,2011,795098,794941,1,1120,680.56,2,2,1,1,2,15,157,1,0
98107,7,1917,1222787,1462187.5,1.03,2040,680.56,1,4,2,2,2,109,-33595,0.84,-0.16
98105,7,1924,1222787,1395087,1,3020,461.95,2,5,3,2,2,102,-157,0.88,-0.12
98117,7,1909,684907,684946,1,790,680.56,1,2,1,1,2,117,-39,1,0
98059,7,2000,888084,895097,1.01,2220,403.2,2,4,3,2,2,26,-7013,0.99,-0.01
98292,7,1981,674924,675059,1,2110,319.93,1,3,2,1,2,45,-135,1,0
98391,7,1975,355073,400080,1.03,1010,396.12,1,3,1,1,2,51,-33595,0.89,-0.11
98604,7,1959,515085,515056,1,1520,338.85,2,3,2,2,2,67,29,1,0
98503,7,2002,499862,499890,1,1660,301.14,2,3,3,2,2,24,-28,1,0
99037,7,1948,399825,399918,1,1770,225.94,1,3,2,2,2,78,-93,1,0
98382,7,1986,750051,740084,0.99,3720,198.95,2,3,4,3,2,40,9967,1.01,0.01
98074,7,1986,1222787,1462187.5,1.03,2740,680.56,2,3,3,2,2,40,-33595,0.84,-0.16
98632,3,1992,185057,175067,0.96,1810,324.3,2,3,2,2,2,34,9990,1.06,0.06
98125,0,1984,395073,395091,1,1030,383.58,1,2,1,1,2,42,-18,1,0
98801,4,1998,385081,370052,0.96,1190,310.97,1,2,2,1,2,28,15029,1.04,0.04
98597,7,2012,510090,514907,1.01,1920,268.18,1,4,2,2,2,14,-4817,0.99,-0.01
98338,4,1989,374939,384935,1.03,1400,274.95,1,3,2,2,2,37,-9996,0.97,-0.03
98337,7,1919,599910,568419,0.96,2880,197.37,2,4,3,1,2,107,31491,1.06,0.06
98042,7,1989,959083,972596,1.01,3240,300.18,1,5,3,2,2,37,-13513,0.99,-0.01
98133,3,1992,298948,250063,0.96,1810,324.3,2,3,2,2,2,34,43901,1.2,0.2
98584,4,2025,324933,324930,1,1150,282.55,1,2,2,2,2,1,3,1,0
98248,7,2021,675065,664908,0.98,2440,272.5,2,4,3,1,2,5,10157,1.02,0.02
98801,7,2018,569974,629594,1,1830,344.04,1,2,2,2,2,8,-33595,0.91,-0.09
98059,7,1973,1174904,1175061,1,1840,638.62,1,3,3,2,2,53,-157,1,0
98597,7,2005,420091,419925,1,1290,325.52,1,3,2,2,2,21,166,1,0
98273,7,1930,997924,972434,0.97,2630,369.75,2,3,3,2,2,96,25490,1.03,0.03
98682,8,2018,370075,369924,1,1830,202.14,2,3,2,2,2,8,151,1,0
98674,7,2025,465065,460069,0.99,1490,308.77,2,3,3,2,2,1,4996,1.01,0.01
98371,7,1952,598089,598050,1,1630,366.9,1,3,2,1,2,74,39,1,0
98351,7,1990,649896,609903,0.96,880,680.56,1,2,1,2,2,36,39993,1.07,0.07
98272,7,2001,725063,740082,1.02,2000,370.04,2,4,3,2,2,25,-15019,0.98,-0.02
98801,7,1967,555056,535073,0.96,1960,273,2,4,3,1,2,59,19983,1.04,0.04
98362,7,1925,375075,357055,0.96,1010,353.52,2,2,2,1,2,101,18020,1.05,0.05
98597,7,2015,544935,544947,1,2850,191.21,2,4,4,2,2,11,-12,1,0
98409,7,1967,470010,467524,0.99,1490,313.77,2,3,2,1,2,59,2486,1.01,0.01
98611,6,1992,569974,49917,1,1810,324.3,2,3,0.5,2,2,34,43901,11.42,10.42
98374,4,1975,80093,79937,1,1340,59.65,1,2,2,1,2,51,156,1,0
98107,8,2025,874922,874913,1,1530,571.84,2,3,2,1,2,1,9,1,0
98012,7,2000,1222787,1462187.5,1,2740,540.12,2,4,3,2,2,26,161,0.84,-0.16
98261,7,1970,1222787,1462187.5,0.96,2690,680.56,1,3,3,1,2,56,43901,0.84,-0.16
98040,7,1965,1222787,1462187.5,0.97,2550,676.06,2,4,3,1,2,61,43901,0.84,-0.16
99205,7,1953,350067,353559,1.01,1440,245.53,2,3,2,1,2,73,-3492,0.99,-0.01
98360,7,1925,434906,434950,1,1150,378.22,1,2,1,1,2,101,-44,1,0
98221,7,1960,625096,585056,0.96,2050,285.39,1,4,2,1,2,66,40040,1.07,0.07
98003,7,1992,750473,751064,1,1920,391.18,2,3,3,2,2,34,-591,1,0
98010,7,2026,730228,771611,1.03,1480,521.36,1,2,2,2,2,0,-33595,0.95,-0.05
99336,7,2013,434061,428900,0.99,1340,320.07,1,3,2,1,2,13,5161,1.01,0.01
98075,7,2005,1222787,1462187.5,1,3470,619.58,2,4,4,2,2,21,140,0.84,-0.16
98516,7,2006,558903,558948,1,1760,317.58,1,2,2,1,2,20,-45,1,0
98516,7,2007,584905,585059,1,2170,269.61,2,4,3,2,2,19,-154,1,0
99037,7,2025,1189979,1179966,0.99,3600,327.77,2,5,4,3.5,2,1,10013,1.01,0.01
98119,7,1976,1222787,1462187.5,1.03,1460,680.56,2,2,2,2,2,50,-33595,0.84,-0.16
98569,7,2025,389829,389066,1,1320,294.75,1,2,2,1,2,1,763,1,0
98902,7,1966,440086,439901,1,1920,229.12,2,4,2,2,2,60,185,1,0
98122,8,2017,898922,864931,0.96,1430,604.85,2,3,3,1,2,9,33991,1.04,0.04
98020,0,1979,770067,744918,0.97,1550,480.59,1,2,2,2,2,47,25149,1.03,0.03
98077,7,1996,1222787,1462187.5,1.02,3865,548.12,2,4,4,3,2,30,-33595,0.84,-0.16
98031,7,1962,589897,590056,1,1190,495.85,1,3,2,1,2,64,-159,1,0
98115,7,1947,829836,1024438,1.03,2200,465.65,1,2,3,1,2,79,-33595,0.81,-0.19
98408,7,1955,458916,464929,1.01,2500,185.97,1,3,1,1,2,71,-6013,0.99,-0.01
98221,7,1979,399062,399073,1,1120,356.32,2,3,2,1,2,47,-11,1,0
98273,7,1915,425900,435950,1.02,1050,415.19,1,2,1,2,2,111,-10050,0.98,-0.02
98092,4,1979,149946,149918,1,1300,115.32,1,3,2,1,2,47,28,1,0
98502,7,2005,439820,439935,1,2150,204.62,2,3,3,2,2,21,-115,1,0
98362,7,1981,569974,388934,1,930,418.21,1,2,1,1,2,45,43901,1.47,0.47
98070,7,1975,839092,839080,1,1850,453.56,2,3,2,1,2,51,12,1,0
98642,4,1996,464905,465098,1,1510,308.01,1,3,2,2,2,30,-193,1,0
98303,3,1992,569974,29906,1,1810,324.3,2,3,0.5,2,2,34,43901,19.06,18.06
99207,5,1980,675082,675099,1,1810,324.3,2,4,4,3.5,2,46,-17,1,0
98021,4,1986,749865,750071,1,1990,376.92,1,3,2,2,2,40,-206,1,0
98014,7,2020,1124924,1124944,1,2760,407.59,2,3,3,2,2,6,-20,1,0
98577,7,1940,358059,1000,0.96,1550,2.64,2,3,1,1,2,86,43901,357.7,357.06
99156,3,1992,76421,71933,0.96,1810,324.3,2,3,2,2,2,34,4488,1.06,0.06
99205,7,1909,269962,254935,0.96,1480,172.25,2,3,1,1,2,117,15027,1.06,0.06
99037,7,1969,439927,439940,1,2680,164.16,2,5,3,3,2,57,-13,1,0
98117,8,2024,569974,889893,1,1860,478.44,3,4,3,3,2,2,-33595,0.64,-0.36
98942,3,1992,65060,65059,1,1810,324.3,2,3,2,2,2,34,1,1,0
98021,7,1971,775062,775083,1,1500,516.72,2,3,2,1,2,55,-21,1,0
99218,7,1976,549909,550075,1,2400,229.2,2,5,3,3,2,50,-166,1,0
98059,7,2004,1222787,1462187.5,1,3860,616.59,2,5,4,3,2,22,18,0.84,-0.16
98524,7,2021,459840,465078,1.01,2240,207.62,2,4,3,2,2,5,-5238,0.99,-0.01
99205,5,1909,335086,334908,1,1300,257.62,1,3,2,2,2,117,178,1,0
98516,7,2008,585086,584929,1,1530,382.31,1,2,2,1,2,18,157,1,0
99019,7,2021,600092,574934,0.96,1630,352.72,1,3,2,2,2,5,25158,1.04,0.04
98685,7,1991,484912,485063,1,1600,303.16,1,3,2,2,2,35,-151,1,0
98541,3,1992,126100,115069,0.96,1810,324.3,2,3,2,2,2,34,11031,1.1,0.1
98303,3,1992,569974,30064,1,1810,324.3,2,3,0.5,2,2,34,43901,18.96,17.96
99207,7,1946,244936,254403,1.03,1390,183.02,2,2,1,1,2,80,-9467,0.96,-0.04
98901,6,1992,569974,515412,1,1810,324.3,2,3,0.5,2,2,34,43901,1.11,0.11
98830,3,1992,42437,38933,0.96,1810,324.3,2,3,2,2,2,34,3504,1.09,0.09
98146,7,1955,725064,800097,1.03,1900,421.1,1,3,2,1,2,71,-33595,0.91,-0.09
98802,6,1992,569974,110093,1,1810,324.3,2,3,0.5,2,2,34,43901,5.18,4.18
98349,3,1992,569974,684947,1,1810,324.3,2,3,0.5,2,2,34,-33595,0.83,-0.17
98367,6,1992,569974,1462187.5,1,1810,324.3,2,3,0.5,2,2,34,-33595,0.39,-0.61
98926,6,1992,569974,354917,1,1810,324.3,2,3,0.5,2,2,34,43901,1.61,0.61
98604,7,2021,584903,584929,1,1770,330.47,1,3,2,2,2,5,-26,1,0
98010,3,1992,569974,652981,1,1810,324.3,2,3,0.5,2,2,34,-33595,0.87,-0.13
98271,4,1986,569974,69925,1,1630,42.9,1,3,2,2,2,40,43901,8.15,7.15
99350,7,1948,625083,540085,0.96,2740,197.11,2,4,2,2,2,78,43901,1.16,0.16
98321,7,2004,725058,700064,0.97,3080,227.29,2,4,3,2,2,22,24994,1.04,0.04
99301,7,2000,389993,371080,0.96,1090,340.44,1,3,2,1,2,26,18913,1.05,0.05
98947,7,2024,369553,364062,0.99,1570,231.89,2,4,3,1,2,2,5491,1.02,0.02
98272,7,2026,1044850,1044855,1,3865,255.47,2,5,4.5,3.5,2,0,-5,1,0
98406,7,1914,569974,870054,1,2600,334.64,2,4,2,2,2,112,-33595,0.66,-0.34
98584,6,1992,569974,209947,1,1810,324.3,2,3,0.5,2,2,34,43901,2.71,1.71
98366,4,1967,569974,1462187.5,1,360,324.3,1,3,0.5,2,2,59,-33595,0.39,-0.61
98126,7,1941,874908,922067,1.03,1750,526.9,1,3,2,1,2,85,-33595,0.95,-0.05
98178,7,1963,575070,575080,1,1250,460.06,1,3,2,1,2,63,-10,1,0
98662,6,1992,569974,502600,1,1810,324.3,2,3,0.5,2,2,34,43901,1.13,0.13
98226,7,1992,775053,774927,1,1620,478.35,1,3,2,1,2,34,126,1,0
98043,7,1962,774927,859941,1.03,2380,361.32,1,3,2,1,2,64,-33595,0.9,-0.1
98402,0,2006,278904,278932,1,740,376.94,2,1.5,1,1,2,20,-28,1,0
98685,7,1975,569974,403806,1,1810,223.1,1,4,2,2,2,51,43901,1.41,0.41
98569,3,1992,124940,112926,0.96,1810,324.3,2,3,2,2,2,34,12014,1.11,0.11
99301,7,2021,529070,520087,0.98,1930,269.48,1,3,2,2,2,5,8983,1.02,0.02
98376,4,1984,569974,309949,1,740,418.85,2,1.5,1,1,2,42,43901,1.84,0.84
98010,7,2025,789078,789089,1,1890,417.51,1,2,2,2,2,1,-11,1,0
98146,7,1941,749873,732011,0.98,2220,329.73,2,3,3,2,2,85,17862,1.02,0.02
98404,7,2006,525055,524916,1,1750,299.95,2,3,3,2,2,20,139,1,0
98362,4,1989,569974,320091,1,960,333.43,2,2,2,2,2,37,43901,1.78,0.78
98901,6,1992,569974,515401,1,1810,324.3,2,3,0.5,2,2,34,43901,1.11,0.11
98371,7,1958,434934,434916,1,910,477.93,1,2,1,2,2,68,18,1,0
98387,7,1979,364908,365085,1,1060,344.42,1,3,1,1,2,47,-177,1,0
98004,8,1987,1222787,1462187.5,0.97,2460,680.56,2,3,3,2,2,39,43901,0.84,-0.16
98053,7,2006,727930,728056,1,1160,627.63,1,2,2,1,2,20,-126,1,0
98031,7,1974,569974,614931,1,2090,294.23,1,5,3,2,2,52,-33595,0.93,-0.07
98087,0,2000,389930,396081,1.02,1010,392.16,1,2,2,1,2,26,-6151,0.98,-0.02
98075,7,2000,1222787,1409081,1.03,2170,649.35,2,4,3,2,2,26,-33595,0.87,-0.13
98686,0,2005,193062,193089,1,690,279.84,1,1.5,1,1,2,21,-27,1,0
98446,3,1992,569974,192435,1,1810,324.3,2,3,0.5,2,2,34,43901,2.96,1.96
98326,7,1972,299075,299094,1,1700,175.94,2,4,2,1,2,54,-19,1,0
98368,7,2025,424872,424887,1,1800,236.05,2,3,3,2,2,1,-15,1,0
98004,7,1987,1222787,1462187.5,0.97,2460,680.56,2,3,3,2,2,39,43901,0.84,-0.16
98257,7,1977,297069,297087,1,1180,251.77,1,3,1,1,2,49,-18,1,0
98042,7,1968,544905,564944,1.03,1550,364.48,1,3,2,1,2,58,-20039,0.96,-0.04
98513,7,2008,475080,480070,1.01,1550,309.72,2,3,3,1,2,18,-4990,0.99,-0.01
98683,7,1966,798947,799089,1,3480,229.62,2,3,2,2,2,60,-142,1,0
98407,7,1967,798913,789911,0.99,2280,346.45,1,4,3,2,2,59,9002,1.01,0.01
99224,7,2024,380069,380063,1,1310,290.12,1,3,2,2,2,2,6,1,0
98588,6,1992,569974,19942,1,1810,324.3,2,3,0.5,2,2,34,43901,28.58,27.58
99206,7,1988,562573,562551,1,2590,217.2,2,3,3,3,2,38,22,1,0
98052,7,2016,1222787,1435946,1,1790,680.56,2,4,3,2,2,10,-11,0.85,-0.15
98684,8,2001,519919,520092,1,2080,250.04,2,4,2,2,2,25,-173,1,0
98105,7,1949,935078,1026911,1.03,1900,540.48,1,3,2,1,2,77,-33595,0.91,-0.09
99338,8,2017,449927,434925,0.97,2260,192.44,2,3,3,2,2,9,15002,1.03,0.03
98028,7,1967,775064,761079,0.98,1170,650.49,1,3,2,1,2,59,13985,1.02,0.02
99216,7,1972,375070,375066,1,1810,324.3,2,5,2,2,2,54,4,1,0
98901,6,1992,569974,515371,1,1810,324.3,2,3,0.5,2,2,34,43901,1.11,0.11
98002,8,1989,370024,380050,1.03,1380,275.4,2,3,3,2,2,37,-10026,0.97,-0.03
98121,0,2016,1222787,1462187.5,0.98,1960,680.56,1,2,3,2,2,10,43901,0.84,-0.16
98112,7,1909,1222787,1462187.5,0.99,2900,546.53,2,3,2,1,2,117,13130,0.84,-0.16
99004,7,2003,449939,439945,0.98,2350,187.21,2,5,3,3,2,23,9994,1.02,0.02
98282,7,1994,974925,940090,0.96,3250,289.26,2,3,2,2,2,32,34835,1.04,0.04
99109,7,1974,188944,175079,0.96,1250,140.06,1,3,2,2,2,52,13865,1.08,0.08
98107,8,2015,699926,712574,1.02,1230,579.33,2,2,2,1,2,11,-12648,0.98,-0.02
99156,3,1992,329089,240061,0.96,1810,324.3,2,3,2,2,2,34,43901,1.37,0.37
99336,7,1978,444809,455057,1.02,2050,221.98,2,4,3,2,2,48,-10248,0.98,-0.02
98021,7,1976,748915,749073,1,1270,589.82,1,3,1,1,2,50,-158,1,0
98604,7,2002,450088,450068,1,1490,302.06,2,3,2,2,2,24,20,1,0
98503,7,1982,549897,545873,0.99,1500,363.92,3,3,2,1,2,44,4024,1.01,0.01
98557,7,1974,354633,359942,1.01,1080,333.28,1,3,1,1,2,52,-5309,0.99,-0.01
98902,7,1940,225083,240061,1.03,1220,196.77,2,2,1,1,2,86,-14978,0.94,-0.06
99205,7,1934,159810,158945,0.99,340,467.49,1,1.5,1,1,2,92,865,1.01,0.01
98404,5,1912,794921,755071,0.96,2720,277.6,2,5,4,2,2,114,39850,1.05,0.05
99016,7,1950,569974,315064,1,1080,291.73,1,3,1,1,2,76,43901,1.81,0.81
98056,7,1942,520063,529939,1.02,970,546.33,1,2,1,1,2,84,-9876,0.98,-0.02
98102,0,1930,298943,296922,0.99,500,593.84,1,1.5,1,1,2,96,2021,1.01,0.01
99301,7,2026,374181,374160,1,1150,325.36,1,1.5,2,2,2,0,21,1,0
98374,7,2008,500078,512060,1.02,1900,269.51,2,3,3,2,2,18,-11982,0.98,-0.02
98684,7,1992,551917,551915,1,1630,338.6,1,4,2,2,2,34,2,1,0
99205,7,1943,294935,279933,0.96,1510,185.39,1,2,1,1,2,83,15002,1.05,0.05
99301,7,2004,405089,405067,1,1440,281.3,1,3,2,2,2,22,22,1,0
98926,7,2019,569974,849926,1,2120,400.91,1,3,2,2,2,7,-33595,0.67,-0.33
98407,7,1971,1222787,1185057,0.96,2940,403.08,2,4,3,2,2,55,43901,1.03,0.03
99352,7,2021,498938,499071,1,1860,268.32,1,3,2,2,2,5,-133,1,0
98408,7,1928,569974,404921,1,2180,185.74,1,4,1,2,2,98,43901,1.41,0.41
99004,7,2001,355084,364006,1.03,1380,263.77,1,3,2,2,2,25,-8922,0.98,-0.02
98409,5,1986,569974,1462187.5,1,1810,324.3,3,3,0.5,2,2,40,-33595,0.39,-0.61
98665,4,1986,124937,125051,1,1350,92.63,1,3,2,2,2,40,-114,1,0
98570,7,1909,124926,90080,0.96,770,116.99,1,2,1,1,2,117,34846,1.39,0.39
99338,7,2025,470026,470001,1,1500,313.33,1,3,2,1,2,1,25,1,0
98391,7,2025,569974,890212,1,3480,255.81,2,3,0.5,2,2,1,-33595,0.64,-0.36
99148,7,1992,569974,195933,1,1810,324.3,2,3,0.5,2,2,34,43901,2.91,1.91
98198,0,2006,400064,407919,1.02,1150,354.71,2,2,2,2,2,20,-7855,0.98,-0.02
98607,7,1994,569974,810086,1,3710,218.35,2,3,3,2,2,32,-33595,0.7,-0.3
98405,7,1918,460003,459927,1,1300,353.79,1,2,2,1,2,108,76,1,0
99336,0,1976,140094,130056,0.96,840,154.83,1,2,1,1,2,50,10038,1.08,0.08
98387,7,2011,514939,515069,1,2200,234.12,2,4,3,2,2,15,-130,1,0
99207,7,1909,330000,335090,1.02,2660,125.97,2,4,3,2,2,117,-5090,0.98,-0.02
98290,0,2014,474575,470054,0.99,1500,313.37,3,2,3,2,2,12,4521,1.01,0.01
98271,7,2018,964906,962086,1,2560,375.81,1,3,3,2,2,8,2820,1,0
98237,7,2025,685009,685019,1,3070,223.13,2,4,3,2,2,1,-10,1,0
98201,7,1910,569974,334950,1,2120,158,2,4,2,2,2,116,43901,1.7,0.7
99301,7,2025,432608,432433,1,1400,308.88,1,3,2,1,2,1,175,1,0
99207,7,1992,569974,1462187.5,1,1810,324.3,2,3,0.5,2,2,34,-33595,0.39,-0.61
98661,0,2006,225077,210632,0.96,1170,180.03,1,2,2,2,2,20,14445,1.07,0.07
99336,7,1930,569974,179941,1,1810,324.3,1,3,1,1,2,96,43901,3.17,2.17
98499,0,1993,471902,479921,1.02,1310,366.35,1,3,2,2,2,33,-8019,0.98,-0.02
99320,4,2004,449930,420052,0.96,1570,267.55,1,3,2,2,2,22,29878,1.07,0.07
98273,7,2025,815087,827936,1.02,2760,299.98,2,4,3,2,2,1,-12849,0.98,-0.02
98620,7,1920,164906,165077,1,1020,161.84,1,3,1,1,2,106,-171,1,0
98374,7,2024,879897,884632,1.01,3410,259.42,2,5,3,2,2,2,-4735,0.99,-0.01
98506,4,1998,350085,363552,1.03,1300,279.66,1,3,2,2,2,28,-13467,0.96,-0.04
98201,8,2009,549916,559927,1.02,1960,285.68,2,3,3,2,2,17,-10011,0.98,-0.02
98404,7,1971,300077,299910,1,1330,225.5,2,4,2,1,2,55,167,1,0
98208,0,1979,300051,293064,0.98,1070,273.89,1,2,2,1,2,47,6987,1.02,0.02
99403,7,1912,218931,219075,1,770,284.51,1,2,1,1,2,114,-144,1,0
98056,3,1992,424913,414908,0.98,1810,324.3,2,3,2,2,2,34,10005,1.02,0.02
98271,7,1995,569974,470087,1,1520,309.27,1,3,2,2,2,31,43901,1.21,0.21
98117,0,2025,770078,769936,1,1080,680.56,2,3,2,1,2,1,142,1,0
99019,7,2025,569974,424862,1,2280,186.34,2,4,2,2,2,1,43901,1.34,0.34
98632,7,1946,569974,278084,1,720,386.23,1,1.5,1,1,2,80,43901,2.05,1.05
98382,7,2025,590023,589875,1,2240,263.34,1,3,3,2,2,1,148,1,0
98155,0,1986,379925,385072,1.01,1280,300.84,1,2,2,2,2,40,-5147,0.99,-0.01
98108,0,1992,569974,499853,1,1430,349.55,2,1.5,4,2,2,34,43901,1.14,0.14
98312,0,1982,569974,280218,1,1130,247.98,2,2,3,1,2,44,43901,2.03,1.03
98802,7,1955,569974,404900,1,1520,266.38,1,3,1,1,2,71,43901,1.41,0.41
98499,7,1956,437433,459916,1.03,1060,433.88,1,3,1,1,2,70,-22483,0.95,-0.05
98282,7,1980,569974,1462187.5,1,1510,680.56,1,2,2,2,2,46,-33595,0.39,-0.61
99338,7,1980,569974,421930,1,3865,100.94,1,4,2,2,2,46,43901,1.35,0.35
99224,7,1986,399982,455056,1.03,3680,123.66,2,2,3,2,2,40,-33595,0.88,-0.12
98056,7,2018,1222787,1462187.5,1,3865,609.73,2,4,4.5,2,2,8,188,0.84,-0.16
98144,0,1992,569974,718932,1,1290,557.31,2,2,3,2,2,34,-33595,0.79,-0.21
99362,7,1948,299053,300055,1,1250,240.04,1,4,1,1,2,78,-1002,1,0
98117,8,2007,824938,809939,0.98,1380,586.91,2,3,3,1,2,19,14999,1.02,0.02
98023,0,1974,569974,519949,1,1830,284.13,2,2,4.5,3,2,52,43901,1.1,0.1
99223,7,1982,387938,400077,1.03,1880,212.81,2,4,2,1,2,44,-12139,0.97,-0.03
98362,0,2005,569974,660080,1,3320,198.82,2,3,2,2,2,21,-33595,0.86,-0.14
98033,7,1955,569974,1462187.5,1,2340,680.56,1,3,0.5,2,2,71,-33595,0.39,-0.61
99301,7,2026,389799,389937,1,1210,322.26,1,3,2,1,2,0,-138,1,0
98092,0,2004,569974,370074,1,970,381.52,3,2,1,1,2,22,43901,1.54,0.54
98188,7,1957,569974,500098,1,1190,420.25,1,3,1,1,2,69,43901,1.14,0.14
99163,8,2009,448939,439088,0.98,1990,220.65,2,4,4,3,2,17,9851,1.02,0.02
98058,7,1976,750016,749947,1,1730,433.5,3,3,3,1,2,50,69,1,0
98405,7,1953,569974,420937,1,830,507.15,1,3,1,1,2,73,43901,1.35,0.35
98092,8,2002,522576,522588,1,1740,300.34,2,3,3,2,2,24,-12,1,0
98373,7,1995,545050,530077,0.97,1230,430.96,1,3,2,1,2,31,14973,1.03,0.03
98070,7,1996,569974,730088,1,1930,378.28,1,2,2,1,2,30,-33595,0.78,-0.22
98059,7,2007,569974,1462187.5,1,3865,676.83,2,4,4.5,3.5,2,19,-33595,0.39,-0.61
98030,7,1968,569974,439949,1,1300,338.42,1,4,2,2,2,58,43901,1.3,0.3
98506,7,1979,729922,704910,0.97,2140,329.4,3,3,3,1,2,47,25012,1.04,0.04
98008,7,1967,1222787,1389090,1.03,1670,680.56,1,3,2,1,2,59,-33595,0.88,-0.12
98604,7,2023,615076,614918,1,2340,262.79,2,5,2,2,2,3,158,1,0
98930,7,2000,569974,300070,1,1320,227.33,1,4,3,2,2,26,43901,1.9,0.9
98683,8,2025,410086,409945,1,1480,276.99,2,3,2,2,2,1,141,1,0
98226,4,1998,394938,390913,0.99,1230,317.82,1,3,2,2,2,28,4025,1.01,0.01
99004,7,2001,358932,357987,1,1220,293.43,1,3,2,2,2,25,945,1,0
98028,7,1986,569974,733417,1,2020,363.08,1,4,3,2,2,40,-33595,0.78,-0.22
98022,4,1980,129880,114942,0.96,1490,77.14,1,2,2,2,2,46,14938,1.13,0.13
98229,7,1996,1095071,1093913,1,2770,394.91,2,4,3,2,2,30,1158,1,0
99004,7,2025,316542,316514,1,1050,301.44,1,3,2,2,2,1,28,1,0
98686,7,2025,569974,694334,1,2740,253.41,2,4,3,3,2,1,-33595,0.82,-0.18
99114,7,1938,259087,258922,1,1190,217.58,1,3,2,2,2,88,165,1,0
98662,7,1990,479908,480087,1,2430,197.57,2,3,2,2,2,36,-179,1,0
99207,7,1909,300090,290070,0.97,2080,139.46,2,3,2,1,2,117,10020,1.03,0.03
98664,7,2006,609935,610085,1,2520,242.1,2,4,2,2,2,20,-150,1,0
99019,7,2000,799943,790085,0.99,3865,192.7,2,5.5,4,3.5,2,26,9858,1.01,0.01
99208,7,1958,350058,350089,1,1200,291.74,1,3,2,2,2,68,-31,1,0
98028,7,2016,1222787,1462187.5,1.03,2710,562.7,2,5,3,2,2,10,-33595,0.84,-0.16
98516,7,2008,559924,540050,0.96,1600,337.53,1,2,2,1,2,18,19874,1.04,0.04
98271,7,2025,549011,539911,0.98,1020,529.32,3,2,2,1,2,1,9100,1.02,0.02
98682,7,2015,780095,779910,1,3410,228.71,2,5,3,3,2,11,185,1,0
98006,0,1988,569974,649423,1,1310,495.74,3,3,2,2,2,38,-33595,0.88,-0.12
99185,7,1972,237586,230476,0.97,1810,324.3,1,3,2,1,2,54,7110,1.03,0.03
98685,7,2017,770065,770086,1,2920,263.73,2,5,3,3,2,9,-21,1,0
98922,7,2016,1222787,1462187.5,0.96,3865,452.3,2,5,4.5,3,2,10,43901,0.84,-0.16
98610,7,2013,655078,655071,1,1920,341.18,2,3,2,2,2,13,7,1,0
98926,7,2015,559051,559090,1,2310,242.03,2,4,3,2,2,11,-39,1,0
98595,7,1940,384933,376910,0.98,1620,232.66,2,3,2,2,2,86,8023,1.02,0.02
99218,7,1964,549922,560060,1.02,2920,191.8,1,3,2,2,2,62,-10138,0.98,-0.02
99037,7,1991,549937,557092,1.01,1810,324.3,1,4,3,3,2,35,-7155,0.99,-0.01
98006,7,2025,1222787,1462187.5,1,3110,644.72,2,5,4,3,2,1,-4986,0.84,-0.16
98513,7,1990,574877,575007,1,1750,328.58,1,3,2,2,2,36,-130,1,0
98365,7,2002,639990,609906,0.96,1890,322.7,2,3,3,1,2,24,30084,1.05,0.05
98632,4,1997,144191,144188,1,1510,95.49,1,3,2,2,2,29,3,1,0
99212,7,1969,499448,499560,1,2900,172.26,1,4,2,2,2,57,-112,1,0
98107,7,1928,1222787,1462187.5,1.03,3130,516.27,2,3,4,1,2,98,-33595,0.84,-0.16
98028,4,2024,250063,234925,0.96,1600,146.83,1,3,2,1,2,2,15138,1.06,0.06
98203,8,2026,579904,587432,1.01,1760,333.77,2,4,3,1,2,0,-7528,0.99,-0.01
98382,0,2005,418946,408558,0.98,1400,291.83,2,3,2,2,2,21,10388,1.03,0.03
98391,7,2016,944921,899930,0.96,3865,229.57,2,4,3,2,2,10,43901,1.05,0.05
98121,0,1998,325100,329939,1.01,550,599.89,1,1.5,1,2,2,28,-4839,0.99,-0.01
99109,7,1958,299054,293059,0.98,1510,194.08,1,2,2,1,2,68,5995,1.02,0.02
98221,7,1945,649065,648904,1,1590,408.12,2,2,1,1,2,81,161,1,0
98371,7,2005,569974,795080,1,3480,228.47,2,4,2,3,2,21,-33595,0.72,-0.28
98311,7,1979,625077,625050,1,2410,259.36,2,4,3,1,2,47,27,1,0
98056,7,1942,569974,409945,1,1390,294.92,1,3,1,1,2,84,43901,1.39,0.39
98004,0,1987,569974,1462187.5,1,2460,680.56,2,3,3,2,2,39,-33595,0.39,-0.61
98203,7,1969,569974,484937,1,2090,232.03,2,3,2,1,2,57,43901,1.18,0.18
98604,7,1995,1010093,1010057,1,3865,196.89,3,4,4,3.5,2,31,36,1,0
99001,7,2004,354932,355083,1,1280,277.41,2,3,2,2,2,22,-151,1,0
98367,4,1983,424926,400092,0.96,1620,246.97,1,3,2,1,2,43,24834,1.06,0.06
98208,7,1966,725089,724930,1,2500,289.97,1,3,2,1,2,60,159,1,0
98199,7,2026,1222787,1462187.5,0.97,3865,676.01,2,5.5,4.5,3.5,2,0,43901,0.84,-0.16
98116,7,1946,1095060,1064929,0.97,1700,626.43,1,4,2,2,2,80,30131,1.03,0.03
99337,7,1965,514911,509745,0.99,2400,212.39,1,4,2,1,2,61,5166,1.01,0.01
98117,7,1930,1222787,1462187.5,1.03,2990,636.48,2,4,2,1,2,96,-33595,0.84,-0.16
99207,7,1949,314411,319904,1.02,1800,177.72,2,4,2,2,2,77,-5493,0.98,-0.02
98407,7,1909,645075,600100,0.96,3865,153.48,2,5.5,3,3,2,117,43901,1.07,0.07
99344,7,2025,409030,415445,1.02,1360,305.47,1,3,2,2,2,1,-6415,0.98,-0.02
98027,7,1995,1222787,1462187.5,0.96,2840,609.13,2,4,3,2,2,31,43901,0.84,-0.16
98926,7,2020,624902,624919,1,2340,267.06,2,4,3,1,2,6,-17,1,0
98271,7,2014,681939,700054,1.03,2060,339.83,2,5,3,2,2,12,-18115,0.97,-0.03
98052,7,2010,1222787,1462187.5,1.03,3240,680.56,2,4,4,2,2,16,-33595,0.84,-0.16
99223,7,1976,399814,399945,1,2800,142.84,1,4,3,2,2,50,-131,1,0
98115,0,1972,544923,524937,0.96,1630,322.05,1,2,2,1,2,54,19986,1.04,0.04
98512,7,1992,569974,570099,1,1810,324.3,2,3,0.5,2,2,34,-125,1,0
98466,7,1958,569974,510078,1,1730,294.84,1,3,1,1,2,68,43901,1.12,0.12
98056,7,1989,1222787,1462187.5,1,2800,571.4,2,4,3,2,2,37,88,0.84,-0.16
98604,7,2020,690078,689925,1,2600,265.36,2,4,2,2,2,6,153,1,0
98374,7,2014,569974,444088,1,2280,194.78,2,4,2,3,2,12,43901,1.28,0.28
98026,7,1983,950070,950054,1,2120,448.14,1,3,2,1,2,43,16,1,0
98144,7,1967,1222787,1462187.5,1,2860,680.56,2,5,3,2,2,59,-6,0.84,-0.16
98338,7,1996,795404,779947,0.98,2200,354.52,2,3,3,2,2,30,15457,1.02,0.02
98340,7,1991,864906,860059,0.99,3865,211.32,1,2,4.5,3.5,2,35,4847,1.01,0.01
98312,0,1968,250075,250075,1,960,260.49,1,2,2,2,2,58,0,1,0
98221,7,1991,598915,598928,1,1460,410.22,1,2,2,1,2,35,-13,1,0
98109,7,1913,1222787,1462187.5,0.96,2240,680.56,1,3,2,2,2,113,43901,0.84,-0.16
98277,7,1968,549084,499910,0.96,2030,246.26,1,3,2,1,2,58,43901,1.1,0.1
98103,7,1946,600028,602565,1,760,680.56,1,2,1,1,2,80,-2537,1,0
98409,7,1925,415076,430094,1.03,1610,267.14,1,3,2,1,2,101,-15018,0.97,-0.03
98056,0,1992,569974,1166950,1,2210,528.03,2,3,3,2,2,34,-33595,0.49,-0.51
98802,4,1998,569974,286827,1,1510,189.95,2,3,2,2,2,28,43901,1.99,0.99
98444,7,1957,599907,599935,1,1380,434.74,1,4,2,2,2,69,-28,1,0
98391,7,2025,890086,890070,1,2980,298.68,2,4,3,2,2,1,16,1,0
98597,7,2014,550031,544930,0.99,2370,229.93,2,4,3,2,2,12,5101,1.01,0.01
98092,0,2004,370054,369941,1,970,381.38,1,2,1,1,2,22,113,1,0
98816,0,1983,950079,950079,1,1100,680.56,1,2,2,1,2,43,0,1,0
98516,7,1994,1222787,1169902,0.96,2900,403.41,2,2,2,1,2,32,43901,1.05,0.05
99019,7,2010,779948,768944,0.99,2240,343.28,1,4,2,2,2,16,11004,1.01,0.01
98043,7,2002,935053,935062,1,2210,423.1,2,4,3,2,2,24,-9,1,0
98101,0,2008,1222787,1462187.5,0.96,2450,680.56,2,2,2,2,2,18,43901,0.84,-0.16
98284,7,1916,439098,474913,1.03,1200,395.76,2,3,1,1,2,110,-33595,0.92,-0.08
98126,7,1950,994925,1005056,1.01,1920,523.47,1,3,2,1,2,76,-10131,0.99,-0.01
98392,7,1990,799878,749939,0.96,3260,230.04,2,3,2,1,2,36,43901,1.07,0.07
98626,7,1973,280054,286061,1.02,960,297.98,1,2,1,1,2,53,-6007,0.98,-0.02
99336,8,2025,420079,421450,1,1930,218.37,2,4,3,2,2,1,-1371,1,0
98628,7,1950,315052,315054,1,1960,160.74,1,3,1,1,2,76,-2,1,0
98103,7,1981,1095092,1346916,1.03,1830,680.56,2,3,3,2,2,45,-33595,0.81,-0.19
98026,7,1954,714909,799929,1.03,1390,575.49,1,3,1,1,2,72,-33595,0.89,-0.11
98532,7,1973,499800,494934,0.99,1730,286.09,2,4,2,1,2,53,4866,1.01,0.01
98020,7,1960,1222787,1462187.5,1.02,1680,680.56,1,4,2,1,2,66,-24843,0.84,-0.16
98277,7,2004,529942,545091,1.03,1640,332.37,1,3,2,2,2,22,-15149,0.97,-0.03
98052,7,1977,1222787,1462187.5,1.01,3220,590.03,2,5,3,2,2,49,-19845,0.84,-0.16
98406,7,1948,635090,662095,1.03,1500,441.4,2,4,2,1,2,78,-27005,0.96,-0.04
98065,7,1981,1222787,1374939,1.03,2400,572.89,2,4,3,2,2,45,-33595,0.89,-0.11
98387,7,2000,459905,454907,0.99,1280,355.4,1,3,2,2,2,26,4998,1.01,0.01
98223,7,1990,879057,878942,1,2380,369.3,3,4,4,1,2,36,115,1,0
98366,7,1941,449947,450065,1,2180,206.45,2,3,2,1,2,85,-118,1,0
98208,8,2008,699961,674922,0.96,2090,322.93,2,4,4,2,2,18,25039,1.04,0.04
98004,7,1949,1222787,1462187.5,1,2490,680.56,1,3,3,2,2,77,-1,0.84,-0.16
98282,7,1979,509920,445079,0.96,1400,317.91,2,1.5,1,1,2,47,43901,1.15,0.15
98579,5,1974,1222787,1462187.5,1.02,3865,123.12,2,3,4.5,2,2,52,-33595,0.84,-0.16
98579,7,2017,649983,649969,1,1750,371.41,1,3,2,1,2,9,14,1,0
98387,7,1971,449917,440080,0.98,1870,235.34,2,4,2,1,2,55,9837,1.02,0.02
98036,7,2005,1199922,1160074,0.97,2620,442.78,2,5,3,2,2,21,39848,1.03,0.03
98258,7,2025,1222787,1320064,0.98,3865,302.07,2,4,4,3,2,1,30002,0.93,-0.07
98584,7,2003,480055,492079,1.02,2150,228.87,1,3,2,2,2,23,-12024,0.98,-0.02
98387,7,1967,464837,459920,0.99,1310,351.08,1,3,1,1,2,59,4917,1.01,0.01
98272,7,1947,666524,666534,1,1860,358.35,1,3,2,1,2,79,-10,1,0
98802,7,2000,579056,564944,0.98,2890,195.48,1,5,3,3,2,26,14112,1.02,0.02
98116,0,2002,848926,829935,0.98,1420,584.46,1,3,2,1,2,24,18991,1.02,0.02
98199,8,2014,875055,865070,0.99,1450,596.6,2,3,2,1,2,12,9985,1.01,0.01
98028,7,2008,1222787,1319942,1.03,2470,534.39,2,4,3,2,2,18,-33595,0.93,-0.07
98108,8,2025,499895,499891,1,1040,480.66,2,1.5,2,1,2,1,4,1,0
98822,3,1992,198946,190098,0.96,1810,324.3,2,3,2,2,2,34,8848,1.05,0.05
98354,7,1920,629917,619936,0.98,2640,234.82,2,3,1,1,2,106,9981,1.02,0.02
99207,7,1954,334939,329913,0.98,1540,214.23,1,4,2,2,2,72,5026,1.02,0.02
99216,7,1996,419067,414944,0.99,2000,207.47,2,4,2,2,2,30,4123,1.01,0.01
98362,7,1983,735066,692099,0.96,3865,170.05,1,2,3,1,2,43,42967,1.06,0.06
98391,7,2001,975061,996940,1.02,3160,315.49,2,3,3,2,2,25,-21879,0.98,-0.02
98029,7,2005,1185088,1149930,0.97,1640,680.56,2,3,3,2,2,21,35158,1.03,0.03
98245,7,2003,1222787,1224911,0.98,2400,510.38,2,3,3,3,2,23,25174,1,0
98632,7,1979,429838,435940,1.01,1690,257.95,1,3,2,1,2,47,-6102,0.99,-0.01
98037,7,1956,774915,775078,1,1560,496.84,2,4,2,2,2,70,-163,1,0
98404,7,1941,474914,464910,0.98,1680,276.73,2,4,2,1,2,85,10004,1.02,0.02
98003,8,1978,409923,390051,0.96,1350,288.93,2,2,2,1,2,48,19872,1.05,0.05
99352,4,1994,129979,124949,0.96,1100,113.59,1,2,2,2,2,32,5030,1.04,0.04
98021,0,1997,365097,364910,1,920,396.64,1,2,1,1,2,29,187,1,0
98230,0,1979,288927,275063,0.96,890,309.06,2,2,2,1,2,47,13864,1.05,0.05
98125,8,2000,599331,606404,1.01,1420,427.05,2,3,3,1,2,26,-7073,0.99,-0.01
98270,5,1997,569974,705097,1,2430,290.16,2,5.5,4,2,2,29,-33595,0.81,-0.19
98023,7,1980,654908,650094,0.99,1840,353.31,3,4,3,1,2,46,4814,1.01,0.01
98271,7,1995,647914,640100,0.99,1510,423.91,1,3,2,1,2,31,7814,1.01,0.01
98686,7,2025,694013,694051,1,2680,258.97,2,4,3,3,2,1,-38,1,0
98126,0,1992,569974,584931,1,1370,426.96,2,2,3,2,2,34,-14957,0.97,-0.03
98851,7,2007,539087,510100,0.96,1920,265.68,1,3,3,2,2,19,28987,1.06,0.06
98272,7,1981,854061,854067,1,1290,662.07,1,3,2,1,2,45,-6,1,0
98026,7,2025,1222787,1462187.5,1,3865,443.94,3,5,4.5,3.5,2,1,179,0.84,-0.16
98102,7,1923,1222787,1460050,1.03,2660,548.89,2,4,2,1,2,103,-33595,0.84,-0.16
98374,7,1985,544906,556099,1.02,1560,356.47,3,3,3,1,2,41,-11193,0.98,-0.02
98115,7,1937,919946,985080,1.03,1860,529.61,1,3,2,1,2,89,-33595,0.93,-0.07
98102,0,2025,793921,791948,1,1080,680.56,3,2,2,1,2,1,1973,1,0
98584,4,2025,355076,370067,1.03,1470,251.75,1,3,2,1,2,1,-14991,0.96,-0.04
99207,5,1979,1222787,1462187.5,0.96,3865,129.09,2,3,2,2,2,47,43901,0.84,-0.16
98045,7,2025,1222787,1462187.5,0.96,3865,470.23,2,5,4.5,3,2,1,43901,0.84,-0.16
98607,7,2002,525068,525094,1,1450,362.13,2,3,2,2,2,24,-26,1,0
98501,7,1987,569873,565077,0.99,1900,297.41,2,3,3,2,2,39,4796,1.01,0.01
99037,7,1974,424916,429090,1.01,1870,229.46,1,4,2,2,2,52,-4174,0.99,-0.01
98584,4,1970,32088,25060,0.96,1440,17.4,1,2,2,1,2,56,7028,1.28,0.28
98569,4,2025,268911,265911,0.99,1280,207.74,1,3,2,1,2,1,3000,1.01,0.01
98075,7,2000,1222787,1462187.5,1,3150,603.2,2,5,3,3,2,26,-20,0.84,-0.16
98022,4,2024,410050,390855,0.96,1580,247.38,1,2,2,1,2,2,19195,1.05,0.05
98166,7,1979,1222787,1462187.5,1,3865,432.46,2,5,3,2,2,47,-102,0.84,-0.16
98524,7,2003,450025,449569,1,1490,301.72,1,3,2,2,2,23,456,1,0
98822,3,1992,550081,535054,0.97,1810,324.3,2,3,2,2,2,34,15027,1.03,0.03
98597,7,2005,399053,411070,1.03,1270,323.68,1,3,2,2,2,21,-12017,0.97,-0.03
99301,7,2022,399827,399812,1,1570,254.66,1,4,2,2,2,4,15,1,0
98116,8,2016,674920,674918,1,1310,515.2,2,3,2,1,2,10,2,1,0
98632,7,1975,449980,435088,0.97,2110,206.2,1,3,3,1,2,51,14892,1.03,0.03
98382,7,1991,584944,580087,0.99,1860,311.87,2,3,2,2,2,35,4857,1.01,0.01
98204,7,2009,619886,619850,1,1690,366.78,2,3,3,2,2,17,36,1,0
98819,7,1909,279938,250094,0.96,820,304.99,1,2,1,1,2,117,29844,1.12,0.12
98177,7,1937,949918,1125421,1.03,1910,589.23,2,3,2,1,2,89,-33595,0.84,-0.16
98248,7,2021,749933,753094,1,2150,350.28,2,3,3,2,2,5,-3161,1,0
98277,7,1975,499671,507052,1.01,1390,364.79,1,3,2,1,2,51,-7381,0.99,-0.01
98405,7,1928,485087,485086,1,1450,334.54,2,3,2,2,2,98,1,1,0
98664,7,1946,649910,649924,1,2350,276.56,1,4,3,3,2,80,-14,1,0
98607,7,1997,685059,684902,1,2190,312.74,2,4,2,2,2,29,157,1,0
99202,7,1909,295096,295075,1,1950,151.32,2,3,2,2,2,117,21,1,0
98208,7,1989,874942,899941,1.03,1470,612.2,1,3,2,1,2,37,-24999,0.97,-0.03
98126,7,1958,1074949,1132014,1.03,2220,509.92,1,5,3,1,2,68,-33595,0.95,-0.05
98144,8,2025,509052,488802,0.96,1120,436.43,2,3,2,1,2,1,20250,1.04,0.04
98391,7,2022,609939,620050,1.02,2370,261.62,2,4,3,2,2,4,-10111,0.98,-0.02
98038,7,2003,999905,1010053,1.01,2980,338.94,2,4,3,2,2,23,-10148,0.99,-0.01
98122,7,1915,1148060,1310083,1.03,2530,517.82,2,4,2,2,2,111,-33595,0.88,-0.12
98006,8,1988,649585,649422,1,1310,495.74,2,3,2,1,2,38,163,1,0
99354,7,2005,569974,349923,1,2170,161.25,1,4,2,2,2,21,43901,1.63,0.63
98117,8,2026,639898,639896,1,960,666.56,2,2,3,1,2,0,2,1,0
98118,7,1973,574928,584921,1.02,1200,487.43,1,3,2,1,2,53,-9993,0.98,-0.02
98383,7,2023,629051,639922,1.02,3040,210.5,3,4,3,1,2,3,-10871,0.98,-0.02
98133,7,2025,1222787,1204907,0.96,2790,431.87,2,4,4,3,2,1,43901,1.01,0.01
98607,7,2025,930038,929891,1,2930,317.37,2,4,3,3,2,1,147,1,0
98338,7,2023,473026,485067,1.03,1220,397.6,1,3,2,2,2,3,-12041,0.98,-0.02
98312,0,1980,188936,189054,1,700,270.08,1,1.5,1,1,2,46,-118,1,0
98662,7,1965,431411,431578,1,990,435.94,1,3,1,1,2,61,-167,1,0
98686,7,1994,515080,515083,1,1540,334.47,1,3,2,2,2,32,-3,1,0
98332,3,1985,149938,145064,0.97,1810,324.3,2,3,2,2,2,41,4874,1.03,0.03
98270,7,1999,534928,534913,1,1190,449.51,1,2,2,1,2,27,15,1,0
98075,7,1994,1222787,1462187.5,1.02,3865,579.38,2,5,4.5,2,2,32,-33595,0.84,-0.16
99336,7,1944,297097,296058,1,1700,174.15,1,4,1,1,2,82,1039,1,0
98374,7,2008,520088,510079,0.98,1710,298.29,2,4,3,2,2,18,10009,1.02,0.02
98226,7,1980,674964,664915,0.99,1850,359.41,2,3,3,2,2,46,10049,1.02,0.02
98223,7,2018,629084,600050,0.96,1190,504.24,1,3,2,2,2,8,29034,1.05,0.05
98270,7,1979,574916,574941,1,1430,402.06,2,3,2,1,2,47,-25,1,0
98374,7,1994,559919,545070,0.97,1750,311.47,3,3,3,2,2,32,14849,1.03,0.03
98407,7,1910,644948,645057,1,1350,477.82,2,3,2,1,2,116,-109,1,0
99353,7,2000,464994,465068,1,2000,232.53,1,4,3,2,2,26,-74,1,0
98204,7,1953,599901,634943,1.03,1880,337.74,1,3,2,1,2,73,-33595,0.94,-0.06
98010,7,2025,743901,744095,1,1490,499.39,1,2,2,2,2,1,-194,1,0
98558,7,1974,299900,349920,1.03,930,376.26,1,2,1,2,2,52,-33595,0.86,-0.14
98239,7,1988,625097,611934,0.98,2460,248.75,2,3,4,1,2,38,13163,1.02,0.02
98092,7,2016,684913,679911,0.99,2430,279.8,2,5,3,3,2,10,5002,1.01,0.01
99207,7,1994,249948,259950,1.03,830,313.19,1,2,1,1,2,32,-10002,0.96,-0.04
98101,0,2010,569974,724920,1,950,680.56,3.5,1.5,2,1,2,16,-33595,0.79,-0.21
98674,8,2020,415062,415084,1,1550,267.8,2,3,2,2,2,6,-22,1,0
98662,7,1994,569974,502591,1,2250,223.37,2,4,3,2,2,32,43901,1.13,0.13
98125,8,2020,589592,558125,0.96,1200,465.1,2,3,3,1,2,6,31467,1.06,0.06
98577,7,1955,569974,275080,1,2500,110.03,1,3,0.5,2,2,71,43901,2.07,1.07
98133,7,1954,579923,579910,1,1340,432.77,1,3,1,1,2,72,13,1,0
98225,7,2023,569974,785190,1,1540,509.86,2,3,2,2,2,3,-33595,0.73,-0.27
98117,7,1954,497944,496058,1,520,680.56,1,2,1,1,2,72,1886,1,0
98528,7,1976,369061,363901,0.99,960,379.06,1,3,1,1,2,50,5160,1.01,0.01
98387,7,2001,499093,504937,1.01,1960,257.62,2,3,3,2,2,25,-5844,0.99,-0.01
98506,5,1971,1000073,932069,0.96,3310,281.59,2,5.5,4.5,2,2,55,43901,1.07,0.07
98110,3,1992,494923,449941,0.96,1810,324.3,2,3,2,2,2,34,43901,1.1,0.1
98105,8,2019,1079877,1079893,1,1950,553.79,2,5.5,3,3,2,7,-16,1,0
98223,3,1992,400010,324563,0.96,1810,324.3,2,3,2,2,2,34,43901,1.23,0.23
98516,7,1976,569974,329944,1,1010,326.68,1,4,2,2,2,50,43901,1.73,0.73
98901,7,1982,369088,369087,1,1290,286.11,1,3,2,2,2,44,1,1,0
98115,7,2025,1222787,1228080,1,1100,680.56,2,2,3,1,2,1,-164,1,0
98930,7,2025,389782,389919,1,1590,245.23,1,3,1,1,2,1,-137,1,0
98520,3,1992,22082,18077,0.96,1810,324.3,2,3,2,2,2,34,4005,1.22,0.22
99353,7,1997,369802,375420,1.02,1130,332.23,1,3,2,2,2,29,-5618,0.99,-0.01
98284,3,1992,134917,145059,1.03,1810,324.3,2,3,2,2,2,34,-10142,0.93,-0.07
98648,7,1997,562300,562440,1,1500,374.96,1,3,2,2,2,29,-140,1,0
99336,7,1952,252563,255094,1.01,940,271.38,1,2,1,1,2,74,-2531,0.99,-0.01
98166,5,1979,1222787,1379950,0.96,3865,211.65,2,5.5,4.5,2,2,47,43901,0.89,-0.11
98445,7,1996,449882,447098,0.99,1330,336.16,1,3,2,1,2,30,2784,1.01,0.01
98108,5,1948,719081,700099,0.97,2540,275.63,2,4,2,2,2,78,18982,1.03,0.03
98229,4,1976,105052,104938,1,770,136.28,1,2,1,1,2,50,114,1,0
98405,7,1909,369891,349934,0.96,1470,238.05,2,4,2,2,2,117,19957,1.06,0.06
98801,7,1934,354910,364940,1.03,1280,285.11,1,3,2,1,2,92,-10030,0.97,-0.03
98250,0,1909,498931,485078,0.97,870,557.56,1,1.5,1,1,2,117,13853,1.03,0.03
99022,7,1942,340071,339939,1,2070,164.22,2,5,2,2,2,84,132,1,0
98840,7,1946,269977,269990,1,2170,124.42,1,3,2,1,2,80,-13,1,0
98279,3,1992,249928,249931,1,1810,324.3,2,3,2,2,2,34,-3,1,0
98683,7,2025,494907,494896,1,1480,334.39,2,3,2,2,2,1,11,1,0
99206,7,2025,538057,537902,1,2770,194.19,2,5,3,3,2,1,155,1,0
98270,5,1997,704912,704930,1,2430,290.09,2,4,2,2,2,29,-18,1,0
98390,7,1963,498940,470080,0.96,1640,286.63,1,3,2,1,2,63,28860,1.06,0.06
98221,7,1998,569974,935331,1,2790,335.24,1,4,3,3,2,28,-33595,0.61,-0.39
98290,7,1968,674921,670053,0.99,1430,468.57,1,3,2,1,2,58,4868,1.01,0.01
98107,7,1925,924905,924925,1,1460,633.51,1,3,2,1,2,101,-20,1,0
98021,0,2025,1099889,1050074,0.96,2350,446.84,2,4,4,2,2,1,43901,1.05,0.05
98122,0,2005,324921,325070,1,550,591.04,1,1.5,1,1,2,21,-149,1,0
98570,3,1992,98947,89946,0.96,1810,324.3,2,3,2,2,2,34,9001,1.1,0.1
98541,3,1992,50053,36592,0.96,1810,324.3,2,3,2,2,2,34,13461,1.37,0.37
98501,7,1995,484089,474930,0.98,1500,316.62,1,3,2,2,2,31,9159,1.02,0.02
99141,7,1992,84914,74927,0.96,1410,53.14,2,4,1,1,2,34,9987,1.13,0.13
98312,8,1982,290069,280070,0.97,1130,247.85,2,2,2,1,2,44,9999,1.04,0.04
98674,7,2004,424919,435075,1.02,1250,348.06,1,3,2,2,2,22,-10156,0.98,-0.02
98592,7,1977,437846,430083,0.98,1300,330.83,1,2,2,1,2,49,7763,1.02,0.02
99352,3,1992,249836,239812,0.96,1810,324.3,2,3,2,2,2,34,10024,1.04,0.04
98373,3,1992,120071,132578,1.03,1810,324.3,2,3,2,2,2,34,-12507,0.91,-0.09
99208,7,2026,815095,815088,1,2960,275.37,2,4,3,3,2,0,7,1,0
98903,7,1950,320091,319906,1,1160,275.78,1,3,1,1,2,76,185,1,0
98012,7,1986,1099880,1030014,0.96,2600,396.16,3,4,3,2,2,40,43901,1.07,0.07
98033,0,1968,275066,258939,0.96,720,359.64,1,1.5,1,1,2,58,16127,1.06,0.06
98387,7,1996,489873,500501,1.02,1520,329.28,1,3,2,2,2,30,-10628,0.98,-0.02
98682,7,2024,569974,646911,1,1720,376.11,1,3,2,2,2,2,-33595,0.88,-0.12
98372,7,1947,569974,435069,1,2010,216.45,1,3,1,1,2,79,43901,1.31,0.31
98042,7,2025,1145092,1327091,1.03,3370,393.8,2,5.5,4,3.5,2,1,-33595,0.86,-0.14
98264,3,1992,449073,420091,0.96,1810,324.3,2,3,2,2,2,34,28982,1.07,0.07
99205,7,1953,414917,414935,1,1730,239.85,1,4,2,2,2,73,-18,1,0
98801,7,1914,262098,209099,0.96,2300,90.91,2,4,2,2,2,112,43901,1.25,0.25
98270,7,2025,769878,770044,1,2500,308.02,2,4,3,2,2,1,-166,1,0
98290,7,1995,569974,949948,1,1630,582.79,1,3,2,2,2,31,-33595,0.6,-0.4
98270,7,2025,660078,660075,1,1980,333.37,2,3,3,1,2,1,3,1,0
99223,7,2020,569974,464920,1,1480,314.14,1,3,2,2,2,6,43901,1.23,0.23
98103,7,1912,1222787,1462187.5,1.03,2850,570.2,2,3,2,1,2,114,-33595,0.84,-0.16
98372,7,1909,569974,439933,1,1280,343.7,1,2,1,1,2,117,43901,1.3,0.3
98029,7,1945,569974,449925,1,2140,210.25,1,3,4,2,2,81,43901,1.27,0.27
99016,8,2007,569974,349943,1,1570,222.89,2,3,2,2,2,19,43901,1.63,0.63
98006,7,1955,569974,1284914,1,1120,680.56,1,4,2,1,2,71,-33595,0.44,-0.56
98626,7,1953,569974,365064,1,1550,235.53,1,2,1,1,2,73,43901,1.56,0.56
98133,7,1964,569974,684903,1,1910,358.59,1,3,4,2,2,62,-33595,0.83,-0.17
98043,7,1966,569974,700090,1,2420,289.29,2,3,3,2,2,60,-33595,0.81,-0.19
98802,7,2000,348945,343668,0.98,1250,274.93,1,3,2,2,2,26,5277,1.02,0.02
98004,0,1987,569974,1462187.5,1,2460,680.56,2,3,3,2,2,39,-33595,0.39,-0.61
98407,7,1993,569974,509949,1,1620,314.78,2,3,1,2,2,33,43901,1.12,0.12
98371,7,1962,569974,324943,1,1810,324.3,1,3,0.5,2,2,64,43901,1.75,0.75
98103,7,1928,569974,849925,1,1410,602.78,2,4,1,1,2,98,-33595,0.67,-0.33
98625,7,2001,1222787,1275089,0.96,3290,387.57,2,3,3,2,2,25,43901,0.96,-0.04
99337,7,2006,530070,530057,1,2650,200.02,2,4,3,2,2,20,13,1,0
98133,7,1941,465083,455086,0.98,920,494.66,1,2,1,1,2,85,9997,1.02,0.02
98199,0,1976,569974,500052,1,1070,467.34,3,2,2,2,2,50,43901,1.14,0.14
99218,7,2025,569974,774623,1,2930,264.38,2,4,3,3,2,1,-33595,0.74,-0.26
99338,7,2006,729803,724920,0.99,3110,233.09,2,4,3,2,2,20,4883,1.01,0.01
98034,7,1985,569974,568006,1,3270,324.3,1,5,4.5,3,2,41,1968,1,0
98117,7,1950,569974,805089,1,1050,680.56,1,3,1,1,2,76,-33595,0.71,-0.29
98516,7,1992,569974,1169923,1,1810,324.3,2,3,0.5,2,2,34,-33595,0.49,-0.51
99019,7,2019,649919,648449,1,2970,218.33,2,4,3,2,2,7,1470,1,0
98840,3,1992,214905,198936,0.96,1810,324.3,2,3,2,2,2,34,15969,1.08,0.08
99224,7,1942,569974,145089,1,720,201.51,1,2,1,1,2,84,43901,3.93,2.93
98501,7,1958,569974,789946,1,3050,259,1,4,4.5,3,2,68,-33595,0.72,-0.28
98144,8,2024,569974,488986,1,1260,388.08,2,3,2,2,2,2,43901,1.17,0.17
99022,7,1909,569974,174040,1,1310,132.85,2,3,1,1,2,117,43901,3.27,2.27
98115,7,1929,975062,1104912,1.03,2180,506.84,2,4,1,1,2,97,-33595,0.88,-0.12
98245,5,1976,1222787,1462187.5,0.96,3865,379.99,2,3,2,2,2,50,43901,0.84,-0.16
98312,0,1968,569974,250250,1,960,260.68,3,2,2,1,2,58,43901,2.28,1.28
98579,4,1992,569974,1462187.5,1,1810,324.3,2,3,0.5,2,2,34,-33595,0.39,-0.61
98290,7,1922,569974,549930,1,1100,499.94,1,2,1,1,2,104,20044,1.04,0.04
98022,4,2019,569974,1149924,1,2350,489.33,1,3,3,2,2,7,-33595,0.5,-0.5
99338,7,2025,504213,504093,1,2050,245.9,1,3,2,2,2,1,120,1,0
98072,7,1985,569974,949922,1,2020,470.26,1,4,3,2,2,41,-33595,0.6,-0.4
98115,0,1972,569974,524938,1,1660,316.23,2,2,2,2,2,54,43901,1.09,0.09
99223,7,1967,400065,399078,1,2290,174.27,1,5,2,1,2,59,987,1,0
98382,7,2006,675076,667263,0.99,2060,323.91,2,2,2,2,2,20,7813,1.01,0.01
98382,7,2007,1222787,1349902,0.96,3865,283.59,2,3,3,3,2,19,43901,0.91,-0.09
98367,7,2025,876945,876929,1,3120,281.07,2,4,3,2,2,1,16,1,0
98042,7,1966,569974,629906,1,1680,374.94,1,4,3,2,2,60,-33595,0.9,-0.1
98270,7,2025,685008,685008,1,1740,393.68,2,3,3,2,2,1,0,1,0
98038,7,2003,569974,1010054,1,2980,338.94,2,4,3,2,2,23,-33595,0.56,-0.44
98033,0,1992,569974,980009,1,1320,680.56,2,2,4,2,2,34,-33595,0.58,-0.42
99016,7,2006,1119934,1119929,1,3660,305.99,1,5,3,3,2,20,5,1,0
98579,4,1992,569974,1462187.5,1,1810,324.3,2,3,0.5,2,2,34,-33595,0.39,-0.61
98019,7,1996,900065,875058,0.97,2060,424.79,2,3,3,2,2,30,25007,1.03,0.03
98058,7,2002,569974,674911,1,2590,260.58,2,4,4,3,2,24,-33595,0.84,-0.16
99171,7,1936,209827,209815,1,1730,121.28,1,2,2,2,2,90,12,1,0
98632,7,1948,569974,119933,1,720,166.57,1,2,1,1,2,78,43901,4.75,3.75
99224,7,2013,514934,504933,0.98,1580,319.58,1,3,2,2,2,13,10001,1.02,0.02
98944,7,1938,170061,144902,0.96,870,166.55,1,2,1,1,2,88,25159,1.17,0.17
98930,7,2025,389920,389936,1,1590,245.24,1,3,2,1,2,1,-16,1,0
98010,3,1992,569974,771749,1,1810,324.3,2,3,0.5,2,2,34,-33595,0.74,-0.26
99109,7,1993,350075,350096,1,1400,250.07,1,3,2,1,2,33,-21,1,0
98036,7,1948,569974,999930,1,1160,680.56,1,3,1,1,2,78,-33595,0.57,-0.43
99206,7,1984,434970,445789,1.02,2210,201.71,2,3,3,3,2,42,-10819,0.98,-0.02
98501,7,1920,569974,425091,1,1260,337.37,1,2,2,2,2,106,43901,1.34,0.34
98382,0,2025,430036,420094,0.98,1450,289.72,2,2,3,1,2,1,9942,1.02,0.02
98607,0,2019,866916,866788,1,2490,348.11,2,3,2,2,2,7,128,1,0
99202,7,1925,325059,339915,1.03,1460,232.82,2,4,2,2,2,101,-14856,0.96,-0.04
98579,4,1992,569974,1462187.5,1,1810,324.3,2,3,0.5,2,2,34,-33595,0.39,-0.61
98072,0,1992,569974,1462187.5,1,3865,304.89,2,3,0.5,2,2,34,-33595,0.39,-0.61
99352,7,2019,514900,514932,1,2110,244.04,1,4,3,2,2,7,-32,1,0
98684,7,1987,624921,624937,1,2370,263.69,2,4,3,3,2,39,-16,1,0
98327,7,1997,499919,474925,0.96,1450,327.53,2,3,3,2,2,29,24994,1.05,0.05
98258,7,2025,569974,1320207,1,3865,293.38,2,4,4,3.5,2,1,-33595,0.43,-0.57
98271,7,2025,599242,585071,0.98,1420,412.02,3,3,3,1,2,1,14171,1.02,0.02
98103,7,1930,569974,1024088,1,1590,644.08,2,5,1,1,2,96,-33595,0.56,-0.44
98375,7,2005,520000,519830,1,1900,273.59,2,3,3,2,2,21,170,1,0
98178,7,2017,854087,861089,1.01,2260,381.01,2,4,4,1,2,9,-7002,0.99,-0.01
99208,7,2001,454946,459929,1.01,2590,177.58,2,4,3,2,2,25,-4983,0.99,-0.01
98036,7,1958,594931,554901,0.96,910,609.78,1,3,1,1,2,68,40030,1.07,0.07
99216,7,1950,315099,315063,1,1080,291.73,1,3,1,1,2,76,36,1,0
98642,7,2005,909070,909085,1,3770,241.14,2,4,2,2,2,21,-15,1,0
98642,7,1973,1222787,1265923,1,3030,417.8,2,4,3,3,2,53,137,0.97,-0.03
98033,0,1992,569974,1399098,1,1810,324.3,2,3,0.5,2,2,34,-33595,0.41,-0.59
98229,3,1992,49981,35061,0.96,1810,324.3,2,3,2,2,2,34,14920,1.43,0.43
98512,7,1975,569974,374940,1,1980,189.36,1,5,4,2,2,51,43901,1.52,0.52
98467,7,2002,650071,657906,1.01,1940,339.13,2,3,3,2,2,24,-7835,0.99,-0.01
98635,7,1940,900056,899905,1,1780,505.56,2,2,2,2,2,86,151,1,0
98382,7,1963,490069,465088,0.96,1700,273.58,2,2,2,2,2,63,24981,1.05,0.05
99224,7,2026,434928,419926,0.97,1500,279.95,1,3,2,2,2,0,15002,1.04,0.04
99022,7,1972,569974,199930,1,1750,114.25,1,3,2,2,2,54,43901,2.85,1.85
98198,7,1940,569065,559917,0.98,1900,294.69,2,4,3,1,2,86,9148,1.02,0.02
98375,0,1999,385057,394912,1.03,1230,321.07,1,3,2,2,2,27,-9855,0.98,-0.02
99337,5,2025,699921,699786,1,2990,234.04,2,5.5,4.5,3.5,2,1,135,1,0
98001,7,1978,797900,810050,1.02,3110,260.47,3,4,3,2,2,48,-12150,0.98,-0.01
98649,6,1992,569974,11053,1,1810,324.3,2,3,0.5,2,2,34,43901,51.56,50.57
98382,7,1970,498969,454933,0.96,1580,287.93,1,3,2,1,2,56,43901,1.1,0.1
98312,7,1986,739916,775084,1.03,3250,238.49,2,4,3,2,2,40,-33595,0.95,-0.05
98512,7,2000,600033,630072,1.03,2400,262.53,2,4,3,1,2,26,-30039,0.95,-0.05
98328,7,1998,499934,489918,0.98,1800,272.18,2,3,3,1,2,28,10016,1.02,0.02
98225,0,2024,1222787,1199927,0.96,1580,680.56,1,2,3,2,2,2,43901,1.02,0.02
98366,7,1932,275080,304938,1.03,1030,296.06,2,2,1,1,2,94,-29858,0.9,-0.1
98250,7,1972,998552,924912,0.96,2660,347.71,1,3,3,1,2,54,43901,1.08,0.08
98335,7,2016,1222787,1394914,1,3200,435.91,2,4,3,2,2,10,156,0.88,-0.12
98072,7,1993,1222787,1462187.5,1,3865,438.57,2,4,4,2,2,33,196,0.84,-0.16
98177,7,1964,1222787,1462187.5,1,3240,461.45,1,4,3,3,2,62,-22,0.84,-0.16
98110,7,2019,1222787,1462187.5,1.03,3865,506.93,2,5,4.5,2,2,7,-33595,0.84,-0.16
98236,7,1979,494919,494915,1,940,526.51,2,2,2,1,2,47,4,1,0
98584,4,1982,569974,90067,1,840,107.22,1,2,1,1,2,44,43901,6.33,5.33
98027,7,1991,1222787,1462187.5,1,3865,575.47,2,4,4,3,2,35,0,0.84,-0.16
98010,7,2016,1222787,1462187.5,0.97,3340,680.56,2,4,4,3,2,10,43901,0.84,-0.16
98250,7,1979,724924,700092,0.97,2330,300.47,2,3,4,2,2,47,24832,1.04,0.04
98023,7,1981,624873,625014,1,1730,361.28,1,3,3,3,2,45,-141,1,0
98168,7,1963,1050057,1049950,1,2720,386.01,1,4,4,2,2,63,107,1,0
98101,0,2008,1222787,1462187.5,0.97,1880,680.56,1,2,3,2,2,18,43901,0.84,-0.16
98117,8,2024,569974,640027,1,930,680.56,2,3,4,2,2,2,-33595,0.89,-0.11
99001,7,2011,334927,341099,1.02,1030,331.16,2,2,2,2,2,15,-6172,0.98,-0.02
99207,3,1992,569974,1462187.5,1,1810,324.3,2,3,0.5,2,2,34,-33595,0.39,-0.61
98502,5,1969,565057,565091,1,1410,400.77,2,2,2,2,2,57,-34,1,0
98005,0,1999,795091,795073,1,1480,537.21,1,3,2,2,2,27,18,1,0
98516,7,1984,598950,598986,1,1820,329.11,2,2,3,1,2,42,-36,1,0
98516,7,2006,584937,599903,1.03,2280,263.12,2,3,3,2,2,20,-14966,0.98,-0.02
98036,7,2020,1215093,1185061,0.98,2460,481.73,2,5,3,2,2,6,30032,1.03,0.03
98223,7,1976,589896,589093,1,1220,482.86,1,3,2,2,2,50,803,1,0
98596,4,2005,474949,475050,1,2190,216.92,1,3,2,2,2,21,-101,1,0
98580,7,2008,610064,604920,0.99,2040,296.53,2,3,3,2,2,18,5144,1.01,0.01
98270,7,2025,940081,915067,0.97,2560,357.45,2,4,3,2,2,1,25014,1.03,0.03
98346,7,1926,798911,775065,0.97,1820,425.86,2,2,2,2,2,100,23846,1.03,0.03
98370,4,2008,989100,1014903,1.03,1600,634.31,1,3,2,2,2,18,-25803,0.97,-0.03
98345,6,1992,569974,449917,1,1810,324.3,2,3,0.5,2,2,34,43901,1.27,0.27
98052,7,1985,1222787,1462187.5,1.03,2090,680.56,2,4,3,1,2,41,-33595,0.84,-0.16
98148,0,1977,169094,170943,1.01,630,271.34,1,1.5,1,1,2,49,-1849,0.99,-0.01
98277,7,2000,765058,759945,0.99,1970,385.76,1,3,3,2,2,26,5113,1.01,0.01
98502,7,2025,1222787,1384965,1,3865,342.81,2,4,3,3,2,1,-121,0.88,-0.12
98941,7,1909,574806,574943,1,2120,271.2,2,3,3,3,2,117,-137,1,0
98321,7,2005,689920,680063,0.99,2930,232.1,2,5,3,2,2,21,9857,1.01,0.01
98053,7,1989,1222787,1462187.5,0.96,3865,680.56,2,4,3,2,2,37,43901,0.84,-0.16
98045,7,1995,1222787,1367556,0.98,2680,510.28,1,4,3,2,2,31,32402,0.89,-0.11
98391,7,2001,620030,619860,1,1480,418.82,1,3,2,1,2,25,170,1,0
98275,7,1993,1079937,1045075,0.97,2790,374.58,1,3,2,1,2,33,34862,1.03,0.03
98370,7,1991,490084,499915,1.02,1440,347.16,2,3,3,1,2,35,-9831,0.98,-0.02
98029,7,2004,1222787,1462187.5,1,2390,654.77,2,4,3,2,2,22,168,0.84,-0.16
98052,0,1972,664821,639948,0.96,1660,385.51,1,3,2,1,2,54,24873,1.04,0.04
98310,7,1969,725074,754904,1.03,2220,340.05,2,3,3,1,2,57,-29830,0.96,-0.04
98258,7,2008,1222787,1349914,1.03,3865,347.92,2,4,4,3,2,18,-33595,0.91,-0.09
98026,7,1969,1095067,1095069,1,2640,414.8,1,5.5,3,2,2,57,-2,1,0
98003,5,1969,569974,669928,1,3830,174.92,2,3,0.5,2,2,57,-33595,0.85,-0.15
98277,7,1995,1222787,1462187.5,0.99,3720,411.31,2,4,4.5,1,2,31,20004,0.84,-0.16
98229,7,1998,959820,959958,1,2180,440.35,1,4,2,2,2,28,-138,1,0
98391,7,1993,749921,759939,1.01,1940,391.72,2,3,3,2,2,33,-10018,0.99,-0.01
98039,7,1953,1222787,1462187.5,1.03,2780,680.56,1,4,3,2,2,73,-33595,0.84,-0.16
98029,0,1995,448096,442050,0.99,1040,425.05,1,2,2,2,2,31,6046,1.01,0.01
98584,4,1995,439422,439425,1,1660,264.71,1,3,2,1,2,31,-3,1,0
98685,4,1997,184914,185074,1,1850,100.04,1,4,2,2,2,29,-160,1,0
98103,7,1926,1049806,1200066,1.03,1960,612.28,1,3,2,1,2,100,-33595,0.87,-0.13
98607,7,2015,1214097,1214058,1,3590,338.18,2,4,3,3,2,11,39,1,0
98065,7,2004,569974,1422099,1,3460,411.01,2,4,4,3,2,22,-33595,0.4,-0.6
98006,7,1979,1222787,1462187.5,1.03,3050,680.56,2,4,3,2,2,47,-33595,0.84,-0.16
98320,7,2016,335074,335074,1,520,644.37,1,1.5,1,2,2,10,0,1,0
98117,7,2025,850037,849864,1,1050,680.56,2,2,2,1,2,1,173,1,0
99354,7,2025,579834,570068,0.98,2190,260.31,1,4,2,2,2,1,9766,1.02,0.02
98580,7,1920,1074914,1074940,1,3865,218.93,2,5,2,2,2,106,-26,1,0
98516,7,2006,569054,569084,1,2340,243.2,2,4,3,2,2,20,-30,1,0
98371,7,1977,585096,585089,1,1780,328.7,1,4,2,2,2,49,7,1,0
98816,7,2006,1222787,1462187.5,0.98,2430,680.56,1,3,4,2,2,20,30145,0.84,-0.16
98682,7,2002,509917,509922,1,2010,253.69,2,4,2,2,2,24,-5,1,0
98126,0,1992,314950,304950,0.97,740,412.09,1,1.5,1,1,2,34,10000,1.03,0.03
98022,7,2023,975057,975082,1,1950,500.04,1,3,2,2,2,3,-25,1,0
98590,7,1930,145100,145081,1,1250,116.06,1,3,1,1,2,96,19,1,0
98584,7,1977,398908,392429,0.98,1750,224.25,2,3,2,1,2,49,6479,1.02,0.02
98115,7,2025,1222787,1462187.5,0.97,3865,680.56,2,5,4.5,3,2,1,43901,0.84,-0.16
98122,8,2017,814056,807401,0.99,1710,472.16,2,3,4,1,2,9,6655,1.01,0.01
98119,7,1909,1222787,1462187.5,1.03,2960,680.56,2,4,4,1,2,117,-33595,0.84,-0.16
98004,7,2025,1222787,1462187.5,0.96,3865,680.56,2,5,4.5,3,2,1,43901,0.84,-0.16
98418,7,1909,429942,439914,1.02,1210,363.57,2,3,2,1,2,117,-9972,0.98,-0.02
98802,7,1944,449917,438926,0.98,830,528.83,1,3,2,1,2,82,10991,1.03,0.03
98310,7,1977,540836,530078,0.98,2870,184.7,2,3,3,2,2,49,10758,1.02,0.02
98272,7,1962,750037,689917,0.96,1920,359.33,1,4,2,2,2,64,43901,1.09,0.09
98671,7,1949,439971,445068,1.01,1040,427.95,1,2,1,2,2,77,-5097,0.99,-0.01
98052,7,1985,1222787,1462187.5,1.03,2150,680.56,2,4,3,1,2,41,-33595,0.84,-0.16
98258,7,2021,916834,900058,0.98,3420,263.17,3,4,4,3,2,5,16776,1.02,0.02
98276,7,2007,524923,509903,0.97,2390,213.35,2,4,3,2,2,19,15020,1.03,0.03
98223,7,2005,535090,540075,1.01,1370,394.22,1,3,2,2,2,21,-4985,0.99,-0.01
99016,7,2021,589849,589829,1,2310,255.34,2,5,3,3,2,5,20,1,0
98374,7,2021,683902,664934,0.97,3040,218.73,2,5,3,2,2,5,18968,1.03,0.03
98258,7,2007,599917,599914,1,1780,337.03,2,3,2,2,2,19,3,1,0
98277,7,2025,675094,674904,1,2050,329.22,1,4,2,1,2,1,190,1,0
98362,7,1928,139853,172589,1.03,1010,170.88,1,3,1,1,2,98,-32736,0.81,-0.19
99362,7,1949,375057,360077,0.96,1970,182.78,1,2,2,2,2,77,14980,1.04,0.04
98802,7,1979,559054,558926,1,2010,278.07,2,3,3,1,2,47,128,1,0
99223,7,1983,349811,357406,1.02,1530,233.6,2,3,2,2,2,43,-7595,0.98,-0.02
98512,4,2016,226941,214907,0.96,1440,149.24,1,3,2,2,2,10,12034,1.06,0.06
98373,7,2019,589943,604931,1.03,2650,228.28,2,5,3,3,2,7,-14988,0.98,-0.02
98951,7,1965,569974,126776,1,2050,61.84,1,3,2,2,2,61,43901,4.5,3.5
98033,7,2026,980046,980042,1,1320,680.56,2,2,3,1,2,0,4,1,0
98466,7,1983,1222787,1462187.5,1.03,3865,406.61,1,3,4,2,2,43,-33595,0.84,-0.16
99005,7,1962,475076,474948,1,1720,276.13,1,3,2,1,2,64,128,1,0
98683,7,1977,374940,374944,1,1240,302.37,1,3,2,2,2,49,-4,1,0
98902,0,1980,325067,317065,0.98,1350,234.86,1,2,2,2,2,46,8002,1.03,0.03
98074,7,1987,1222787,1310088,1.03,2310,567.14,1,4,2,2,2,39,-33595,0.93,-0.07
98802,7,1993,479942,480053,1,1320,363.68,1,3,2,1,2,33,-111,1,0
98005,7,1962,1222787,1462187.5,1.03,2550,680.56,2,4,3,1,2,64,-33595,0.84,-0.16
98444,7,1986,599050,589051,0.98,1890,311.67,1,3,2,2,2,40,9999,1.02,0.02
99337,7,1994,415066,417559,1.01,1720,242.77,1,3,2,2,2,32,-2493,0.99,-0.01
98033,8,2025,1222787,1398904,1,2080,672.55,2,4,4,1,2,1,34,0.87,-0.13
98607,7,1978,619816,595914,0.96,1790,332.91,2,4,3,2,2,48,23902,1.04,0.04
98418,7,1927,499854,525086,1.03,2830,185.54,2,4,2,2,2,99,-25232,0.95,-0.05
98941,7,2017,775057,770064,0.99,3420,225.16,2,5,4,3,2,9,4993,1.01,0.01
98058,7,1977,595090,610081,1.03,1800,338.93,2,4,2,2,2,49,-14991,0.98,-0.02
98023,7,1973,544917,559911,1.03,1340,417.84,1,4,2,1,2,53,-14994,0.97,-0.03
98408,7,1929,400099,419923,1.03,1280,328.06,2,3,1,1,2,97,-19824,0.95,-0.05
98662,0,2004,382804,382807,1,2190,174.8,3,3,2,2,2,22,-3,1,0
98022,7,1968,720005,711079,0.99,1780,399.48,1,3,2,1,2,58,8926,1.01,0.01
98908,7,1965,365086,364933,1,1880,194.11,1,4,2,1,2,61,153,1,0
98661,7,2023,453530,453532,1,1390,326.28,2,3,2,2,2,3,-2,1,0
98271,7,1988,550055,560098,1.02,1440,388.96,1,3,2,2,2,38,-10043,0.98,-0.02
98092,0,2004,315063,319908,1.02,800,399.88,2,1.5,1,1,2,22,-4845,0.98,-0.02
99217,7,2025,419898,422470,1.01,1740,242.8,2,4,3,2,2,1,-2572,0.99,-0.01
98837,4,2002,114923,104920,0.96,1460,71.86,1,3,2,2,2,24,10003,1.1,0.1
98072,8,2025,1222787,1462187.5,1,2580,581.43,2,4,4,3,2,1,-32,0.84,-0.16
98012,5,2005,1222787,1125088,0.96,2730,412.12,2,5.5,4,2,2,21,43901,1.09,0.09
98072,7,2022,1222787,1462187.5,1,2740,680.56,2,2,4,2,2,4,167,0.84,-0.16
98270,7,1972,540014,580064,1.03,1290,449.66,1,2,2,1,2,54,-33595,0.93,-0.07
98116,0,2026,1222787,1448904,1,2280,635.48,3,4,4,2,2,0,38,0.84,-0.16
98155,7,1967,725079,724901,1,960,680.56,1,3,1,1,2,59,178,1,0
98274,4,1991,145100,129947,0.96,1600,81.22,1,3,2,1,2,35,15153,1.12,0.12
98296,7,2005,1222787,1339949,0.97,3580,374.29,2,4,3,2,2,21,35110,0.91,-0.09
98274,7,2007,565063,565055,1,1520,371.75,2,3,3,2,2,19,8,1,0
98107,8,1999,784922,824931,1.03,1470,561.18,2,3,3,2,2,27,-33595,0.95,-0.05
98502,7,2011,570060,557942,0.98,2770,201.42,2,4,3,2,2,15,12118,1.02,0.02
98926,5,1915,579083,540094,0.96,3120,173.11,2,5.5,4,2,2,111,38989,1.07,0.07
98223,3,1992,250062,250096,1,1810,324.3,2,3,2,2,2,34,-34,1,0
98258,7,2018,799056,803059,1,2560,313.69,2,4,3,2,2,8,-4003,1,0
98467,0,1995,589063,563908,0.96,1700,331.71,1,3,2,2,2,31,25155,1.04,0.04
98672,7,1967,590097,589943,1,1200,491.62,1,3,1,1,2,59,154,1,0
98294,7,2025,554893,510090,0.96,1540,331.23,2,3,3,1,2,1,43901,1.09,0.09
98338,7,2010,670075,669932,1,3120,214.72,2,4,3,2,2,16,143,1,0
98682,7,2000,424930,427052,1,1010,422.82,1,3,2,2,2,26,-2122,1,0
98119,8,2000,1095091,1089929,1,1910,570.64,2,3,2,2,2,26,5162,1,0
99006,3,1992,181941,182091,1,1810,324.3,2,3,2,2,2,34,-150,1,0
98372,7,1946,585083,596403,1.02,2220,268.65,2,4,2,2,2,80,-11320,0.98,-0.02
98087,7,2013,1124916,1100056,0.98,2650,415.12,2,5,3,2,2,13,24860,1.02,0.02
98407,7,1981,549586,529908,0.96,1280,413.99,1,3,2,2,2,45,19678,1.04,0.04
98118,7,1959,1222787,1462187.5,1.03,3050,680.56,1,4,4,2,2,67,-33595,0.84,-0.16
98248,7,2008,499913,494927,0.99,1220,405.68,1,3,2,2,2,18,4986,1.01,0.01
99352,7,1978,425081,418445,0.98,1580,264.84,1,3,2,2,2,48,6636,1.02,0.02
98375,7,2012,599906,618099,1.03,2520,245.28,2,4,3,2,2,14,-18193,0.97,-0.03
98034,5,1981,1222787,1252890,1,2100,596.61,2,4,2,2,2,45,-2832,0.98,-0.02
98033,8,2010,1222787,1462187.5,1.03,3330,680.56,2,3,4,2,2,16,-33595,0.84,-0.16
99208,7,1959,319908,306913,0.96,1250,245.53,2,4,2,2,2,67,12995,1.04,0.04
98648,7,2006,618936,619094,1,1870,331.07,1,3,2,2,2,20,-158,1,0
98903,7,2012,749912,700057,0.96,2100,333.36,1,3,2,2,2,14,43901,1.07,0.07
98366,7,2002,489945,510062,1.03,1600,318.79,1,3,2,2,2,24,-20117,0.96,-0.04
98593,4,1975,370086,369949,1,2760,134.04,2,3,2,2,2,51,137,1,0
98012,7,1985,985080,985074,1,1920,513.06,2,4,3,1,2,41,6,1,0
98270,7,1922,490058,479425,0.98,1060,452.29,2,2,1,1,2,104,10633,1.02,0.02
98033,8,2026,987941,973949,0.99,1310,680.56,2,2,3,1,2,0,13992,1.01,0.01
99336,4,1986,319312,324917,1.02,1460,222.55,1,3,2,2,2,40,-5605,0.98,-0.02
98550,7,1914,220062,227050,1.03,1160,195.73,1,2,1,1,2,112,-6988,0.97,-0.03
98270,7,1984,410075,420090,1.02,1270,330.78,1,4,2,2,2,42,-10015,0.98,-0.02
98374,7,1970,429897,429865,1,1290,333.23,1,3,1,1,2,56,32,1,0
98930,7,2000,295099,295091,1,1260,234.2,1,3,2,2,2,26,8,1,0
98271,5,2000,825077,835056,1.01,2330,358.39,2,5.5,4,2,2,26,-9979,0.99,-0.01
98116,0,1993,584903,579906,0.99,1040,557.6,1,2,2,2,2,33,4997,1.01,0.01
98122,7,1986,1222787,1462187.5,0.97,2630,570.37,2,3,3,1,2,40,43901,0.84,-0.16
98371,7,1973,609940,610094,1,2070,294.73,2,3,3,2,2,53,-154,1,0
99006,3,1992,181919,182085,1,1810,324.3,2,3,2,2,2,34,-166,1,0
98531,7,1950,488920,480083,0.98,1720,279.12,1,4,2,1,2,76,8837,1.02,0.02
98116,7,1916,859090,819051,0.96,1800,455.03,1,3,2,2,2,110,40039,1.05,0.05
98002,4,1981,75097,57415,0.96,1050,54.68,1,2,2,2,2,45,17682,1.31,0.31
98258,7,1992,569974,1462187.5,1,2630,566.57,1,5,3,2,2,34,-33595,0.39,-0.61
98204,7,2012,634943,659907,1.03,1660,397.53,2,4,3,2,2,14,-24964,0.96,-0.04
98155,8,2025,729885,730034,1,1480,493.27,2,3,3,1,2,1,-149,1,0
98648,3,1992,289904,289947,1,1810,324.3,2,3,2,2,2,34,-43,1,0
98119,0,2002,1200077,1462187.5,1.03,2940,505.41,1,2,3,2,2,24,-33595,0.82,-0.18
98392,7,2021,499094,494947,0.99,1660,298.16,2,3,3,1,2,5,4147,1.01,0.01
98579,7,2005,534922,519935,0.97,1790,290.47,1,3,2,2,2,21,14987,1.03,0.03
98528,7,1991,350052,360061,1.03,1060,339.68,1,3,1,1,2,35,-10009,0.97,-0.03
98292,8,2006,369826,374999,1.01,1330,281.95,2,4,3,1,2,20,-5173,0.99,-0.01
98506,7,1980,424908,340057,0.96,1020,333.39,1,3,2,1,2,46,43901,1.25,0.25
99362,0,1972,125083,123907,0.99,890,139.22,2,2,2,1,2,54,1176,1.01,0.01
98284,7,2001,449944,460061,1.02,1300,353.89,1,3,2,2,2,25,-10117,0.98,-0.02
99138,3,1992,165060,163083,0.99,1810,324.3,2,3,0.5,2,2,34,1977,1.01,0.01
98908,7,2007,498907,479946,0.96,2040,235.27,1,3,3,2,2,19,18961,1.04,0.04
98404,7,1909,314901,325069,1.03,680,478.04,1,1.5,1,1,2,117,-10168,0.97,-0.03
98391,4,1980,435088,442081,1.02,1340,329.91,1,3,2,2,2,46,-6993,0.98,-0.02
98604,7,2025,461202,461343,1,1600,288.34,2,3,2,2,2,1,-141,1,0
98270,8,1980,270031,277906,1.03,1000,277.91,2,2,2,1,2,46,-7875,0.97,-0.03
98335,7,2004,569974,875091,1,3030,288.81,2,3,3,3,2,22,-33595,0.65,-0.35
98106,7,1926,474918,442076,0.96,1410,313.53,1,1.5,1,1,2,100,32842,1.07,0.07
98002,0,1981,188080,187935,1,580,324.03,1,1.5,1,1,2,45,145,1,0
98548,7,2003,539073,500063,0.96,1620,308.68,1,3,2,2,2,23,39010,1.08,0.08
98944,7,1940,279938,280100,1,1550,180.71,2,4,1,1,2,86,-162,1,0
98922,7,1935,274886,250081,0.96,1100,227.35,2,3,1,1,2,91,24805,1.1,0.1
98391,7,2021,479088,474904,0.99,1370,346.65,1,2,2,1,2,5,4184,1.01,0.01
98604,7,2013,536947,537072,1,2130,252.15,2,4,2,2,2,13,-125,1,0
99208,7,1945,279954,278826,1,1850,150.72,2,3,2,2,2,81,1128,1,0
98271,7,1969,564970,565092,1,1290,438.06,1,3,2,1,2,57,-122,1,0
98374,7,2017,609089,618914,1.02,2380,260.05,2,4,3,2,2,9,-9825,0.98,-0.02
99114,7,2006,300083,273060,0.96,720,379.25,2,1.5,1,1,2,20,27023,1.1,0.1
99354,7,1994,569974,290076,1,1440,201.44,1,3,2,2,2,32,43901,1.96,0.96
98557,7,1962,254077,200060,0.96,1230,162.65,1,3,2,1,2,64,43901,1.27,0.27
98178,7,2024,1025845,1025812,1,3240,316.61,3,4,4,3,2,2,33,1,0
98631,7,1968,224934,224949,1,1080,208.29,1,2,1,2,2,58,-15,1,0
98503,7,2016,639846,639992,1,2730,234.43,2,4,3,2,2,10,-146,1,0
98065,7,2003,949911,940097,0.99,1700,553,2,3,3,2,2,23,9814,1.01,0.01
99224,7,1940,293088,295449,1.01,1100,268.59,2,2,2,2,2,86,-2361,0.99,-0.01
99205,7,1954,300063,300082,1,2350,127.69,1,4,1,1,2,72,-19,1,0
99337,5,1975,649964,671054,1.03,3690,181.86,2,5.5,4,3.5,2,51,-21090,0.97,-0.03
98631,7,1928,279066,269568,0.97,730,369.27,1,2,1,1,2,98,9498,1.04,0.04
98008,7,1958,1149905,1199933,1.03,960,680.56,1,3,1,2,2,68,-33595,0.96,-0.04
99173,4,1983,230074,214924,0.96,1000,214.92,1,2,2,2,2,43,15150,1.07,0.07
99212,7,2024,429088,433194,1.01,1440,300.83,1,3,2,2,2,2,-4106,0.99,-0.01
98391,7,2025,735737,734738,1,1850,397.16,1,3,2,2,2,1,999,1,0
98034,0,1980,379865,379930,1,930,408.53,1,2,1,1,2,46,-65,1,0
98204,7,1965,569974,1199946,1,2100,571.4,1,3,2,2,2,61,-33595,0.47,-0.53
98178,0,1983,250064,245095,0.98,820,298.9,2,1.5,1,1,2,43,4969,1.02,0.02
98604,7,1996,569974,509934,1,1960,260.17,2,3,3,2,2,30,43901,1.12,0.12
98199,0,1996,335086,333073,0.99,690,482.71,1,1.5,1,1,2,30,2013,1.01,0.01
98391,7,1992,554911,555054,1,1600,346.91,2,3,3,2,2,34,-143,1,0
98028,0,2026,614672,614834,1,1190,516.67,1,2,2,2,2,0,-162,1,0
98684,7,1978,404538,404678,1,1380,293.24,2,4,2,2,2,48,-140,1,0
98112,7,2015,1222787,1462187.5,0.97,3660,581.94,2,5,4,1,2,11,43901,0.84,-0.16
98028,0,2024,649853,585066,0.96,1330,439.9,1,2,2,1,2,2,43901,1.11,0.11
98569,3,1992,195066,180078,0.96,1810,324.3,2,3,2,2,2,34,14988,1.08,0.08
98290,7,1977,569974,805094,1,3250,247.72,1,4,3,3,2,49,-33595,0.71,-0.29
98390,7,1945,550011,550018,1,2400,229.17,2,4,3,2,2,81,-7,1,0
99208,7,2011,404930,404935,1,1310,309.11,2,3,2,2,2,15,-5,1,0
98661,7,1910,425070,424948,1,1800,236.08,2,2,1,1,2,116,122,1,0
99163,0,1971,225067,215096,0.96,2000,107.55,2,4,2,1,2,55,9971,1.05,0.05
98270,7,2006,439863,432055,0.98,1040,415.44,1,2,2,2,2,20,7808,1.02,0.02
98116,7,1928,949920,1084940,1.03,1560,680.56,2,4,2,1,2,98,-33595,0.88,-0.12
98387,7,1909,398926,399057,1,970,411.4,1,2,1,2,2,117,-131,1,0
98374,7,2005,569974,505086,1,2110,239.38,2,4,2,2,2,21,43901,1.13,0.13
98607,0,2025,599079,599068,1,2150,278.64,3,4,3,3,2,1,11,1,0
98404,7,1962,569974,434915,1,1130,384.88,1,2,1,1,2,64,43901,1.31,0.31
98642,7,2025,569974,1011749,1,3080,328.49,2,4,3,2,2,1,-33595,0.56,-0.44
98178,7,1957,489879,527950,1.03,1500,351.97,1,4,2,1,2,69,-33595,0.93,-0.07
99350,3,1992,99957,80065,0.96,1810,324.3,2,3,2,2,2,34,19892,1.25,0.25
98405,7,1909,549069,557050,1.01,1800,309.47,2,3,2,1,2,117,-7981,0.99,-0.01
99205,7,1911,269937,265053,0.98,1830,144.84,1,2,1,1,2,115,4884,1.02,0.02
98281,7,1955,569974,399926,1,940,425.45,1,2,1,1,2,71,43901,1.43,0.43
98922,3,1992,354907,342437,0.96,1810,324.3,2,3,2,2,2,34,12470,1.04,0.04
99362,7,2000,354950,355054,1,1430,248.29,1,4,2,1,2,26,-104,1,0
98528,4,1968,170079,158930,0.96,960,165.55,1,2,1,1,2,58,11149,1.07,0.07
98272,7,1998,599917,584927,0.98,1710,342.06,2,3,3,1,2,28,14990,1.03,0.03
98118,8,2019,569974,555100,1,1150,482.7,2,2,3,1,2,7,14874,1.03,0.03
98108,7,1952,579073,565417,0.98,1090,518.73,1,2,2,1,2,74,13656,1.02,0.02
99101,6,1992,569974,124930,1,1810,324.3,2,3,0.5,2,2,34,43901,4.56,3.56
98671,7,1985,569974,439926,1,3360,130.93,2,4,4,3,2,41,43901,1.3,0.3
98828,7,1992,569974,470604,1,1810,324.3,2,3,0.5,2,2,34,43901,1.21,0.21
98604,3,1992,599932,600069,1,1810,324.3,2,3,2,2,2,34,-137,1,0
98021,7,2026,1222787,1279921,1.02,2850,449.1,2,5,3,2,2,0,-30859,0.96,-0.04
98274,3,1992,199431,189949,0.96,1810,324.3,2,3,2,2,2,34,9482,1.05,0.05
98611,3,1992,174939,175096,1,1810,324.3,2,3,2,2,2,34,-157,1,0
98801,7,2022,569974,874924,1,3250,269.21,2,4,1,2,2,4,-33595,0.65,-0.35
98103,8,2026,1070050,1069810,1,1650,648.37,2,2,3,1,2,0,240,1,0
98102,0,1985,379944,355064,0.96,600,591.77,1,1.5,1,1,2,41,24880,1.07,0.07
98406,7,1925,569974,300092,1,1730,173.46,2,3,1,1,2,101,43901,1.9,0.9
99114,7,1979,569974,470938,1,3400,138.51,2,3,2,3,2,47,43901,1.21,0.21
98101,0,2023,831081,830903,1,670,680.56,1,1.5,1,1,2,3,178,1,0
98370,7,1973,569974,1462187.5,1,3865,680.56,2,5.5,4.5,3.5,2,53,-33595,0.39,-0.61
98155,7,1978,919900,944918,1.03,1740,543.06,3,3,3,1,2,48,-25018,0.97,-0.03
98178,7,1944,569974,424940,1,1610,263.94,1,4,2,2,2,82,43901,1.34,0.34
98513,7,2005,569974,403700,1,2420,166.82,1,3,3,2,2,21,43901,1.41,0.41
98104,0,2000,199921,180059,0.96,770,233.84,1,1.5,1,1,2,26,19862,1.11,0.11
98391,3,1992,49918,50051,1,1810,324.3,2,3,2,2,2,34,-133,1,0
98103,7,1920,569974,1150072,1,2510,458.2,2,5,3,2,2,106,-33595,0.5,-0.5
98110,3,1992,898069,750092,0.96,1810,324.3,2,3,2,2,2,34,43901,1.2,0.2
98626,7,1925,169962,160096,0.96,410,390.48,1,1.5,1,1,2,101,9866,1.06,0.06
98033,7,1992,569974,1462187.5,1,1810,324.3,2,3,0.5,2,2,34,-33595,0.39,-0.61
98034,7,1968,569974,885078,1,970,680.56,1,3,1,1,2,58,-33595,0.64,-0.36
98117,7,1947,569974,875096,1,2130,410.84,1,3,4.5,3,2,79,-33595,0.65,-0.35
98112,7,1925,569974,1125075,1,1780,632.06,2,3,2,2,2,101,-33595,0.51,-0.49
98382,7,1985,750072,747074,1,2120,352.39,2,3,3,2,2,41,2998,1,0
98008,7,1966,569974,1249941,1,1560,680.56,1,4,2,2,2,60,-33595,0.46,-0.54
98103,8,2003,624912,625090,1,1310,477.17,2,3,2,2,2,23,-178,1,0
98002,7,1922,569974,245684,1,940,261.37,1,2,1,1,2,104,43901,2.32,1.32
98033,7,2025,1222787,1462187.5,0.97,3030,679.85,2,5,3,2,2,1,43901,0.84,-0.16
98922,7,1970,569974,685068,1,1340,511.24,1,3,1,1,2,56,-33595,0.83,-0.17
99001,7,1979,288927,250080,0.96,1390,179.91,1,3,1,1,2,47,38847,1.16,0.16
99171,7,1909,160934,161063,1,1130,142.53,1,3,1,1,2,117,-129,1,0
99352,7,2025,590072,589922,1,1800,327.73,1,3,2,2,2,1,150,1,0
98002,7,1909,569974,350066,1,890,393.33,2,3,1,1,2,117,43901,1.63,0.63
99301,4,1976,29404,26920,0.96,920,29.26,1,2,1,1,2,50,2484,1.09,0.09
99207,7,1909,234910,240086,1.02,1370,175.25,2,3,1,1,2,117,-5176,0.98,-0.02
98004,0,1992,569974,1462187.5,1,1580,680.56,2,3,4,2,2,34,-33595,0.39,-0.61
98446,7,2026,549890,550007,1,1770,310.74,2,3,3,1,2,0,-117,1,0
98526,3,1992,84905,59933,0.96,1810,324.3,2,3,2,2,2,34,24972,1.42,0.42
98006,7,1979,1222787,1462187.5,1.03,2520,680.56,2,4,3,1,2,47,-33595,0.84,-0.16
98002,0,2008,569974,429934,1,1250,343.95,2,2,3,2,2,18,43901,1.33,0.33
98569,3,1992,50042,50003,1,1810,324.3,2,3,2,2,2,34,39,1,0
98642,7,1962,384917,385066,1,720,534.81,1,2,1,1,2,64,-149,1,0
98404,7,1978,569974,383084,1,1040,368.35,1,3,1,1,2,48,43901,1.49,0.49
99026,7,1963,569974,663917,1,1040,638.38,1,2,1,1,2,63,-33595,0.86,-0.14
98671,7,1948,569974,255056,1,920,277.23,1,2,1,1,2,78,43901,2.23,1.23
98371,4,1967,40031,38084,0.96,670,56.84,1,2,1,2,2,59,1947,1.05,0.05
98042,7,2025,825044,825009,1,2470,334.01,2,5,3,2,2,1,35,1,0
98520,7,1966,587075,570087,0.97,3700,154.08,2,5,3,1,2,60,16988,1.03,0.03
98391,7,2025,569974,735024,1,1850,397.31,1,3,1,2,2,1,-33595,0.78,-0.22
98632,7,1935,569974,479944,1,3020,158.92,2,4,4,2,2,91,43901,1.19,0.19
98233,7,1946,315060,299933,0.96,1970,152.25,1,4,2,1,2,80,15127,1.05,0.05
98003,7,2026,694893,710041,1.02,2070,343.01,2,3,3,2,2,0,-15148,0.98,-0.02
99206,7,2017,849907,860072,1.01,3640,236.28,1,5,3,3,2,9,-10165,0.99,-0.01
98107,7,1927,569974,700085,1,840,680.56,1,2,1,1,2,99,-33595,0.81,-0.19
98664,7,1997,565075,560088,0.99,1870,299.51,2,3,2,2,2,29,4987,1.01,0.01
99216,7,1955,324937,325051,1,1320,246.25,1,3,1,1,2,71,-114,1,0
98126,8,2007,498939,499097,1,960,519.89,2,2,2,1,2,19,-158,1,0
99338,7,2000,599980,610933,1.02,2500,244.37,1,4,3,3,2,26,-10953,0.98,-0.02
98034,0,1980,569974,379910,1,930,408.51,3,2,1,1,2,46,43901,1.5,0.5
98629,7,2005,677072,676927,1,2440,277.43,1,3,2,2,2,21,145,1,0
99224,7,2024,559943,560079,1,2760,202.93,2,4,3,1,2,2,-136,1,0
98392,7,2001,409062,404068,0.99,730,553.52,1,2,1,1,2,25,4994,1.01,0.01
98030,7,1990,570057,585093,1.03,1650,354.6,2,3,3,2,2,36,-15036,0.97,-0.03
99352,7,2018,458905,450055,0.98,1800,250.03,1,3,2,2,2,8,8850,1.02,0.02
99204,6,1909,569974,1462187.5,1,3865,279.31,3,5.5,4,3,2,117,-33595,0.39,-0.61
98310,0,1980,569974,220372,1,750,293.83,2,2,1,1,2,46,43901,2.59,1.59
99224,7,2017,649953,650095,1,2280,285.13,2,4,3,3,2,9,-142,1,0
98103,8,2024,569974,1069849,1,1720,622.01,3,2,4,2,2,2,-33595,0.53,-0.47
99216,7,1972,449904,440050,0.98,2010,218.93,1,4,2,1,2,54,9854,1.02,0.02
98640,4,2005,299930,310054,1.03,1400,221.47,1,3,2,2,2,21,-10124,0.97,-0.03
99338,7,1986,539983,524923,0.97,2680,195.87,1,4,3,3,2,40,15060,1.03,0.03
98310,7,1963,499959,485063,0.97,2440,198.8,2,3,3,2,2,63,14896,1.03,0.03
98274,7,2021,814943,814920,1,2020,403.43,1,3,3,2,2,5,23,1,0
98684,7,1993,899813,899809,1,2480,362.83,1,4,2,2,2,33,4,1,0
98019,8,1992,569974,675041,1,1810,324.3,2,3,0.5,2,2,34,-33595,0.84,-0.16
98377,7,1936,349928,352076,1.01,1340,262.74,1,2,1,1,2,90,-2148,0.99,-0.01
98607,7,2013,1222787,1462187.5,1,3865,670.51,2,4,4,3.5,2,13,-21,0.84,-0.16
98225,0,1996,760050,759929,1,1240,612.85,2,3,2,1,2,30,121,1,0
98294,7,1909,509923,495903,0.97,1400,354.22,2,3,2,1,2,117,14020,1.03,0.03
99163,5,1919,1222787,1399917,0.96,3865,139.99,2,3,4.5,3.5,2,107,43901,0.87,-0.13
98021,7,1987,674810,674808,1,1620,416.55,1,2,2,2,2,39,2,1,0
99216,7,1949,359909,369923,1.03,1590,232.66,2,2,2,2,2,77,-10014,0.97,-0.03
98008,7,1965,569974,1450069,1,950,680.56,1,3,1,1,2,61,-33595,0.39,-0.61
99301,7,1982,398914,373944,0.96,1260,296.78,1,3,2,1,2,44,24970,1.07,0.07
98640,3,1992,175054,174902,1,1810,324.3,2,3,2,2,2,34,152,1,0
98012,0,1998,389994,389839,1,1020,382.2,1,3,2,2,2,28,155,1,0
98604,7,2025,569974,613954,1,1840,333.67,1,3,2,2,2,1,-33595,0.93,-0.07
99212,7,2019,569974,476939,1,1980,240.88,1,3,3,3,2,7,43901,1.2,0.2
98671,7,2023,1222787,1462187.5,1,3865,359.05,2,4,3,3,2,3,174,0.84,-0.16
98021,8,2024,569974,1050080,1,2360,444.95,2,4,4.5,3.5,2,2,-33595,0.54,-0.46
99338,7,2026,964950,950091,0.98,2420,392.6,1,3,3,1,2,0,14859,1.02,0.02
99203,7,1936,464919,460927,0.99,1940,237.59,2,4,2,2,2,90,3992,1.01,0.01
98087,7,1958,569974,760055,1,1840,413.07,1,4,1,1,2,68,-33595,0.75,-0.25
99205,7,2003,284919,291431,1.02,1270,229.47,2,3,1,1,2,23,-6512,0.98,-0.02
98663,7,1945,540089,539940,1,1460,369.82,2,3,2,2,2,81,149,1,0
98240,4,1994,569974,349922,1,1780,196.59,2,5.5,4,3.5,2,32,43901,1.63,0.63
98682,7,2018,839838,839963,1,3440,244.18,2,5,3,3,2,8,-125,1,0
98363,7,2008,599061,598901,1,1650,362.97,2,3,2,2,2,18,160,1,0
99208,7,1909,300060,290239,0.97,2370,122.46,2,3,1,1,2,117,9821,1.03,0.03
99212,7,2010,734945,734934,1,3050,240.96,1,4,3,3,2,16,11,1,0
99350,7,2021,1049938,999900,0.96,3010,332.19,1,4,4,2,2,5,43901,1.05,0.05
98340,7,2015,569974,524924,1,1180,444.85,1,2,2,2,2,11,43901,1.09,0.09
98837,7,1992,598935,596442,1,3340,178.58,2,5,3,1,2,34,2493,1,0
98006,7,1991,1222787,1462187.5,1.01,2780,680.56,2,3,3,2,2,35,-24837,0.84,-0.16
98029,7,2018,1222787,1462187.5,0.97,2500,680.56,2,4,3,2,2,8,43901,0.84,-0.16
98606,7,1992,1222787,1274914,0.98,3060,416.64,2,5,3,2,2,34,25173,0.96,-0.04
98930,3,1992,29923,29921,1,1810,324.3,2,3,2,2,2,34,2,1,0
99223,3,1992,149934,150087,1,1810,324.3,2,3,2,2,2,34,-153,1,0
98862,7,2022,549903,528903,0.96,2120,249.48,2,3,3,2,2,4,21000,1.04,0.04
98270,7,2021,695060,704913,1.01,1940,363.36,2,3,3,1,2,5,-9853,0.99,-0.01
99004,4,1978,60023,52567,0.96,840,62.58,1,2,1,1,2,48,7456,1.14,0.14
98221,7,2006,1069927,1096940,1.03,3060,358.48,1,3,3,1,2,20,-27013,0.98,-0.02
98501,7,2010,750087,741924,0.99,2360,314.37,2,3,2,2,2,16,8163,1.01,0.01
98581,7,1923,265077,265072,1,1050,252.45,1,2,1,1,2,103,5,1,0
98502,7,2025,1222787,1184935,0.96,3430,345.46,2,3,4,3,2,1,43901,1.03,0.03
98391,7,2019,700046,698909,1,2720,256.95,2,5,3,2,2,7,1137,1,0
98146,7,1964,1222787,1462187.5,1,3865,545.88,2,5,4,2,2,62,165,0.84,-0.16
98042,7,1973,1048906,1048931,1,3865,237.85,2,4,3,1,2,53,-25,1,0
98118,5,1981,569974,800084,1,2740,292,1,5.5,3,3,2,45,-33595,0.71,-0.29
99205,7,1977,374904,365900,0.98,1790,204.41,2,4,2,2,2,49,9004,1.02,0.02
98366,7,2018,564891,555050,0.98,2090,265.57,2,3,2,2,2,8,9841,1.02,0.02
98589,6,1918,569974,527868,1,3865,41.21,1,3,0.5,2,2,108,42106,1.08,0.08
98223,7,1993,699931,698587,1,1750,399.19,3,3,3,1,2,33,1344,1,0
98367,7,1975,1222787,1462187.5,1,1960,680.56,2,3,3,1,2,51,174,0.84,-0.16
98632,7,1966,599844,600090,1,3010,199.37,1,3,3,1,2,60,-246,1,0
98004,7,1952,1222787,1462187.5,0.96,3865,569.96,1,5.5,4.5,2,2,74,43901,0.84,-0.16
98682,7,1996,494905,494947,1,1450,341.34,1,3,2,2,2,30,-42,1,0
98070,7,1981,897948,890072,0.99,2660,334.61,1,3,4,1,2,45,7876,1.01,0.01
99201,4,1969,50063,49930,1,790,63.2,1,2,1,1,2,57,133,1,0
98230,7,1990,1199946,1195093,1,3340,357.81,1,3,3,1,2,36,4853,1,0
98580,3,1992,569974,1075057,1,1810,324.3,2,3,0.5,2,2,34,-33595,0.53,-0.47
99185,7,1915,324931,300057,0.96,2110,142.21,3,4,2,2,2,111,24874,1.08,0.08
98272,7,2001,768081,750057,0.98,2360,317.82,1,3,3,2,2,25,18024,1.02,0.02
98374,7,2017,625063,625078,1,2280,274.16,2,4,3,2,2,9,-15,1,0
98251,3,1992,569974,18100,1,1810,324.3,2,3,0.5,2,2,34,43901,31.49,30.49
98020,7,1963,1222787,1462187.5,0.97,2470,680.56,1,4,3,1,2,63,43901,0.84,-0.16
98290,7,1986,784903,790091,1.01,1700,464.76,2,3,3,1,2,40,-5188,0.99,-0.01
98036,7,1984,1088902,1054907,0.97,1990,530.1,2,3,3,1,2,42,33995,1.03,0.03
98823,7,1956,279939,299920,1.03,1780,168.49,1,3,2,1,2,70,-19981,0.93,-0.07
98685,7,1990,589841,589819,1,1880,313.73,2,3,2,2,2,36,22,1,0
98612,7,2014,547552,499938,0.96,2270,220.24,1,3,2,1,2,12,43901,1.1,0.1
98823,3,1992,18098,15402,0.96,1810,324.3,2,3,2,2,2,34,2696,1.17,0.18
98611,7,2021,429086,409910,0.96,1510,271.46,1,3,2,2,2,5,19176,1.05,0.05
98579,4,1993,499088,490094,0.98,2080,235.62,1,3,3,2,2,33,8994,1.02,0.02
98502,7,1996,748064,754900,1.01,3300,228.76,2,3,4,3,2,30,-6836,0.99,-0.01
98422,7,1989,749082,705067,0.96,2440,288.96,2,4,3,2,2,37,43901,1.06,0.06
98290,7,2021,1222787,1175057,0.96,3070,382.75,2,3,3,3,2,5,43901,1.04,0.04
99006,4,1993,344916,339907,0.99,920,369.46,1,3,2,2,2,33,5009,1.01,0.01
99206,7,2018,446621,449926,1.01,1740,258.58,1,3,2,2,2,8,-3305,0.99,-0.01
98052,7,2025,1222787,1462187.5,0.97,3865,680.56,2,5,4.5,2,2,1,43901,0.84,-0.16
98391,7,1960,1195086,1170085,0.98,2140,546.77,1,3,2,1,2,66,25001,1.02,0.02
98023,7,1963,674918,675063,1,2700,250.02,2,4,3,3,2,63,-145,1,0
98274,7,1953,684878,680068,0.99,2430,279.86,1,4,3,1,2,73,4810,1.01,0.01
98252,7,1988,899941,884919,0.98,1850,478.33,2,3,2,1,2,38,15022,1.02,0.02
98363,7,2007,949949,935070,0.98,1970,474.65,1,3,2,2,2,19,14879,1.02,0.02
98284,7,2024,680997,680964,1,1800,378.31,1,3,2,1,2,2,33,1,0
99207,7,1909,378936,378940,1,2840,133.43,2,4,3,2,2,117,-4,1,0
98465,7,1952,695065,725083,1.03,2520,287.73,1,4,3,1,2,74,-30018,0.96,-0.04
98087,7,1975,995916,956949,0.96,2670,358.41,2,5.5,3,2,2,51,38967,1.04,0.04
98311,7,1958,429063,435054,1.01,1300,334.66,1,3,2,2,2,68,-5991,0.99,-0.01
98332,7,2026,1222787,1462187.5,1.03,3760,525.45,2,4,4,3,2,0,-33595,0.84,-0.16
98383,7,2008,644814,634913,0.98,1880,337.72,3,3,3,2,2,18,9901,1.02,0.02
98383,7,1991,694920,694949,1,3050,227.85,2,4,3,2,2,35,-29,1,0
98466,7,1952,470083,470071,1,860,546.59,1,2,1,1,2,74,12,1,0
98332,7,2018,849900,849944,1,2940,289.1,2,4,3,2,2,8,-44,1,0
99025,7,1980,434927,424921,0.98,2000,212.46,1,5,2,1,2,46,10006,1.02,0.02
98119,5,1915,1222787,1453949,1.03,2780,523,2,4,2,2,2,111,-33595,0.84,-0.16
98045,7,2021,1222787,1299051,1,3420,379.84,2,5,4,2,2,5,817,0.94,-0.06
98516,7,2007,488943,488930,1,1410,346.76,1,2,2,1,2,19,13,1,0
98445,7,1994,550058,530085,0.96,1690,313.66,2,3,3,1,2,32,19973,1.04,0.04
98684,7,1975,574912,575055,1,1840,312.53,2,4,2,2,2,51,-143,1,0
98027,7,2012,1222787,1462187.5,1,2760,538.02,2,4,4,3,2,14,159,0.84,-0.16
98034,3,1992,349909,349909,1,1810,324.3,2,3,2,2,2,34,0,1,0
98371,7,1955,699936,714919,1.02,1840,388.54,1,4,2,2,2,71,-14983,0.98,-0.02
98230,7,2026,583900,579912,0.99,1730,335.21,1,3,2,1,2,0,3988,1.01,0.01
98121,6,1998,569974,330066,1,550,600.12,1,3,1,1,2,28,43901,1.73,0.73
99122,7,1920,243917,233902,0.96,1400,167.07,2,4,2,1,2,106,10015,1.04,0.04
98239,7,1996,774942,774943,1,1890,410.02,1,3,2,1,2,30,-1,1,0
99337,7,2002,470096,474920,1.01,2360,201.24,2,4,3,2,2,24,-4824,0.99,-0.01
98685,7,1973,495066,495072,1,1820,272.02,2,4,2,2,2,53,-6,1,0
98022,7,1991,615090,615051,1,1670,368.29,2,4,3,2,2,35,39,1,0
98837,7,2019,285066,284902,1,1660,171.63,2,3,2,1,2,7,164,1,0
98001,7,2015,910090,910085,1,3270,278.31,2,4,3,2,2,11,5,1,0
98251,7,1995,525073,525061,1,1360,386.07,1,3,2,2,2,31,12,1,0
98367,4,1993,474947,464948,0.98,1510,307.91,1,3,2,1,2,33,9999,1.02,0.02
98327,7,1913,425059,415084,0.98,1290,321.77,2,2,2,2,2,113,9975,1.02,0.02
98223,7,1985,1222787,1409923,0.98,3865,270.1,3,4,4,2,2,41,35161,0.87,-0.13
98092,7,2001,665059,666948,1,2040,326.94,2,4,3,2,2,25,-1889,1,0
98501,0,1987,275064,269900,0.98,790,341.65,1,2,2,2,2,39,5164,1.02,0.02
98019,7,1984,600077,574914,0.96,1540,373.32,1,4,2,2,2,42,25163,1.04,0.04
98371,7,1979,760012,745927,0.98,2330,320.14,2,4,3,1,2,47,14085,1.02,0.02
98625,7,2019,458944,472738,1.03,1690,279.73,2,3,3,2,2,7,-13794,0.97,-0.03
98264,2,1959,1222787,1462187.5,0.96,2560,680.56,1,4,2,2,2,67,43901,0.84,-0.16
98391,7,2025,774815,774973,1,2720,284.92,2,4,3,2,2,1,-158,1,0
98117,0,1968,524913,514948,0.98,800,643.68,1,1.5,1,1,2,58,9965,1.02,0.02
98338,7,1996,490097,489931,1,1320,371.16,1,3,2,2,2,30,166,1,0
99354,7,1948,619944,634939,1.02,2810,225.96,1,4,3,1,2,78,-14995,0.98,-0.02
98023,0,1975,440021,414945,0.96,1510,274.8,1,3,2,1,2,51,25076,1.06,0.06
98011,7,2014,1222787,1462187.5,0.96,3865,462.51,2,4,4,2,2,12,43901,0.84,-0.16
98058,7,1991,1222787,1462187.5,1.03,3865,378.77,2,3,4,1,2,35,-33595,0.84,-0.16
98042,7,1963,965077,964931,1,3000,321.64,1,5,3,2,2,63,146,1,0
98597,7,2007,869955,860067,0.99,2160,398.18,1,3,2,2,2,19,9888,1.01,0.01
98226,7,2004,749985,765085,1.02,2620,292.02,2,5,3,2,2,22,-15100,0.98,-0.02
98607,7,2018,569974,665076,1,2360,281.81,2,4,3,2,2,8,-33595,0.86,-0.14
98117,7,1910,1222787,1450059,1.03,2020,680.56,2,3,2,2,2,116,-33595,0.84,-0.16
98501,7,1996,679814,664801,0.98,2430,273.58,2,4,3,3,2,30,15013,1.02,0.02
98155,7,1992,1222787,1316913,1.03,2620,502.64,2,5,3,2,2,34,-33595,0.93,-0.07
98368,7,1977,985088,979927,0.99,2690,364.29,1,3,3,2,2,49,5161,1.01,0.01
98335,7,1981,774921,749948,0.97,2550,294.1,2,3,2,1,2,45,24973,1.03,0.03
98201,7,1924,814908,842596,1.03,2280,369.56,2,4,2,1,2,102,-27688,0.97,-0.03
98033,7,2019,1222787,1462187.5,0.98,3120,680.56,2,4,4,3,2,7,43901,0.84,-0.16
99224,7,1909,288948,280073,0.97,1250,224.06,2,3,1,1,2,117,8875,1.03,0.03
98004,0,1989,1222787,1443830,1,1990,680.56,2,3,3,2,2,37,5117,0.85,-0.15
98075,7,1977,1222787,1462187.5,1.01,2620,679.41,2,4,3,1,2,49,-11966,0.84,-0.16
98244,0,1975,235949,235936,1,560,421.31,1,1.5,1,1,2,51,13,1,0
98292,7,2006,789069,789061,1,3010,262.15,2,4,3,2,2,20,8,1,0
99125,7,1909,254950,230060,0.96,3860,59.6,2,5.5,2,2,2,117,24890,1.11,0.11
98003,8,1975,449935,452430,1.01,1670,270.92,2,3,3,2,2,51,-2495,0.99,-0.01
98407,0,1982,700080,675052,0.96,1380,489.17,1,2,2,2,2,44,25028,1.04,0.04
98052,7,1967,1222787,1462187.5,1,3000,566.69,1,4,3,1,2,59,-124,0.84,-0.16
99202,5,1934,380073,374906,0.99,1680,223.16,2,4,2,2,2,92,5167,1.01,0.01
98387,5,1979,658900,658906,1,1930,341.4,2,4,2,2,2,47,-6,1,0
98258,7,2013,634897,642950,1.01,2080,309.11,2,4,3,2,2,13,-8053,0.99,-0.01
98277,7,2017,799953,779916,0.98,1940,402.02,1,3,2,1,2,9,20037,1.03,0.03
98391,7,2018,800013,814900,1.02,3360,242.53,2,4,4,3,2,8,-14887,0.98,-0.02
98296,7,2019,1222787,1462187.5,1,3865,426.96,2,5.5,4.5,3.5,2,7,13,0.84,-0.16
98375,7,1986,549707,560069,1.02,1210,462.87,1,3,2,1,2,40,-10362,0.98,-0.02
98258,7,1932,725081,705075,0.97,2170,324.92,2,4,3,2,2,94,20006,1.03,0.03
98010,7,2025,760101,760110,1,2540,299.26,2,4,3,2,2,1,-9,1,0
98661,7,1943,465087,465070,1,1120,415.24,1,3,2,2,2,83,17,1,0
98391,7,1990,694947,720597,1.03,2890,249.34,1,4,3,2,2,36,-25650,0.96,-0.04
99205,7,1950,375086,370081,0.99,1990,185.97,1,4,2,2,2,76,5005,1.01,0.01
98802,7,1969,424943,430071,1.01,1120,383.99,1,2,2,1,2,57,-5128,0.99,-0.01
98264,7,2024,914907,894944,0.98,3520,254.25,2,5,4,3,2,2,19963,1.02,0.02
98002,7,1910,544935,544904,1,2340,232.86,2,4,2,1,2,116,31,1,0
98930,7,2026,316049,316048,1,1010,312.92,1,3,2,2,2,0,1,1,0
98404,7,1925,437567,429914,0.98,1490,288.53,2,3,1,1,2,101,7653,1.02,0.02
98019,7,2025,1205950,1206065,1,2470,488.29,2,4,3,2,2,1,-115,1,0
99217,7,1974,574942,568064,0.99,2520,225.42,2,4,3,3,2,52,6878,1.01,0.01
98055,0,1999,398720,398742,1,1070,372.66,1,2,2,1,2,27,-22,1,0
98682,7,2025,796835,796969,1,2540,313.77,2,5,3,3,2,1,-134,1,0
98106,7,1960,718932,710084,0.99,3310,214.53,1,5,4,1,2,66,8848,1.01,0.01
99156,3,1992,189906,154929,0.96,1810,324.3,2,3,2,2,2,34,34977,1.23,0.23
98294,7,1972,550056,555051,1.01,1840,301.66,1,3,2,1,2,54,-4995,0.99,-0.01
98122,7,1909,1222787,1462187.5,0.98,2120,680.56,2,4,4,1,2,117,29367,0.84,-0.16
98406,7,1973,534941,550058,1.03,1410,390.11,1,3,2,1,2,53,-15117,0.97,-0.03
98117,0,1968,1050074,1050070,1,1080,680.56,1,2,2,1,2,58,4,1,0
98392,7,1998,518934,518904,1,1740,298.22,3,3,3,3,2,28,30,1,0
98122,7,1909,758948,758901,1,1520,499.28,2,3,3,1,2,117,47,1,0
98105,7,1909,699053,740100,1.03,1610,459.69,2,4,2,1,2,117,-33595,0.94,-0.06
98684,7,1979,464867,464829,1,1220,381.01,1,3,2,2,2,47,38,1,0
98926,7,1992,388948,388926,1,1190,326.83,1,3,1,1,2,34,22,1,0
98391,7,1977,774911,749948,0.97,1920,390.6,2,3,3,1,2,49,24963,1.03,0.03
98019,8,2025,675086,674915,1,1860,362.86,2,2,3,2,2,1,171,1,0
98362,7,1935,389927,380079,0.97,1730,219.7,2,3,2,2,2,91,9848,1.03,0.03
98198,0,1982,369935,359911,0.97,1090,330.19,2,2,2,1,2,44,10024,1.03,0.03
98577,7,1989,659911,659933,1,2350,280.82,2,4,4,1,2,37,-22,1,0
98632,7,1957,354900,354949,1,2120,167.43,2,4,2,2,2,69,-49,1,0
98569,7,1970,300006,290073,0.97,1260,230.22,1,3,3,3,2,56,9933,1.03,0.03
98032,0,2000,615049,610071,0.99,1590,383.69,2,3,3,2,2,26,4978,1.01,0.01
98366,7,1979,407902,408081,1,950,429.56,1,2,1,1,2,47,-179,1,0
98506,4,1997,569974,363445,1,1300,279.57,2,3,0.5,2,2,29,43901,1.57,0.57
98119,0,2002,724948,676919,0.96,1410,480.08,1,2,2,1,2,24,43901,1.07,0.07
98144,7,1909,1222787,1224930,0.98,2400,510.39,2,4,4,3,2,117,25156,1,0
98370,7,1972,579947,564913,0.97,1310,431.23,1,2,2,1,2,54,15034,1.03,0.03
98258,7,1985,600080,574900,0.96,1120,513.3,1,3,2,2,2,41,25180,1.04,0.04
98012,7,2005,794947,755061,0.96,1940,389.21,2,3,3,1,2,21,39886,1.05,0.05
98102,7,1909,569974,1104588,1,1390,680.56,2,1.5,1,1,2,117,-33595,0.52,-0.48
99223,7,1978,524939,531056,1.01,2470,215,2,4,3,3,2,48,-6117,0.99,-0.01
98103,7,1916,1222787,1420100,0.98,2280,622.85,1,3,2,2,2,110,24846,0.86,-0.14
98031,7,1983,700003,690074,0.99,1860,371.01,2,3,3,1,2,43,9929,1.01,0.01
98516,7,2007,629891,639912,1.02,3050,209.81,2,4,3,2,2,19,-10021,0.98,-0.02
98513,7,1997,514923,514911,1,2270,226.83,2,3,3,1,2,29,12,1,0
98155,7,1947,650053,680081,1.03,830,680.56,1,2,2,1,2,79,-30028,0.96,-0.04
98908,7,1992,349910,345069,0.99,1790,192.78,1,3,2,2,2,34,4841,1.01,0.01
98117,7,1937,1190080,1462187.5,1.03,2140,680.56,1,3,3,1,2,89,-33595,0.81,-0.19
98557,7,1951,355065,375074,1.03,1440,260.47,1,3,2,2,2,75,-20009,0.95,-0.05
98292,7,2014,625100,625083,1,2480,252.05,2,4,3,2,2,12,17,1,0
98550,7,1979,289917,279919,0.97,1520,184.16,1,3,2,1,2,47,9998,1.04,0.04
98569,7,1979,529916,529927,1,2690,197,2,4,3,1,2,47,-11,1,0
98010,7,2023,574942,574945,1,1550,370.93,1,2,2,1,2,3,-3,1,0
98036,7,1978,809914,810064,1,1800,450.04,2,4,2,1,2,48,-150,1,0
98108,7,1951,549922,643097,1.03,1760,365.4,1,2,2,1,2,75,-33595,0.86,-0.14
98021,7,2010,1024900,995076,0.97,1930,515.58,2,4,3,2,2,16,29824,1.03,0.03
99352,7,2023,537474,535082,1,1660,322.34,1,3,2,2,2,3,2392,1,0
98258,7,2009,628916,630063,1,1560,403.89,2,4,3,2,2,17,-1147,1,0
98239,7,1991,688933,678915,0.99,1750,387.95,2,3,2,2,2,35,10018,1.01,0.01
98408,7,1978,444002,449826,1.01,1080,416.51,1,3,2,2,2,48,-5824,0.99,-0.01
98663,7,1997,580056,579939,1,1940,298.94,1,3,2,2,2,29,117,1,0
98404,7,1946,399906,396557,0.99,1630,243.29,1,2,1,1,2,80,3349,1.01,0.01
98848,7,2025,371813,368930,0.99,1410,261.65,1,3,2,2,2,1,2883,1.01,0.01
98053,8,2005,899068,900722,1,1510,596.5,2,2,2,1,2,21,-1654,1,0
98684,7,1974,784915,784936,1,1670,470.02,1,3,2,2,2,52,-21,1,0
98251,7,2022,480040,475062,0.99,1330,357.19,1,3,3,2,2,4,4978,1.01,0.01
98661,7,2025,410046,410058,1,1350,303.75,2,3,2,2,2,1,-12,1,0
98310,7,1941,415075,413436,1,1020,405.33,1,2,2,1,2,85,1639,1,0
99223,7,1915,364919,364913,1,2270,160.75,2,5,2,2,2,111,6,1,0
98335,7,1976,649903,649925,1,2440,266.36,1,2,2,2,2,50,-22,1,0
98177,7,1956,869862,870023,1,1390,625.92,1,3,2,1,2,70,-161,1,0
98407,7,1928,599063,599058,1,1700,352.39,1,3,2,1,2,98,5,1,0
98115,7,1947,1099908,1233077,1.03,1340,680.56,1,3,2,2,2,79,-33595,0.89,-0.11
98682,7,2007,484925,484901,1,1460,332.12,1,3,2,2,2,19,24,1,0
98516,7,1995,1149908,1080088,0.96,3090,349.54,2,3,3,2,2,31,43901,1.06,0.06
98043,7,1951,704942,705072,1,1380,510.92,1,3,2,1,2,75,-130,1,0
98144,0,1992,385051,377935,0.98,840,449.92,1,2,2,1,2,34,7116,1.02,0.02
98446,7,2002,498948,498567,1,1740,286.53,2,3,3,2,2,24,381,1,0
98258,7,1979,699850,700051,1,1840,380.46,2,3,3,2,2,47,-201,1,0
98121,0,2005,589946,590051,1,880,670.51,1,1.5,1,1,2,21,-105,1,0
99336,7,2013,455097,453911,1,1780,255.01,2,3,2,2,2,13,1186,1,0
98445,7,1999,445087,445093,1,1830,243.22,2,3,3,2,2,27,-6,1,0
98109,7,1912,1222787,1350099,1,2100,642.9,2,4,2,1,2,114,-42,0.91,-0.09
98102,0,1986,649906,649919,1,1080,601.78,1,2,2,1,2,40,-13,1,0
98274,7,2020,694943,650097,0.96,2370,274.3,2,3,3,1,2,6,43901,1.07,0.07
98686,7,2009,605057,605071,1,2610,231.83,2,4,2,2,2,17,-14,1,0
99026,4,1991,330079,314938,0.96,1300,242.26,1,3,2,2,2,35,15141,1.05,0.05
98136,8,2025,665014,650062,0.98,1030,631.13,2,2,2,1,2,1,14952,1.02,0.02
98133,0,1969,274936,275062,1,660,416.76,1,1.5,1,1,2,57,-126,1,0
98004,8,2025,1222787,1462187.5,0.97,1980,680.56,2,3,4,1,2,1,43901,0.84,-0.16
99037,7,1959,375080,375050,1,1470,255.14,1,4,2,2,2,67,30,1,0
99208,4,1977,49949,49902,1,840,59.41,2,2,1,1,2,49,47,1,0
98312,7,1920,674938,675089,1,3790,178.12,2,3,3,1,2,106,-151,1,0
98367,7,1977,519078,549931,1.03,1830,300.51,3,3,3,2,2,49,-30853,0.94,-0.06
98258,0,1979,299974,290085,0.97,740,392.01,1,2,1,1,2,47,9889,1.03,0.03
98036,7,1971,699865,729944,1.03,1200,608.29,1,3,2,1,2,55,-30079,0.96,-0.04
99301,7,1957,355061,357572,1.01,2370,150.87,1,3,2,1,2,69,-2511,0.99,-0.01
98374,7,2025,650073,690045,1.03,2590,266.43,2,5,3,2,2,1,-33595,0.94,-0.06
98662,0,1981,289988,289955,1,1230,235.74,2,2,2,2,2,45,33,1,0
98902,7,1925,398931,404950,1.02,2780,145.67,2,3,2,2,2,101,-6019,0.99,-0.01
98125,0,1979,360063,339910,0.96,1180,288.06,1,2,2,1,2,47,20153,1.06,0.06
98144,7,1949,1099978,1110087,1.01,1990,557.83,3,4,4,2,2,77,-10109,0.99,-0.01
98370,7,1995,580079,580095,1,1780,325.9,2,3,3,1,2,31,-16,1,0
98001,7,1977,484946,490100,1.01,1000,490.1,1,3,1,1,2,49,-5154,0.99,-0.01
99019,0,1970,224978,222599,0.99,710,313.52,1,1.5,1,1,2,56,2379,1.01,0.01
98026,8,1973,665057,665100,1,1510,440.46,2,2,3,1,2,53,-43,1,0
98021,7,1983,825079,840050,1.02,1240,677.46,2,3,3,2,2,43,-14971,0.98,-0.02
98274,0,2005,639097,639089,1,1730,369.42,1,2,3,2,2,21,8,1,0
98683,7,1990,524923,525086,1,1320,397.79,1,2,2,2,2,36,-163,1,0
98675,7,2015,659912,659942,1,1210,545.41,1,3,2,2,2,11,-30,1,0
98337,7,1909,399935,393056,0.98,1180,333.1,2,3,1,1,2,117,6879,1.02,0.02
98682,7,1948,430097,429901,1,1250,343.92,1,3,2,2,2,78,196,1,0
98589,7,1937,389909,391905,1.01,1580,248.04,2,2,1,2,2,89,-1996,0.99,-0.01
98391,7,2003,735096,740066,1.01,3010,245.87,2,4,3,2,2,23,-4970,0.99,-0.01
98466,7,1956,724087,704947,0.97,2020,348.98,2,3,3,1,2,70,19140,1.03,0.03
98019,7,2025,569974,1205933,1,2530,476.65,2,4,3,2,2,1,-33595,0.47,-0.53
98074,7,1992,1222787,1462187.5,1.02,2340,680.56,2,4,3,2,2,34,-33595,0.84,-0.16
98010,7,2005,1222787,1349085,1,2890,466.81,1,3,3,2,2,21,-182,0.91,-0.09
98604,7,1998,459907,460069,1,1690,272.23,1,3,2,2,2,28,-162,1,0
98270,7,2011,610021,630052,1.03,1540,409.12,1,3,2,2,2,15,-20031,0.97,-0.03
99324,7,1973,594946,594901,1,2980,199.63,2,3,3,3,2,53,45,1,0
98112,7,1914,1222787,1462187.5,0.98,3865,357.4,2,5.5,4.5,3.5,2,112,43901,0.84,-0.16
98512,4,1988,89561,85096,0.96,1120,75.98,1,3,2,2,2,38,4465,1.05,0.05
98597,7,2019,578447,564000,0.98,2330,242.06,2,4,3,2,2,7,14447,1.03,0.03
98249,7,2006,674940,655050,0.97,2250,291.13,2,3,3,2,2,20,19890,1.03,0.03
98201,0,2001,374895,364911,0.97,870,419.44,3,2,1,1,2,25,9984,1.03,0.03
98520,7,2002,325100,299910,0.96,1130,265.41,1,3,2,2,2,24,25190,1.08,0.08
99301,7,2003,449846,419911,0.96,2500,167.96,2,4,3,2,2,23,29935,1.07,0.07
98031,7,1973,600081,600063,1,2640,227.3,2,4,2,1,2,53,18,1,0
99353,7,2003,454933,440069,0.97,1880,234.08,2,4,3,2,2,23,14864,1.03,0.03
98092,7,2002,629892,615097,0.98,1650,372.79,2,3,3,2,2,24,14795,1.02,0.02
99328,4,2008,349915,324947,0.96,2380,136.53,1,4,3,2,2,18,24968,1.08,0.08
98005,7,2025,569974,1462187.5,1,3865,680.56,3,5,4.5,3.5,2,1,-33595,0.39,-0.61
98365,7,2003,579990,569990,0.98,2290,248.9,1,2,2,2,2,23,10000,1.02,0.02
98632,7,1964,375099,374910,1,1970,190.31,1,3,2,2,2,62,189,1,0
98321,7,1994,489080,488920,1,1200,407.43,2,3,2,1,2,32,160,1,0
99301,7,2009,444816,444911,1,2000,222.46,2,4,3,2,2,17,-95,1,0
99301,7,2004,354943,364904,1.03,1100,331.73,1,3,2,1,2,22,-9961,0.97,-0.03
98516,7,2018,670093,659911,0.98,2610,252.84,2,5,4,3,2,8,10182,1.02,0.02
98117,7,1929,924912,884945,0.96,2200,402.25,1,4,2,1,2,97,39967,1.05,0.05
98388,7,2008,990062,989938,1,3865,253.83,2,4,3,1,2,18,124,1,0
98225,0,1995,299068,298935,1,980,305.04,2,3,2,1,2,31,133,1,0
98031,8,1991,475081,465067,0.98,1540,301.99,2,3,3,2,2,35,10014,1.02,0.02
98408,7,1931,469050,473932,1.01,1770,267.76,2,4,2,2,2,95,-4882,0.99,-0.01
98597,7,2009,439909,437040,0.99,1280,341.44,1,3,2,2,2,17,2869,1.01,0.01
98223,7,1997,700062,709916,1.01,2610,272,2,5,3,3,2,29,-9854,0.99,-0.01
98362,7,1996,539053,538945,1,1230,438.17,1,3,2,2,2,30,108,1,0
98199,7,1952,1222787,1412910,0.96,2930,482.22,2,4,4,2,2,74,43901,0.87,-0.13
98204,0,1991,244908,244917,1,670,365.55,1,1.5,1,1,2,35,-9,1,0
98204,7,1950,522513,518049,0.99,1490,347.68,2,3,3,2,2,76,4464,1.01,0.01
98465,7,1969,400027,418050,1.03,1210,345.5,1,3,1,1,2,57,-18023,0.96,-0.04
98801,7,2008,569974,929935,1,3700,251.33,1,5,3,3,2,18,-33595,0.61,-0.39
98277,7,1992,580051,579905,1,2120,273.54,2,4,3,2,2,34,146,1,0
98632,7,1939,414812,414825,1,1340,309.57,2,4,2,2,2,87,-13,1,0
98272,8,2000,460064,459922,1,1250,367.94,2,3,3,2,2,26,142,1,0
98311,7,1984,469085,487949,1.03,1750,278.83,2,3,3,2,2,42,-18864,0.96,-0.04
98375,7,1970,549059,549088,1,2000,274.54,2,4,3,1,2,56,-29,1,0
98682,0,2003,249943,249938,1,1130,221.18,2,3,1,1,2,23,5,1,0
98109,0,1909,388910,385099,0.99,660,583.48,2,1.5,1,1,2,117,3811,1.01,0.01
98406,0,1977,269991,269831,1,850,317.45,1,2,1,1,2,49,160,1,0
98550,7,1927,200000,209959,1.03,1010,207.88,1,3,1,1,2,99,-9959,0.95,-0.05
98607,7,1996,660084,660080,1,2080,317.35,1,4,2,2,2,30,4,1,0
99205,7,1909,269073,268926,1,2650,101.48,2,3,2,1,2,117,147,1,0
98926,7,1945,397441,406074,1.02,1260,322.28,1,3,2,1,2,81,-8633,0.98,-0.02
98908,7,1996,620065,619902,1,2420,256.16,2,3,3,3,2,30,163,1,0
98133,0,1986,569974,350068,1,860,407.06,3,2,2,2,2,40,43901,1.63,0.63
98002,8,2008,430062,430065,1,1250,344.05,2,2,3,2,2,18,-3,1,0
98103,7,1987,839962,915081,1.03,1340,680.56,2,3,2,2,2,39,-33595,0.92,-0.08
98327,7,2002,675058,684942,1.01,2190,312.76,2,4,3,2,2,24,-9884,0.99,-0.01
98275,7,1982,810072,799908,0.99,1630,490.74,2,4,3,3,2,44,10164,1.01,0.01
98087,7,1966,794938,699939,0.96,2250,311.08,1,3,3,1,2,60,43901,1.14,0.14
98674,4,1996,124945,125062,1,1730,72.29,1,3,2,2,2,30,-117,1,0
98043,8,2020,760046,760040,1,1720,441.88,2,3,3,1,2,6,6,1,0
98445,7,2001,474874,496933,1.03,2000,248.47,2,4,3,1,2,25,-22059,0.96,-0.04
98466,7,2013,829432,817579,0.99,2700,302.81,2,4,3,2,2,13,11853,1.01,0.01
98445,4,1990,145055,147915,1.02,1850,79.95,1,4,2,1,2,36,-2860,0.98,-0.02
98225,5,1968,1222787,1462187.5,0.96,3865,343.77,2,5.5,4.5,2,2,58,43901,0.84,-0.16
99004,7,1971,548942,509911,0.96,2580,197.64,1,4,2,2,2,55,39031,1.08,0.08
98908,7,1993,469850,449934,0.96,2570,175.07,2,3,3,3,2,33,19916,1.04,0.04
99338,7,2013,485056,484908,1,2000,242.45,1,4,3,2,2,13,148,1,0
98597,4,1980,283928,255059,0.96,1140,223.74,1,2,2,1,2,46,28869,1.11,0.11
98532,7,1915,324098,329940,1.02,1490,221.44,1,3,2,1,2,111,-5842,0.98,-0.02
98502,7,2008,510062,510068,1,1940,262.92,1,3,2,2,2,18,-6,1,0
98053,8,2003,689936,679923,0.99,1120,607.07,2,2,2,2,2,23,10013,1.01,0.01
98682,7,1975,500062,499940,1,1780,280.87,2,4,2,2,2,51,122,1,0
99301,7,2025,400063,400090,1,1460,274.03,1,3,2,2,2,1,-27,1,0
98597,7,2011,489864,497013,1.01,2100,236.67,2,4,3,2,2,15,-7149,0.99,-0.01
98445,7,2025,649966,649969,1,2120,306.59,2,4,3,2,2,1,-3,1,0
99006,7,2025,380078,380075,1,1470,258.55,1,3,2,2,2,1,3,1,0
98028,0,1989,359855,349929,0.97,920,380.36,1,2,2,2,2,37,9926,1.03,0.03
98102,0,1983,399902,389930,0.98,650,599.89,1,1.5,1,1,2,43,9972,1.03,0.03
98563,7,1969,374922,374900,1,1220,307.3,1,3,2,1,2,57,22,1,0
98126,7,1940,625086,624928,1,1660,376.46,1,2,1,1,2,86,158,1,0
98944,7,1940,240096,234745,0.98,1140,205.92,2,3,1,1,2,86,5351,1.02,0.02
98404,7,1943,424090,424087,1,1000,424.09,2,3,1,1,2,83,3,1,0
98225,0,1973,281935,250085,0.96,670,373.26,1,1.5,1,1,2,53,31850,1.13,0.13
98391,7,1977,569974,1462187.5,1,3865,564.8,2,4,4,3.5,2,49,-33595,0.39,-0.61
98902,7,2020,319945,319907,1,1590,201.2,2,3,3,2,2,6,38,1,0
98642,7,2025,833906,834069,1,3000,278.02,2,3,2,2,2,1,-163,1,0
98118,7,1913,569974,390057,1,1230,317.12,2,3,3,1,2,113,43901,1.46,0.46
98512,7,2003,484935,459442,0.96,2220,206.96,2,4,3,2,2,23,25493,1.06,0.06
99212,7,2017,489067,489086,1,1660,294.63,1,3,2,2,2,9,-19,1,0
98501,7,1956,569974,474939,1,1720,276.13,2,4,4,2,2,70,43901,1.2,0.2
98926,5,1995,449910,447273,0.99,2320,192.79,2,5.5,4,2,2,31,2637,1.01,0.01
98198,0,2006,384919,384913,1,1010,381.1,1,2,2,2,2,20,6,1,0
98584,4,1978,199406,199593,1,1340,148.95,1,2,2,2,2,48,-187,1,0
98589,7,1929,569974,890361,1,940,680.56,1,2,2,1,2,97,-33595,0.64,-0.36
99354,7,1960,569974,515096,1,1950,264.15,1,4,2,2,2,66,43901,1.11,0.11
98360,7,2001,569974,600065,1,2000,300.03,1,4,2,2,2,25,-30091,0.95,-0.05
98032,8,1989,364901,375094,1.03,1370,273.79,2,3,3,2,2,37,-10193,0.97,-0.03
98077,4,1983,590026,587062,1,1250,469.65,1,3,2,2,2,43,2964,1.01,0.01
98354,7,1954,424098,445803,1.03,1540,289.48,1,4,1,1,2,72,-21705,0.95,-0.05
98584,4,2006,339071,353086,1.03,1840,191.89,1,3,2,2,2,20,-14015,0.96,-0.04
98362,7,1937,175063,150088,0.96,1240,121.04,2,3,1,1,2,89,24975,1.17,0.17
98826,3,1992,975098,900097,0.96,1810,324.3,2,3,2,2,2,34,43901,1.08,0.08
99403,7,1932,569974,359904,1,1180,305,2,3,0.5,2,2,94,43901,1.58,0.58
98626,7,2026,865325,865186,1,2540,340.62,2,3,2,2,2,0,139,1,0
98036,7,1953,615051,600081,0.98,1220,491.87,1,3,2,1,2,73,14970,1.02,0.02
99336,4,1993,119936,112415,0.96,940,119.59,1,2,2,2,2,33,7521,1.07,0.07
99205,7,1955,310091,311080,1,1260,246.89,1,3,2,1,2,71,-989,1,0
99019,7,2026,405004,404900,1,1530,264.64,2,3,3,2,2,0,104,1,0
98683,7,1992,650055,649948,1,2140,303.71,2,4,2,2,2,34,107,1,0
98816,3,1992,1222787,1462187.5,0.96,1810,324.3,2,3,2,2,2,34,43901,0.84,-0.16
98498,7,1966,500015,525093,1.03,1920,273.49,1,4,2,1,2,60,-25078,0.95,-0.05
98823,7,2022,405063,407059,1,1500,271.37,1,3,2,1,2,4,-1996,1,0
98908,4,1984,569974,310052,1,1310,236.68,1,3,3,2,2,42,43901,1.84,0.84
98446,5,1983,615059,614930,1,1750,351.39,2,4,2,2,2,43,129,1,0
98058,0,2004,354898,355015,1,960,369.81,1,2,2,1,2,22,-117,1,0
98672,7,1978,378950,378900,1,580,653.28,1,1.5,1,1,2,48,50,1,0
98642,7,2019,667054,667097,1,1890,352.96,1,3,2,2,2,7,-43,1,0
98903,7,1911,569974,332672,1,1110,299.7,1,3,2,1,2,115,43901,1.71,0.71
98802,7,1978,358815,416902,1.03,1870,222.94,3,3,2,2,2,48,-33595,0.86,-0.14
98126,7,1983,748935,834439,1.03,1190,680.56,1,3,2,2,2,43,-33595,0.9,-0.1
98531,4,1984,124953,115100,0.96,1440,79.93,1,3,2,1,2,42,9853,1.09,0.09
99217,7,2025,572099,564481,0.99,2210,255.42,2,4,3,2,2,1,7618,1.01,0.01
98371,7,1949,460024,455074,0.99,1710,266.13,2,3,2,1,2,77,4950,1.01,0.01
98365,3,1992,224908,225052,1,1810,324.3,2,3,2,2,2,34,-144,1,0
99224,3,1992,158633,139941,0.96,1810,324.3,2,3,2,2,2,34,18692,1.13,0.13
98661,0,1974,569974,224941,1,860,261.56,1,2,1,1,2,52,43901,2.53,1.53
99337,7,2001,460049,460072,1,2470,186.26,2,4,3,3,2,25,-23,1,0
98055,0,1978,307975,307841,1,920,334.61,1,2,2,1,2,48,134,1,0
99207,7,1951,229059,236145,1.03,1310,180.26,1,2,1,1,2,75,-7086,0.97,-0.03
98027,0,1978,324901,325080,1,830,391.66,1,2,1,1,2,48,-179,1,0
99006,7,2015,247410,242225,0.98,1180,205.28,1,2,1,1,2,11,5185,1.02,0.02
99021,0,1972,174933,175053,1,540,324.17,2,1.5,1,1,2,54,-120,1,0
99205,7,1953,569974,199922,1,1070,186.84,1,3,1,1,2,73,43901,2.85,1.85
99217,7,1958,315066,320098,1.02,1440,222.29,1,4,2,1,2,68,-5032,0.98,-0.02
98294,0,2019,114943,112570,0.98,640,175.89,2,1.5,2,2,2,7,2373,1.02,0.02
99301,7,2025,415898,416054,1,1460,284.97,1,3,2,2,2,1,-156,1,0
98934,4,2006,374902,374946,1,1860,201.58,1,3,2,2,2,20,-44,1,0
98848,4,1998,197065,183403,0.96,860,213.26,1,2,1,1,2,28,13662,1.07,0.07
99205,7,1943,230080,190070,0.96,1450,131.08,1,2,1,1,2,83,40010,1.21,0.21
98290,7,2025,998942,979945,0.98,2760,355.05,2,4,4,3,2,1,18997,1.02,0.02
98374,7,2026,563400,563224,1,1630,345.54,1,3,2,1,2,0,176,1,0
98513,7,2024,569974,774910,1,1860,416.62,1,2,3,2,2,2,-33595,0.74,-0.26
98270,7,2025,809864,809865,1,2500,323.95,2,4,3,2,2,1,-1,1,0
98604,7,2017,432079,432054,1,1260,342.9,1,2,2,2,2,9,25,1,0
99208,0,1981,238915,225054,0.96,990,227.33,2,2,2,1,2,45,13861,1.06,0.06
99336,7,2025,449912,447201,0.99,1570,284.84,1,3,2,2,2,1,2711,1.01,0.01
99301,7,1955,569974,344942,1,1550,222.54,1,3,1,1,2,71,43901,1.65,0.65
98168,8,2025,538941,538923,1,1250,431.14,2,2,3,1,2,1,18,1,0
98404,7,1949,398876,399930,1,1030,388.28,1,3,1,1,2,77,-1054,1,0
98118,8,2016,679071,679089,1,1300,522.38,2,2,2,1,2,10,-18,1,0
98409,5,1959,590077,586055,0.99,2140,273.86,2,4,2,2,2,67,4022,1.01,0.01
98290,6,1992,569974,654913,1,1810,324.3,2,3,1,1,2,34,-33595,0.87,-0.13
98387,7,1979,569974,471903,1,1440,327.71,2,3,1,2,2,47,43901,1.21,0.21
98133,7,1920,598902,550056,0.96,1920,286.49,2,4,2,1,2,106,43901,1.09,0.09
98112,3,1992,569974,1462187.5,1,1810,324.3,2,3,0.5,2,2,34,-33595,0.39,-0.61
98367,7,1962,519867,544925,1.03,2310,235.9,1,3,3,1,2,64,-25058,0.95,-0.05
99336,7,1953,569974,369846,1,1730,213.78,1,3,2,2,2,73,43901,1.54,0.54
98023,7,1976,569974,465064,1,2290,203.08,1,4,4.5,3,2,50,43901,1.23,0.23
98930,7,2026,401312,401171,1,1740,230.56,2,3,3,2,2,0,141,1,0
98579,7,1940,569974,780706,1,630,680.56,1,1.5,1,1,2,86,-33595,0.73,-0.27
98418,7,1909,569974,529932,1,1730,306.32,2,4,2,2,2,117,40042,1.08,0.08
98058,7,1965,569974,1250055,1,2100,595.26,1,3,2,2,2,61,-33595,0.46,-0.54
98665,4,1987,95054,94938,1,1050,90.42,1,2,2,2,2,39,116,1,0
98848,7,2025,419958,419993,1,1660,253.01,1,3,2,2,2,1,-35,1,0
98058,7,1962,569974,549921,1,1310,419.79,1,3,3,2,2,64,20053,1.04,0.04
98252,7,1992,569974,885071,1,1810,324.3,2,3,0.5,2,2,34,-33595,0.64,-0.36
99301,7,2026,720082,750050,1.03,2440,307.4,1,4,3,2,2,0,-29968,0.96,-0.04
98058,7,2001,569974,1462187.5,1,3410,469.18,2,3,3,2,2,25,-33595,0.39,-0.61
98360,7,2003,520082,535073,1.03,2070,258.49,2,3,3,2,2,23,-14991,0.97,-0.03
98512,7,1953,569974,512423,1,2460,208.3,2,4,2,2,2,73,43901,1.11,0.11
98382,4,2025,308929,309093,1,1300,237.76,2,2,2,2,2,1,-164,1,0
98058,7,1968,569974,1462187.5,1,1700,680.56,1,3,3,2,2,58,-33595,0.39,-0.61
99203,7,1967,524946,524903,1,3865,125.28,1,5,3,3,2,59,43,1,0
98640,7,1995,569974,439922,1,2300,191.27,1,2,2,2,2,31,43901,1.3,0.3
98394,3,1992,224928,219933,0.98,1810,324.3,2,3,2,2,2,34,4995,1.02,0.02
98640,4,1981,248927,215097,0.96,900,239,1,2,2,1,2,45,33830,1.16,0.16
99006,4,1995,569974,340082,1,920,369.65,2,2,1,2,2,31,43901,1.68,0.68
99352,7,2026,388458,388451,1,1150,337.78,1,3,2,2,2,0,7,1,0
98008,7,2025,1222787,1462187.5,0.99,3865,680.56,2,5,4.5,3.5,2,1,24947,0.84,-0.16
99352,7,2025,569974,377084,1,1210,311.64,2,3,0.5,2,2,1,43901,1.51,0.51
99353,7,2021,569974,549922,1,2290,240.14,2,3,0.5,2,2,5,20052,1.04,0.04
98502,7,1979,569974,399945,1,1360,294.08,1,3,4,2,2,47,43901,1.43,0.43
98579,7,1950,569974,780738,1,1460,534.75,1,3,3,2,2,76,-33595,0.73,-0.27
98684,7,2019,1099938,1100096,1,2830,388.73,1,3,3,3,2,7,-158,1,0
98498,7,1971,569974,549921,1,3430,160.33,2,3,1,2,2,55,20053,1.04,0.04
98372,4,2024,134850,134989,1,840,160.7,1,2,2,1,2,2,-139,1,0
98270,7,1958,569974,361058,1,1340,269.45,1,2,1,1,2,68,43901,1.58,0.58
98418,7,1910,374932,374939,1,960,390.56,1,2,1,1,2,116,-7,1,0
98198,7,1992,569974,1034902,1,3850,268.81,1,3,4,3,2,34,-33595,0.55,-0.45
98059,7,2001,949852,949879,1,1810,524.8,2,4,3,1,2,25,-27,1,0
98270,7,1994,569974,549905,1,1660,331.27,1,3,2,2,2,32,20069,1.04,0.04
98294,7,2001,569974,520091,1,1430,363.7,1,3,2,2,2,25,43901,1.1,0.1
98027,0,1992,569974,1462187.5,1,2760,538.07,2,4,4,3,2,34,-33595,0.39,-0.61
98225,5,2003,569974,1462187.5,1,3865,337.47,2,5.5,4,3.5,2,23,-33595,0.39,-0.61
98290,3,1992,695051,655089,0.96,1810,324.3,2,3,2,2,2,34,39962,1.06,0.06
98409,7,2002,334944,349944,1.03,980,357.09,1,2,1,1,2,24,-15000,0.96,-0.04
98168,7,1937,569974,492554,1,1520,324.05,1,4,2,1,2,89,43901,1.16,0.16
98589,3,1992,49426,24944,0.96,1810,324.3,2,3,2,2,2,34,24482,1.98,0.98
99205,7,1931,569974,142413,1,1080,131.86,1,2,1,1,2,95,43901,4,3
98223,4,1984,64770,64641,1,920,70.26,1,2,2,1,2,42,129,1,0
99170,3,1992,84937,33436,0.96,1810,324.3,2,3,2,2,2,34,43901,2.54,1.54
99336,7,2003,549906,535072,0.97,2240,238.87,1,3,3,2,2,23,14834,1.03,0.03
98908,7,1909,569974,295569,1,1150,257.02,1,3,1,1,2,117,43901,1.93,0.93
98052,7,1973,1222787,1462187.5,1.03,2450,680.56,3,5,3,2,2,53,-33595,0.84,-0.16
98011,8,2025,850076,845084,0.99,1800,469.49,2,3,4,3,2,1,4992,1.01,0.01
98118,8,2016,824933,784901,0.96,1610,487.52,2,3,3,2,2,10,40032,1.05,0.05
98664,7,1956,449052,448927,1,1140,393.8,1,3,1,1,2,70,125,1,0
98011,8,2024,850087,842412,0.99,1800,468.01,2,3,4,3,2,2,7675,1.01,0.01
98006,7,2001,1222787,1462187.5,1.03,2930,618.12,2,4,3,2,2,25,-33595,0.84,-0.16
99166,3,1992,40060,40073,1,1810,324.3,2,3,2,2,2,34,-13,1,0
99362,0,1975,569974,194924,1,880,221.5,2,2,1,1,2,51,43901,2.92,1.92
98548,3,1992,199974,189902,0.96,1810,324.3,2,3,2,2,2,34,10072,1.05,0.05
98040,0,1977,525080,525053,1,1020,514.76,2,2,2,1,2,49,27,1,0
98579,7,1916,569974,780876,1,1300,600.67,1,2,1,1,2,110,-33595,0.73,-0.27
98108,7,1929,499947,525052,1.03,1320,397.77,1,2,1,1,2,97,-25105,0.95,-0.05
98816,7,1992,569974,574906,1,1810,324.3,2,3,0.5,2,2,34,-4932,0.99,-0.01
98204,7,1952,569974,534920,1,1370,390.45,1,3,1,1,2,74,35054,1.07,0.07
98052,0,2025,1222787,1462187.5,1,2310,659.72,3,4,4,3,2,1,39,0.84,-0.16
98629,7,2005,1222787,1274919,1,3730,341.8,1,4,3,3,2,21,-16,0.96,-0.04
98112,0,1969,569974,1462187.5,1,1780,680.56,3.5,2,2,2,2,57,-33595,0.39,-0.61
98374,7,2018,600027,645552,1.03,3010,214.47,2,5,3,2,2,8,-33595,0.93,-0.07
99117,3,1992,148910,109901,0.96,1810,324.3,2,3,2,2,2,34,39009,1.35,0.35
98052,7,1978,569974,952069,1,1810,526,1,3,4,2,2,48,-33595,0.6,-0.4
98629,7,2004,564828,564849,1,2150,262.72,2,3,2,2,2,22,-21,1,0
98001,7,1946,569974,449919,1,1220,368.79,1,3,1,1,2,80,43901,1.27,0.27
99205,7,1950,430074,399931,0.96,1970,203.01,1,4,2,2,2,76,30143,1.08,0.08
98375,7,1996,698947,685083,0.98,2580,265.54,2,3,3,2,2,30,13864,1.02,0.02
98684,7,1978,499941,500058,1,1830,273.26,2,3,2,2,2,48,-117,1,0
98118,7,1966,569974,424908,1,1100,386.28,1,3,1,1,2,60,43901,1.34,0.34
99208,7,1980,549906,564929,1.03,3520,160.49,3.5,4,3,2,2,46,-15023,0.97,-0.03
98011,8,2025,850045,850061,1,1800,472.26,2,3,4,3,2,1,-16,1,0
98070,7,1944,569974,299910,1,1920,156.2,2,3,3,2,2,82,43901,1.9,0.9
99206,7,1977,449946,449923,1,2090,215.27,3,4,3,2,2,49,23,1,0
98042,4,1985,1000090,950050,0.96,2740,346.73,1,3,2,1,2,41,43901,1.05,0.05
98331,7,1974,569974,186879,1,1150,162.5,1,2,2,2,2,52,43901,3.05,2.05
98026,7,1979,569974,780082,1,2410,323.69,2,3,2,2,2,47,-33595,0.73,-0.27
99208,7,2004,549949,559935,1.02,2630,212.9,2,5,3,3,2,22,-9986,0.98,-0.02
98033,7,1955,569974,1462187.5,1,1060,324.3,1,3,1,1,2,71,-33595,0.39,-0.61
99203,7,1938,694928,725052,1.03,2790,259.88,2,4,2,2,2,88,-30124,0.96,-0.04
99016,7,2025,494910,485093,0.98,1760,275.62,2,3,3,2,2,1,9817,1.02,0.02
98548,3,1992,55086,40050,0.96,1810,324.3,2,3,2,2,2,34,15036,1.38,0.38
98604,7,2025,569974,1462187.5,1,3860,393.68,1,5.5,4,3,2,1,-33595,0.39,-0.61
98596,7,2025,440090,439908,1,1630,269.88,1,3,2,2,2,1,182,1,0
99350,7,1999,784922,787433,1,2760,285.3,1,3,3,1,2,27,-2511,1,0
99202,0,2022,375080,359940,0.96,1010,356.38,2,2,2,1,2,4,15140,1.04,0.04
98673,7,1930,225060,224914,1,790,284.7,2,1.5,1,1,2,96,146,1,0
98155,7,1955,569974,750082,1,1180,635.66,1,3,1,1,2,71,-33595,0.76,-0.24
98382,7,1991,1038903,1002050,0.96,2570,389.9,2,3,3,2,2,35,36853,1.04,0.04
99223,7,1992,629930,617079,0.98,3865,159.04,2,5,4,3,2,34,12851,1.02,0.02
99324,7,1971,569974,650050,1,2790,232.99,2,2,2,2,2,55,-33595,0.88,-0.12
98112,7,1984,1222787,1462187.5,1,2510,680.56,2,4,3,2,2,42,163,0.84,-0.16
98271,7,2025,750045,750015,1,2500,300.01,2,4,3,2,2,1,30,1,0
99207,7,1959,334075,344592,1.03,1890,182.32,1,4,2,2,2,67,-10517,0.97,-0.03
98042,7,1992,569974,759951,1,1810,324.3,2,3,0.5,2,2,34,-33595,0.75,-0.25
99354,7,2010,495561,495415,1,2250,220.18,1,4,2,2,2,16,146,1,0
98837,3,1992,104947,114913,1.03,1810,324.3,2,3,2,2,2,34,-9966,0.91,-0.09
98607,8,2016,484902,484949,1,1890,256.59,2,3,2,2,2,10,-47,1,0
98239,7,2006,685074,685053,1,1860,368.31,1,3,2,2,2,20,21,1,0
98940,7,1976,619064,619089,1,2380,260.12,2,4,2,1,2,50,-25,1,0
98405,7,1926,569974,240071,1,1340,179.16,1,3,1,1,2,100,43901,2.37,1.37
98198,6,1992,569974,1462187.5,1,1810,324.3,2,3,0.5,2,2,34,-33595,0.39,-0.61
98295,7,1992,569974,58435,1,1810,324.3,2,3,0.5,2,2,34,43901,9.75,8.75
98022,7,1927,624938,600067,0.96,1720,348.88,2,3,1,1,2,99,24871,1.04,0.04
98116,7,1954,775072,831084,1.03,1210,680.56,1,2,1,1,2,72,-33595,0.93,-0.07
98816,6,1992,569974,98913,1,1810,324.3,2,3,0.5,2,2,34,43901,5.76,4.76
98058,7,2023,985059,987938,1,2750,359.25,2,5,3,2,2,3,-2879,1,0
98837,7,1956,329433,329584,1,2500,131.83,1,3,2,1,2,70,-151,1,0
99208,7,2022,494933,490058,0.99,2340,209.43,2,4,3,2,2,4,4875,1.01,0.01
98387,7,2012,595026,610065,1.03,3020,202.01,2,5,3,2,2,14,-15039,0.98,-0.02
98569,3,1992,54922,44911,0.96,1810,324.3,2,3,2,2,2,34,10011,1.22,0.22
98374,7,1994,789095,740100,0.96,2210,334.89,2,3,3,2,2,32,43901,1.07,0.07
98272,7,2015,844091,834053,0.99,2590,322.03,1,3,2,2,2,11,10038,1.01,0.01
98387,7,1996,445064,444917,1,1210,367.7,2,3,2,2,2,30,147,1,0
98249,7,1979,1100096,1050079,0.96,2500,420.03,2,2,3,1,2,47,43901,1.05,0.05
98664,0,2001,375924,375920,1,1150,326.89,1,2,2,2,2,25,4,1,0
98122,7,1921,1222787,1462187.5,0.98,2580,680.56,2,3,3,2,2,105,43901,0.84,-0.16
98230,7,1916,849933,830053,0.98,2240,370.56,2,5,3,1,2,110,19880,1.02,0.02
99201,5,1909,569974,1460087,1,2820,517.76,2,5.5,4,3.5,2,117,-33595,0.39,-0.61
98382,3,1992,74909,75064,1,1810,324.3,2,3,0.5,2,2,34,-155,1,0
98106,7,2025,787069,786943,1,1710,460.2,3,3,3,2,2,1,126,1,0
98520,7,1960,548942,520072,0.96,2050,253.69,3,3,3,1,2,66,28870,1.06,0.06
98837,7,1948,229841,189949,0.96,1040,182.64,1,3,1,1,2,78,39892,1.21,0.21
98272,7,1992,878804,878831,1,2430,361.66,1,4,3,1,2,34,-27,1,0
99301,7,2025,539985,539978,1,2090,258.36,1,3,2,1,2,1,7,1,0
98007,7,2025,1222787,1462187.5,0.98,2730,664.81,2,5,4,2,2,1,34991,0.84,-0.16
98112,8,2016,569974,674949,1,1260,535.67,2,2,4,2,2,10,-33595,0.84,-0.16
98360,7,2018,619915,625088,1.01,2710,230.66,2,5,3,2,2,8,-5173,0.99,-0.01
98926,7,1970,664992,654051,0.98,2150,304.21,1,3,2,1,2,56,10941,1.02,0.02
98294,7,2001,479910,492563,1.03,1400,351.83,2,3,3,2,2,25,-12653,0.97,-0.03
98512,7,2013,569974,469070,1,1640,286.02,2,3,3,2,2,13,43901,1.22,0.22
98607,7,2020,947920,947915,1,3280,289,2,4,2,2,2,6,5,1,0
98026,7,1978,1222787,1462187.5,1,3840,516.95,2,5,3,2,2,48,25,0.84,-0.16
98026,0,1969,369089,358909,0.97,740,485.01,1,1.5,1,1,2,57,10180,1.03,0.03
98112,3,1992,1222787,1462187.5,0.96,1810,324.3,2,3,2,2,2,34,43901,0.84,-0.16
98684,7,1999,549970,559911,1.02,1800,311.06,2,4,3,2,2,27,-9941,0.98,-0.02
98133,7,1917,1149905,1050051,0.96,3570,294.13,2,5,2,2,2,109,43901,1.1,0.1
98223,7,1988,750051,749911,1,1770,423.68,1,3,2,2,2,38,140,1,0
98022,7,2020,730026,714940,0.98,2570,278.19,2,4,3,2,2,6,15086,1.02,0.02
98260,7,1918,569974,950185,1,2260,420.44,1,3,1,1,2,108,-33595,0.6,-0.4
98512,6,1992,569974,150099,1,1810,324.3,2,3,0.5,2,2,34,43901,3.8,2.8
99301,7,2012,470051,470054,1,1830,256.86,1,3,2,2,2,14,-3,1,0
98370,3,1985,29949,29945,1,360,83.18,2,3,2,2,2,41,4,1,0
99022,7,1976,729934,730085,1,3300,221.24,2,4,3,3,2,50,-151,1,0
98070,7,1999,989939,998943,1.01,2420,412.79,2,3,3,2,2,27,-9004,0.99,-0.01
99354,7,1973,440075,459901,1.03,2070,222.17,2,4,3,1,2,53,-19826,0.96,-0.04
98272,7,1969,674935,677423,1,2110,321.05,2,4,3,1,2,57,-2488,1,0
98327,7,2001,695068,689921,0.99,2510,274.87,2,3,3,2,2,25,5147,1.01,0.01
98275,7,1961,775078,764907,0.99,1600,478.07,1,3,2,1,2,65,10171,1.01,0.01
98937,3,1992,89578,79261,0.96,1810,324.3,2,3,0.5,2,2,34,10317,1.13,0.13
98328,6,1992,569974,308378,1,1810,324.3,2,3,0.5,2,2,34,43901,1.85,0.85
98282,7,1980,798926,818900,1.02,2290,357.6,2,4,3,2,2,46,-19974,0.98,-0.02
98115,7,1953,794922,804949,1.01,1740,462.61,1,3,2,1,2,73,-10027,0.99,-0.01
98408,7,1937,325084,315058,0.97,2440,129.12,2,3,1,1,2,89,10026,1.03,0.03
98033,0,2011,1222787,1462187.5,0.96,2710,680.56,3,4,4,3,2,15,43901,0.84,-0.16
98105,7,2016,1222787,1462187.5,1,1390,680.56,1,2,2,1,2,10,-151,0.84,-0.16
99205,7,1950,319993,327944,1.02,1600,204.96,2,3,1,2,2,76,-7951,0.98,-0.02
98632,7,1956,430066,397942,0.96,1380,288.36,1,3,1,1,2,70,32124,1.08,0.08
98109,7,1952,1222787,1462187.5,0.96,3865,580.07,2,4,4,3,2,74,43901,0.84,-0.16
98032,7,2025,844247,844107,1,2690,313.79,2,4,4,2,2,1,140,1,0
99126,4,2008,439936,415068,0.96,1620,256.21,1,3,2,2,2,18,24868,1.06,0.06
98387,7,2000,500079,499929,1,1680,297.58,1,3,2,2,2,26,150,1,0
98321,7,2025,799896,800089,1,2920,274,2,4,3,2,2,1,-193,1,0
98226,0,2006,319080,318925,1,1020,312.67,1,1.5,1,1,2,20,155,1,0
98275,7,1979,1222787,1234927,0.99,3380,365.36,2,5,4,1,2,47,15017,0.99,-0.01
98312,7,2000,765990,770903,1.01,3420,225.41,1,4,3,3,2,26,-4913,0.99,-0.01
98133,7,1943,699585,750949,1.03,1000,680.56,1,2,1,1,2,83,-33595,0.93,-0.07
98908,7,2005,554934,555074,1,2480,223.82,1,3,3,2,2,21,-140,1,0
98223,6,1992,569974,168732,1,1810,324.3,2,3,0.5,2,2,34,43901,3.38,2.38
98040,7,2016,1222787,1462187.5,1,3865,680.56,2,5.5,4.5,2,2,10,-9,0.84,-0.16
99205,7,1927,314966,314994,1,1350,233.33,2,3,2,2,2,99,-28,1,0
98077,7,1987,1222787,1462187.5,1.03,2620,614.54,2,4,3,2,2,39,-33595,0.84,-0.16
98802,5,1976,738070,757827,1.03,3865,158.54,2,5.5,4,2,2,50,-19757,0.97,-0.03
98122,8,2018,674944,674909,1,1370,492.63,2,2,2,1,2,8,35,1,0
98501,7,2019,675068,674938,1,2650,254.69,2,5,3,3,2,7,130,1,0
98901,7,1910,479072,439938,0.96,3865,107.04,2,5.5,3,3,2,116,39134,1.09,0.09
99362,7,2026,510040,497140,0.97,1800,276.19,1,3,2,2,2,0,12900,1.03,0.03
98117,8,2026,699855,675050,0.96,1070,630.89,2,2,2,1,2,0,24805,1.04,0.04
98640,6,2003,569974,440068,1,2640,166.69,1,3,0.5,2,2,23,43901,1.3,0.3
98311,4,1985,109949,110082,1,1150,95.72,1,3,2,2,2,41,-133,1,0
99206,7,1979,525094,534929,1.02,2700,198.12,2,3,4,3,2,47,-9835,0.98,-0.02
98155,7,1960,1222787,1279907,0.99,2550,501.92,2,3,3,1,2,66,15186,0.96,-0.04
99353,7,2022,550050,549938,1,2660,206.74,2,5,3,3,2,4,112,1,0
98374,7,2021,675058,674922,1,2720,248.13,2,4,3,2,2,5,136,1,0
98294,7,2020,850066,835056,0.98,2500,334.02,2,4,3,2,2,6,15010,1.02,0.02
98499,7,1952,474975,474940,1,1370,346.67,1,3,1,1,2,74,35,1,0
99337,7,2006,415087,420058,1.01,1590,264.19,1,3,2,2,2,20,-4971,0.99,-0.01
98075,7,1990,1222787,1462187.5,0.96,3865,680.56,2,5,4.5,3.5,2,36,43901,0.84,-0.16
98106,7,1958,825081,834940,1.01,1800,463.86,1,3,2,1,2,68,-9859,0.99,-0.01
98021,7,1961,789900,789866,1,1250,631.89,1,3,3,1,2,65,34,1,0
98058,4,1992,569974,749067,1,1810,324.3,2,3,0.5,2,2,34,-33595,0.76,-0.24
98002,6,2017,569974,1150078,1,3280,350.63,2,3,0.5,2,2,9,-33595,0.5,-0.5
99159,7,1915,183254,205806,1.03,1390,148.06,2,3,2,1,2,111,-22552,0.89,-0.11
98038,7,2018,1100073,1095406,1,2670,410.26,2,4,3,2,2,8,4667,1,0
98466,7,1967,749065,729950,0.97,1950,374.33,2,4,2,2,2,59,19115,1.03,0.03
98109,0,1981,625098,625089,1,1540,405.9,2,3,2,2,2,45,9,1,0
98012,0,1978,848051,848098,1,2210,383.75,2,3,3,1,2,48,-47,1,0
98020,0,2010,1222787,1462187.5,1,1450,680.56,1,2,2,1,2,16,-148,0.84,-0.16
98033,7,1976,1222787,1462187.5,0.98,2940,680.56,2,3,3,2,2,50,43901,0.84,-0.16
98264,7,1972,569974,828947,1,1620,511.7,1,4,2,1,2,54,-33595,0.69,-0.31
98144,7,1928,875069,839918,0.96,2330,360.48,2,4,2,1,2,98,35151,1.04,0.04
98032,7,2025,835803,835817,1,2450,341.15,2,5,4,1,2,1,-14,1,0
99031,4,2000,749083,744929,0.99,3000,248.31,1,4,3,1,2,26,4154,1.01,0.01
98011,7,1950,569974,332076,1,3160,105.09,2,5,3,1,2,76,43901,1.72,0.72
98321,7,2024,674924,675083,1,2610,258.65,2,5,3,2,2,2,-159,1,0
98422,7,2002,869890,869877,1,2990,290.93,2,3,3,3,2,24,13,1,0
98607,7,1930,420078,419911,1,1000,419.91,2,2,1,1,2,96,167,1,0
98125,7,1939,750084,760251,1.01,1660,457.98,2,3,3,3,2,87,-10167,0.99,-0.01
99352,7,2025,454901,429935,0.96,1470,292.47,1,3,2,2,2,1,24966,1.06,0.06
98498,7,1976,819077,800081,0.98,3010,265.81,2,3,4.5,3,2,50,18996,1.02,0.02
98117,7,1912,1222787,1462187.5,0.97,2830,680.56,2,4,4,3,2,114,43901,0.84,-0.16
99354,7,2015,429802,424926,0.99,1530,277.73,1,3,2,1,2,11,4876,1.01,0.01
98516,7,2007,569924,570086,1,1640,347.61,1,2,2,1,2,19,-162,1,0
98110,7,2025,1222787,1462187.5,1,2860,680.56,2,3,3,1,2,1,128,0.84,-0.16
99301,7,2022,394957,395069,1,1240,318.6,1,3,2,1,2,4,-112,1,0
98632,7,1935,569974,37585,1,900,41.76,1,3,1,1,2,91,43901,15.16,14.16
98499,7,1950,875094,865860,0.99,3865,192.41,1,4,3,2,2,76,9234,1.01,0.01
98034,7,1972,1100057,1155082,1.03,1800,641.71,2,3,3,1,2,54,-33595,0.95,-0.05
98012,7,2008,984930,989917,1.01,1740,568.92,2,3,3,2,2,18,-4987,0.99,-0.01
98942,7,1965,469915,440067,0.96,1970,223.38,1,3,2,2,2,61,29848,1.07,0.07
98409,0,1968,225062,235085,1.03,770,305.31,1,2,1,1,2,58,-10023,0.96,-0.04
98367,7,2025,575089,575058,1,2100,273.84,1,3,2,2,2,1,31,1,0
98902,7,1964,548917,549052,1,3865,141.51,2,3,3,2,2,62,-135,1,0
99362,7,1970,394949,390062,0.99,2000,195.03,1,4,2,2,2,56,4887,1.01,0.01
98053,7,2011,1222787,1462187.5,1.01,2860,631.15,2,5,3,2,2,15,-16019,0.84,-0.16
98362,7,1930,384913,384901,1,880,437.39,1,2,1,1,2,96,12,1,0
98012,7,2026,1100044,1100025,1,2200,500.01,2,4,3,2,2,0,19,1,0
98380,7,2006,1099903,1034907,0.96,2080,497.55,2,2,2,2,2,20,43901,1.06,0.06
98501,7,1994,499093,496089,0.99,1580,313.98,1,3,2,2,2,32,3004,1.01,0.01
98625,7,1932,405053,404922,1,1600,253.08,1,3,2,2,2,94,131,1,0
98023,8,1982,360037,359091,1,1310,274.12,2,3,3,2,2,44,946,1,0
98012,7,2018,1099055,1089070,0.99,2300,473.51,2,4,4,3,2,8,9985,1.01,0.01
99224,7,1996,1069947,1070072,1,3865,271.59,2,4,4,3.5,2,30,-125,1,0
98589,7,2007,569974,719913,1,2700,266.63,2,4,3,2,2,19,-33595,0.79,-0.21
98661,7,1946,485074,484918,1,1450,334.43,1,3,1,1,2,80,156,1,0
98532,7,1986,599083,574924,0.96,2720,211.37,1,4,3,2,2,40,24159,1.04,0.04
98363,7,1934,334093,323928,0.97,1330,243.55,2,2,1,1,2,92,10165,1.03,0.03
98005,7,2025,1222787,1462187.5,1.01,3040,680.56,2,4,4,2,2,1,-24898,0.84,-0.16
98331,7,1975,639076,590053,0.96,2890,204.17,1,4,3,1,2,51,43901,1.08,0.08
98296,7,2000,1198908,1198948,1,2360,508.03,2,4,3,1,2,26,-40,1,0
98407,7,1962,669878,704926,1.03,1560,451.88,1,3,3,1,2,64,-33595,0.95,-0.05
99352,7,2007,698076,684949,0.98,3380,202.65,1,5,4,3,2,19,13127,1.02,0.02
98327,0,1997,399925,407933,1.02,1540,264.89,1,3,2,1,2,29,-8008,0.98,-0.02
98019,7,1986,734904,722922,0.98,1080,669.37,1,3,2,2,2,40,11982,1.02,0.02
98037,0,1968,220052,214930,0.98,680,316.07,1,1.5,1,1,2,58,5122,1.02,0.02
99014,7,1978,380094,386060,1.02,1810,213.29,2,4,2,2,2,48,-5966,0.98,-0.02
98360,7,2013,554909,555064,1,2650,209.46,2,4,3,2,2,13,-155,1,0
99005,7,1909,284909,289920,1.02,1440,201.33,1,2,2,1,2,117,-5011,0.98,-0.02
98010,7,2021,645971,645998,1,2290,282.1,2,3,3,2,2,5,-27,1,0
98604,7,1923,569974,450089,1,1360,330.95,1,3,1,1,2,103,43901,1.27,0.27
98374,2,1983,619882,578077,0.96,1240,466.19,1,3,2,2,2,43,41805,1.07,0.07
98662,7,1992,400062,400057,1,1260,317.51,1,3,2,2,2,34,5,1,0
98512,7,2013,575094,575062,1,1760,326.74,1,3,2,2,2,13,32,1,0
98177,7,2025,1222787,1462187.5,0.96,3865,546.53,2,5,4,2,2,1,43901,0.84,-0.16
98382,4,1995,173414,140062,0.96,1090,128.5,2,2,2,2,2,31,33352,1.24,0.24
98273,7,1940,460005,480085,1.03,940,510.73,1,3,1,1,2,86,-20080,0.96,-0.04
98631,7,1909,339810,279932,0.96,1620,172.8,2,3,1,1,2,117,43901,1.21,0.21
98229,7,2008,975083,1004908,1.03,2000,502.45,1,3,2,2,2,18,-29825,0.97,-0.03
98823,3,1992,44900,43063,0.96,1810,324.3,2,3,2,2,2,34,1837,1.04,0.04
98382,0,2007,578944,554925,0.96,1900,292.07,2,3,2,2,2,19,24019,1.04,0.04
98402,8,2005,695077,680086,0.98,1840,369.61,2,2,3,1,2,21,14991,1.02,0.02
98001,7,2022,784924,775060,0.99,2060,376.24,2,3,3,2,2,4,9864,1.01,0.01
98328,7,2020,974923,955088,0.98,2760,346.05,1,3,3,2,2,6,19835,1.02,0.02
98382,7,2019,665027,649921,0.98,2020,321.74,1,3,2,1,2,7,15106,1.02,0.02
98198,0,1974,649876,664917,1.02,1770,375.66,1,3,2,1,2,52,-15041,0.98,-0.02
98292,7,2021,650065,654927,1.01,2310,283.52,2,4,3,2,2,5,-4862,0.99,-0.01
98109,0,1996,399919,384903,0.96,730,527.26,1,1.5,1,1,2,30,15016,1.04,0.04
98310,4,1973,569974,160223,1,910,176.07,1,3,0.5,2,2,53,43901,3.56,2.56
98208,7,1991,938928,949941,1.01,2570,369.63,2,4,3,2,2,35,-11013,0.99,-0.01
98674,4,1989,464919,479922,1.03,2340,205.09,1,3,2,1,2,37,-15003,0.97,-0.03
98118,7,1953,775053,775096,1,1540,503.31,1,3,2,1,2,73,-43,1,0
99016,4,2004,273990,273836,1,1800,152.13,2,3,2,2,2,22,154,1,0
99025,7,2002,645086,644423,1,1580,407.86,2,3,2,2,2,24,663,1,0
98592,7,1997,419952,419988,1,1700,247.05,1,3,2,2,2,29,-36,1,0
98391,7,2002,624953,624837,1,1930,323.75,2,3,3,2,2,24,116,1,0
98563,7,2004,475093,476076,1,2080,228.88,2,4,3,2,2,22,-983,1,0
98418,7,1922,397064,408078,1.03,1030,396.19,1,3,1,1,2,104,-11014,0.97,-0.03
98660,7,1918,380093,379941,1,1820,208.76,1,2,1,1,2,108,152,1,0
98684,7,2025,460070,459936,1,1480,310.77,2,3,2,2,2,1,134,1,0
98665,7,1950,444933,445078,1,1340,332.15,1,3,2,2,2,76,-145,1,0
98103,7,1909,924937,889941,0.96,1600,556.21,1,3,1,2,2,117,34996,1.04,0.04
98056,7,2025,1222787,1450093,1,2440,594.3,2,5,3,2,2,1,-15,0.84,-0.16
98406,7,1921,830055,875076,1.03,2290,382.13,2,4,3,2,2,105,-33595,0.95,-0.05
98177,7,1953,1222787,1375085,1,2540,541.37,1,3,3,2,2,73,-15,0.89,-0.11
98640,7,2021,425067,428070,1.01,1580,270.93,2,2,2,1,2,5,-3003,0.99,-0.01
98282,7,1989,669843,650065,0.97,2320,280.2,1,3,2,1,2,37,19778,1.03,0.03
98117,7,1915,1222787,1462187.5,1,2970,503.34,2,5,3,2,2,111,7,0.84,-0.16
98042,7,1968,505076,512086,1.01,960,533.42,1,3,2,1,2,58,-7010,0.99,-0.01
98112,7,2019,1222787,1254930,0.98,1800,680.56,2,3,3,1,2,7,29986,0.97,-0.03
98107,7,2014,819896,815064,0.99,1250,652.05,2,3,3,1,2,12,4832,1.01,0.01
99021,7,1942,569974,299943,1,980,306.06,1,2,1,1,2,84,43901,1.9,0.9
98271,7,1925,389906,387423,0.99,940,412.15,2,1.5,1,1,2,101,2483,1.01,0.01
98249,0,2001,569974,515084,1,1420,362.74,1,2,1,2,2,25,43901,1.11,0.11
98370,7,1930,1199903,999924,0.96,1300,680.56,1,3,2,1,2,96,43901,1.2,0.2
98282,7,2025,898929,898938,1,2280,394.27,1,3,3,1,2,1,-9,1,0
98532,7,2026,535081,535052,1,2740,195.27,2,4,3,1,2,0,29,1,0
98038,7,2014,790082,775069,0.98,2230,347.56,2,4,3,2,2,12,15013,1.02,0.02
98233,0,1977,469078,458933,0.98,1180,388.93,1,2,2,1,2,49,10145,1.02,0.02
99163,5,1965,419959,422189,1.01,3250,129.9,2,5.5,4.5,3.5,2,61,-2230,0.99,-0.01
98632,7,1948,414922,419902,1.01,1490,281.81,1,3,2,2,2,78,-4980,0.99,-0.01
98112,0,1969,569974,1462187.5,1,1780,680.56,3.5,2,2,2,2,57,-33595,0.39,-0.61
98008,7,1987,1222787,1462187.5,1.03,2110,680.56,2,3,3,1,2,39,-33595,0.84,-0.16
98122,7,1928,1222787,1449920,1,2380,609.21,2,4,4,3,2,98,8,0.84,-0.16
98406,0,1980,295012,298910,1.01,1050,284.68,1,2,2,1,2,46,-3898,0.99,-0.01
98266,7,2022,414912,414927,1,1410,294.27,1,2,2,2,2,4,-15,1,0
99208,7,1989,349947,369916,1.03,1870,197.82,2,4,2,1,2,37,-19969,0.95,-0.05
99336,7,1973,409943,405946,0.99,1520,267.07,1,3,2,2,2,53,3997,1.01,0.01
99206,7,2016,449978,424577,0.96,1620,262.08,1,3,2,2,2,10,25401,1.06,0.06
98043,7,1963,799100,874947,1.03,2110,414.67,2,4,2,2,2,63,-33595,0.91,-0.09
98383,7,1988,739933,730057,0.99,2960,246.64,3,3,4,2,2,38,9876,1.01,0.01
98503,7,2004,589828,630080,1.03,2380,264.74,2,4,3,2,2,22,-33595,0.94,-0.06
98244,4,2010,119934,112560,0.96,380,296.21,1,1.5,1,1,2,16,7374,1.07,0.07
98631,4,2002,453628,453751,1,1730,262.28,1,3,2,2,2,24,-123,1,0
99208,7,1975,551950,538941,0.98,2810,191.79,2,4,3,3,2,51,13009,1.02,0.02
98271,7,2023,684920,680089,0.99,2090,325.4,2,3,3,1,2,3,4831,1.01,0.01
98503,7,1997,609580,609421,1,2530,240.88,2,4,3,2,2,29,159,1,0
98168,0,1965,180016,198019,1.03,900,220.02,1,2,1,1,2,61,-18003,0.91,-0.09
98374,7,2022,539936,546599,1.01,2050,266.63,2,4,3,2,2,4,-6663,0.99,-0.01
98258,7,1915,640088,657069,1.03,1320,497.78,1,3,1,1,2,111,-16981,0.97,-0.03
98404,7,1971,399940,410094,1.03,960,427.18,1,3,1,1,2,55,-10154,0.98,-0.02
98374,0,1997,295051,284933,0.97,1170,243.53,2,3,3,1,2,29,10118,1.04,0.04
99223,7,1960,498948,498949,1,3240,154,1,5,3,2,2,66,-1,1,0
98103,7,1912,1222787,1462187.5,0.97,2290,676.83,2,3,3,1,2,114,43901,0.84,-0.16
99205,7,1909,278932,279063,1,2020,138.15,2,3,2,2,2,117,-131,1,0
98229,7,1991,389845,415441,1.03,1290,322.05,1,3,2,2,2,35,-25596,0.94,-0.06
98816,0,1992,569974,950058,1,1100,680.56,2,3,0.5,2,2,34,-33595,0.6,-0.4
98312,7,1956,450057,425069,0.96,2770,153.45,2,4,2,2,2,70,24988,1.06,0.06
98626,7,2007,874933,842051,0.96,3190,263.97,1,4,4,3,2,19,32882,1.04,0.04
98569,7,1978,379951,376560,0.99,1470,256.16,1,2,1,1,2,48,3391,1.01,0.01
98023,7,1989,660034,674938,1.02,2180,309.6,2,3,3,2,2,37,-14904,0.98,-0.02
98023,7,2011,774915,750100,0.97,2570,291.87,2,4,3,2,2,15,24815,1.03,0.03
98020,0,2019,1222787,1400060,1,1040,680.56,1,2,2,1,2,7,-1972,0.87,-0.13
98011,7,1987,894937,860092,0.96,1360,632.42,1,3,2,1,2,39,34845,1.04,0.04
98058,7,1977,770016,770031,1,2180,353.23,3,4,3,1,2,49,-15,1,0
98362,7,1920,424903,425097,1,1760,241.53,2,3,1,1,2,106,-194,1,0
98589,7,1977,499991,484922,0.97,1190,407.5,2,2,1,1,2,49,15069,1.03,0.03
99158,7,1948,191949,194920,1.02,1150,169.5,1,2,1,1,2,78,-2971,0.98,-0.02
98166,7,1915,645085,655061,1.02,1450,451.77,1,3,2,1,2,111,-9976,0.98,-0.02
99350,7,2020,339909,324921,0.96,1420,228.82,1,4,2,2,2,6,14988,1.05,0.05
98258,7,2005,708922,710084,1,2250,315.59,2,4,3,2,2,21,-1162,1,0
98042,7,2019,989868,1015100,1.03,3000,338.37,2,5,3,2,2,7,-25232,0.98,-0.02
98632,7,1978,404950,405054,1,1360,297.83,1,3,1,1,2,48,-104,1,0
99362,4,2015,548949,524943,0.96,1620,324.04,1,3,2,2,2,11,24006,1.05,0.05
98037,7,2018,999951,985050,0.99,2360,417.39,2,4,3,2,2,8,14901,1.02,0.02
98233,7,1973,574942,569910,0.99,1550,367.68,1,3,2,2,2,53,5032,1.01,0.01
98204,4,1988,259900,260054,1,1770,146.92,1,3,2,1,2,38,-154,1,0
98682,7,2024,685082,685096,1,2240,305.85,2,4,2,2,2,2,-14,1,0
98056,7,2013,1222787,1400432,1.03,2500,560.17,2,4,3,2,2,13,-33595,0.87,-0.13
98282,7,1963,569974,263709,1,830,317.72,1,1.5,1,1,2,63,43901,2.16,1.16
98177,8,2016,799097,803901,1.01,1740,462.01,2,3,2,1,2,10,-4804,0.99,-0.01
98115,0,1948,825060,825086,1,1180,680.56,3,2,2,1,2,78,-26,1,0
98077,7,1997,1222787,1462187.5,1.03,2810,565.81,2,4,3,2,2,29,-33595,0.84,-0.16
98444,7,1933,425051,420095,0.99,1320,318.25,2,3,1,1,2,93,4956,1.01,0.01
98112,7,1998,569974,1462187.5,1,3000,680.56,2,4,4.5,3,2,28,-33595,0.39,-0.61
98387,7,1997,484946,485082,1,1490,325.56,2,3,3,2,2,29,-136,1,0
99216,7,2025,411810,419566,1.02,1770,237.04,1,3,2,1,2,1,-7756,0.98,-0.02
98012,7,2025,1222787,1379890,0.99,3000,459.96,2,4,4,3,2,1,20163,0.89,-0.11
98010,7,2025,649877,624864,0.96,1840,339.6,2,3,3,2,2,1,25013,1.04,0.04
98801,7,2010,339826,344802,1.01,1460,236.17,2,3,2,2,2,16,-4976,0.99,-0.01
98203,7,1945,430040,429851,1,860,499.83,1,2,1,1,2,81,189,1,0
98404,7,1944,358933,365078,1.02,770,474.13,1,2,1,1,2,82,-6145,0.98,-0.02
98404,7,1967,249950,290168,1.03,880,329.74,1,3,1,1,2,59,-33595,0.86,-0.14
98513,7,1969,434931,447098,1.03,1360,328.75,1,3,1,1,2,57,-12167,0.97,-0.03
98002,7,1968,525014,525100,1,1200,437.58,1,4,2,1,2,58,-86,1,0
98042,4,2001,629912,609944,0.97,1730,352.57,1,3,2,1,2,25,19968,1.03,0.03
98321,7,2024,569974,803203,1,2950,272.27,2,4,2,3,2,2,-33595,0.71,-0.29
98391,7,2022,520946,521080,1,1540,338.36,2,3,3,2,2,4,-134,1,0
98033,7,2026,1222787,1462187.5,1,2750,680.56,2,4,3,2,2,0,178,0.84,-0.16
99208,7,2005,389053,388901,1,1960,198.42,1,4,3,3,2,21,152,1,0
98802,7,2025,541819,541962,1,1500,361.31,1,3,2,2,2,1,-143,1,0
98027,7,2025,1222787,1462187.5,0.98,3490,659,2,4,4,2,2,1,43901,0.84,-0.16
98926,7,2025,424930,425077,1,1430,297.26,1,3,2,1,2,1,-147,1,0
98837,5,1961,389074,395054,1.02,2860,138.13,2,5.5,2,2,2,65,-5980,0.98,-0.02
99301,7,2006,569974,411924,1,1790,230.13,1,3,2,2,2,20,43901,1.38,0.38
98682,7,1998,489910,489944,1,1720,284.85,1,3,2,2,2,28,-34,1,0
98226,0,1991,510099,515098,1.01,1190,432.86,1,2,2,1,2,35,-4999,0.99,-0.01
98033,7,2025,1199859,1174862,0.98,1470,680.56,1,3,4,1,2,1,24997,1.02,0.02
98146,7,1950,525072,539904,1.03,1040,519.14,1,3,1,1,2,76,-14832,0.97,-0.03
98649,7,1975,379925,392920,1.03,910,431.78,1,2,1,1,2,51,-12995,0.97,-0.03
98107,8,2017,1050071,1015070,0.97,1920,528.68,2,4,2,1,2,9,35001,1.03,0.03
98052,0,1984,431910,432071,1,860,502.41,1,1.5,1,1,2,42,-161,1,0
98037,7,2025,1222787,1399892,1,3300,424.21,2,5,4,3,2,1,20,0.87,-0.13
99207,7,1910,569974,179057,1,710,252.19,1,1.5,1,1,2,116,43901,3.18,2.18
98387,7,1988,450020,449905,1,1270,354.26,1,3,2,2,2,38,115,1,0
98052,0,1992,569974,1223929,1,1500,680.56,2,3,4,3,2,34,-33595,0.47,-0.53
98664,7,1997,490078,489920,1,1790,273.7,2,3,2,2,2,29,158,1,0
98304,4,2010,524915,523084,1,1240,421.84,1,3,2,1,2,16,1831,1,0
98682,7,2025,828850,828868,1,1810,457.94,1,3,2,2,2,1,-18,1,0
98366,7,1981,569974,350369,1,1150,304.67,1,3,1,1,2,45,43901,1.63,0.63
98118,8,2026,799992,799842,1,1630,490.7,2,3,3,1,2,0,150,1,0
98684,7,2026,552821,552981,1,1590,347.79,2,3,2,2,2,0,-160,1,0
98144,7,1912,874904,917947,1.03,3810,240.93,2,4,2,1,2,114,-33595,0.95,-0.05
98266,7,1983,569974,200081,1,720,277.89,1,1.5,1,1,2,43,43901,2.85,1.85
98632,7,1978,409803,419955,1.02,1380,304.32,1,3,2,2,2,48,-10152,0.98,-0.02
98026,7,2025,1222787,1462187.5,0.96,3865,443.6,2,5,4,3,2,1,43901,0.84,-0.16
98273,7,2007,549578,555099,1.01,1720,322.73,2,3,3,1,2,19,-5521,0.99,-0.01
98373,7,2001,475064,480071,1.01,1310,366.47,2,3,3,2,2,25,-5007,0.99,-0.01
98010,7,2026,585022,584890,1,1530,382.28,2,3,3,2,2,0,132,1,0
98115,0,1992,569974,824928,1,1180,680.56,2,2,3,2,2,34,-33595,0.69,-0.31
98663,7,1926,424985,424985,1,2290,185.58,2,3,1,1,2,100,0,1,0
98027,8,1996,710004,735087,1.03,1170,628.28,2,2,3,1,2,30,-25083,0.97,-0.03
98002,7,1963,535042,524918,0.98,1370,383.15,1,4,2,1,2,63,10124,1.02,0.02
99362,7,1921,569974,300079,1,1880,159.62,1,4,1,1,2,105,43901,1.9,0.9
98168,7,1965,584922,580082,0.99,1220,475.48,1,3,2,1,2,61,4840,1.01,0.01
99207,7,2023,399873,390061,0.98,1460,267.17,1,3,2,2,2,3,9812,1.03,0.03
98327,0,2005,335085,344940,1.03,1050,328.51,1,2,2,1,2,21,-9855,0.97,-0.03
98926,7,2023,798940,784903,0.98,1820,431.27,1,3,2,2,2,3,14037,1.02,0.02
98373,0,1983,340088,340079,1,1320,257.64,2,3,3,2,2,43,9,1,0
98230,7,1956,569974,285405,1,920,310.22,1,1.5,1,1,2,70,43901,2,1
98155,7,1952,569974,754919,1,1530,493.41,1,2,1,1,2,74,-33595,0.76,-0.24
98258,7,2025,1222787,1204068,0.96,3865,291.54,2,4,4.5,3.5,2,1,43901,1.02,0.02
98661,8,2025,1107654,1107487,1,1990,556.53,2,3,2,2,2,1,167,1,0
99201,6,1909,569974,1459915,1,3865,277.55,3,3,0.5,2,2,117,-33595,0.39,-0.61
98102,7,1987,1222787,1462187.5,1,2160,680.56,2,3,3,1,2,39,119,0.84,-0.16
98675,7,2025,569974,500552,1,2810,178.13,2,3,3,2,2,1,43901,1.14,0.14
98944,7,1920,569974,99914,1,820,121.85,2,2,1,1,2,106,43901,5.7,4.7
99403,4,1984,99436,568006,1,1510,324.3,1,2,2,2,2,42,-33595,0.18,-0.82
99037,7,1998,569974,489947,1,2560,191.39,1,3,2,2,2,28,43901,1.16,0.16
99122,7,2022,678100,650058,0.96,3030,214.54,2,4,4,3,2,4,28042,1.04,0.04
99004,7,1978,569974,386080,1,1810,213.3,1,3,1,1,2,48,43901,1.48,0.48
99019,0,2001,204902,207938,1.01,730,284.85,1,1.5,1,1,2,25,-3036,0.99,-0.01
98466,7,2006,820043,832072,1.01,3060,271.92,2,4,3,2,2,20,-12029,0.99,-0.01
98802,7,1982,569974,337556,1,2060,163.86,1,2,2,2,2,44,43901,1.69,0.69
99208,7,2019,777858,750062,0.96,2620,286.28,2,5,4,3,2,7,27796,1.04,0.04
99336,7,1961,569974,249950,1,1600,156.22,1,4,2,1,2,65,43901,2.28,1.28
98133,0,1992,569974,689859,1,1230,560.86,2,3,3,2,2,34,-33595,0.83,-0.17
98466,7,1964,569974,460073,1,2120,217.02,2,4,1,2,2,62,43901,1.24,0.24
98908,7,1991,357909,367058,1.03,1470,249.7,1,3,2,2,2,35,-9149,0.98,-0.02
98026,7,2019,1222787,1462187.5,0.96,3865,645.76,2,4,4.5,3,2,7,43901,0.84,-0.16
98087,0,2017,569974,745097,1,1810,411.66,2,3,3,2,2,9,-33595,0.76,-0.24
98027,7,2025,569974,1462187.5,1,3560,646.09,2,4,4.5,3.5,2,1,-33595,0.39,-0.61
99021,7,1979,499088,482595,0.97,3170,152.24,2,4,2,2,2,47,16493,1.03,0.03
98642,7,2015,1140067,1140070,1,3090,368.95,1,3,2,2,2,11,-3,1,0
98642,7,2007,949909,949908,1,3610,263.13,2,5.5,3,3,2,19,1,1,0
98270,7,2019,684929,684934,1,2130,321.57,2,4,3,1,2,7,-5,1,0
98604,7,2002,509907,509935,1,2060,247.54,2,4,2,2,2,24,-28,1,0
98926,7,1992,569974,424899,1,1810,324.3,2,3,0.5,2,2,34,43901,1.34,0.34
98816,0,1992,569974,324943,1,760,427.56,2,3,0.5,2,2,34,43901,1.75,0.75
98382,7,1995,839999,800093,0.96,2770,288.84,2,3,3,2,2,31,39906,1.05,0.05
98226,7,2024,569974,436616,1,940,464.49,2,2,2,1,2,2,43901,1.31,0.31
98816,0,2017,569974,68256,1,290,235.37,2,3,0.5,2,2,9,43901,8.35,7.35
98115,7,1942,824950,829918,1.01,1740,476.96,1,2,1,1,2,84,-4968,0.99,-0.01
98295,7,2011,569974,475219,1,1480,321.09,1,3,2,2,2,15,43901,1.2,0.2
98042,7,1992,569974,548749,1,1810,324.3,2,3,0.5,2,2,34,21225,1.04,0.04
98037,0,1979,260099,240091,0.96,800,300.11,1,2,1,1,2,47,20008,1.08,0.08
98042,7,1992,569974,584874,1,1810,324.3,2,3,0.5,2,2,34,-14900,0.97,-0.03
98503,7,1991,449899,449852,1,1360,330.77,2,3,3,2,2,35,47,1,0
99004,7,2002,599978,575054,0.96,2000,287.53,2,2,2,2,2,24,24924,1.04,0.04
98662,7,1999,569974,509903,1,1950,261.49,2,4,3,2,2,27,43901,1.12,0.12
98550,7,1909,268425,277079,1.03,1470,188.49,2,4,3,1,2,117,-8654,0.97,-0.03
98642,7,2026,1055098,1055082,1,3650,289.06,2,5,4,3.5,2,0,16,1,0
98282,7,1909,614909,574925,0.96,570,680.56,1,1.5,1,2,2,117,39984,1.07,0.07
98391,7,2017,1074919,1075051,1,3820,281.43,2,4,4.5,3,2,9,-132,1,0
98004,7,1966,569974,1360054,1,1810,680.56,1,4,4.5,3,2,60,-33595,0.42,-0.58
98466,7,1968,574927,590077,1.03,1610,366.51,2,4,2,2,2,58,-15150,0.97,-0.03
99352,7,2025,739064,738909,1,2270,325.51,1,4,3,3,2,1,155,1,0
98178,0,1992,569974,574945,1,1170,491.41,2,3,4,2,2,34,-4971,0.99,-0.01
99128,7,1950,379098,379063,1,1000,379.06,1,1.5,1,2,2,76,35,1,0
98012,7,2008,569974,578069,1,1570,368.2,2,2,3,2,2,18,-8095,0.99,-0.01
99206,7,2008,529086,518077,0.98,2790,185.69,1,4,3,1,2,18,11009,1.02,0.02
98271,7,2025,744894,744900,1,2540,293.27,2,4,3,2,2,1,-6,1,0
98642,7,1975,569974,475082,1,1520,312.55,1,3,2,2,2,51,43901,1.2,0.2
98118,7,1909,394938,420075,1.03,910,461.62,1,2,1,1,2,117,-25137,0.94,-0.06
98058,7,2003,730049,714901,0.98,1620,441.3,2,3,3,2,2,23,15148,1.02,0.02
98685,7,2015,994928,994935,1,3320,299.68,2,4,3,3,2,11,-7,1,0
98321,7,2008,539096,549075,1.02,1930,284.49,2,3,3,2,2,18,-9979,0.98,-0.02
98604,4,1990,453405,453554,1,1510,300.37,1,2,2,2,2,36,-149,1,0
98023,7,1986,569974,674904,1,1980,340.86,1,3,4,2,2,40,-33595,0.84,-0.16
98116,7,1947,569974,850092,1,1690,503.01,1,2,1,1,2,79,-33595,0.67,-0.33
98226,7,1971,569974,635538,1,1790,355.05,2,4,2,2,2,55,-33595,0.9,-0.1
99134,7,1920,624907,620073,0.99,2590,239.41,2,3,2,2,2,106,4834,1.01,0.01
98662,7,1928,1055058,1054907,1,2680,393.62,3,3,2,2,2,98,151,1,0
98822,7,2025,421053,421065,1,1250,336.85,1,3,2,1,2,1,-12,1,0
98816,7,1992,569974,824938,1,1950,423.05,1,2,2,2,2,34,-33595,0.69,-0.31
98042,7,1992,569974,624888,1,1810,324.3,2,3,0.5,2,2,34,-33595,0.91,-0.09
98501,5,1959,499089,506914,1.02,1520,333.5,2,4,2,2,2,67,-7825,0.98,-0.02
99352,7,2025,390875,390891,1,1150,339.91,1,3,2,2,2,1,-16,1,0
98059,7,1977,569974,749946,1,1910,392.64,1,3,4,2,2,49,-33595,0.76,-0.24
98826,7,1924,569974,1250058,1,3865,308.66,2,4,3,3,2,102,-33595,0.46,-0.54
98531,4,1998,349906,338400,0.97,1390,243.45,1,3,2,1,2,28,11506,1.03,0.03
98665,8,2005,385092,385094,1,1890,203.75,3,3,2,2,2,21,-2,1,0
98072,0,1992,569974,1088902,1,1810,324.3,2,3,0.5,2,2,34,-33595,0.52,-0.48
98117,0,1992,569974,739836,1,1460,506.74,2,3,4,2,2,34,-33595,0.77,-0.23
98665,7,1995,503931,503928,1,1770,284.71,2,3,2,2,2,31,3,1,0
98033,0,2008,569974,1462187.5,1,2710,680.56,2,4,3,3,2,18,-33595,0.39,-0.61
98391,4,1977,360072,360076,1,1440,250.05,1,3,2,2,2,49,-4,1,0
98258,7,1969,924850,899949,0.97,2410,373.42,2,3,3,1,2,57,24901,1.03,0.03
98684,7,2018,803072,802920,1,2890,277.83,2,3,2,2,2,8,152,1,0
99206,7,1954,465084,483651,1.03,2090,231.41,2,3,2,1,2,72,-18567,0.96,-0.04
99125,4,1998,189055,189064,1,1340,141.09,1,3,2,2,2,28,-9,1,0
98133,8,2025,764903,744936,0.97,1340,555.92,2,3,2,1,2,1,19967,1.03,0.03
98382,7,2012,996007,996084,1,3120,319.26,2,3,3,2,2,14,-77,1,0
99212,7,1958,454931,444905,0.98,1810,324.3,1,3,2,2,2,68,10026,1.02,0.02
98375,7,1994,648908,615085,0.96,2590,237.48,2,3,3,2,2,32,33823,1.05,0.05
98273,7,2002,475099,485072,1.02,1020,475.56,1,2,2,1,2,24,-9973,0.98,-0.02
98230,7,1974,675074,655076,0.97,2320,282.36,2,4,3,3,2,52,19998,1.03,0.03
98250,7,1987,494926,499924,1.01,890,561.71,2,1.5,2,1,2,39,-4998,0.99,-0.01
98119,7,2025,1222787,1462187.5,0.96,3200,680.56,2,5,4,3,2,1,43901,0.84,-0.16
98367,7,1973,599901,609902,1.02,1590,383.59,1,3,2,1,2,53,-10001,0.98,-0.02
98199,7,1951,1222787,1462187.5,0.96,3000,508.3,1,4,2,2,2,75,43901,0.84,-0.16
99208,7,2000,670001,674938,1.01,2940,229.57,3.5,5,3,3,2,26,-4937,0.99,-0.01
98272,4,1981,495074,480055,0.97,1150,417.44,1,3,2,2,2,45,15019,1.03,0.03
98382,7,1967,409550,360058,0.96,2570,140.1,1,3,2,1,2,59,43901,1.14,0.14
98012,8,2007,849892,849918,1,2080,408.61,2,3,3,2,2,19,-26,1,0
98208,7,1988,700082,690051,0.99,1600,431.28,1,4,2,1,2,38,10031,1.01,0.01
98506,7,2021,650085,650055,1,2640,246.23,2,4,3,2,2,5,30,1,0
98625,7,1992,526935,527083,1,1780,296.11,1,3,2,2,2,34,-148,1,0
98059,4,1979,64910,64943,1,1880,34.54,1,3,2,2,2,47,-33,1,0
98115,7,2003,1222787,1462187.5,0.96,2340,641,2,5,3,2,2,23,43901,0.84,-0.16
98498,7,1978,824939,825051,1,3830,215.42,2,5.5,3,3,2,48,-112,1,0
99349,7,2006,690086,680085,0.99,2110,322.32,1,3,2,2,2,20,10001,1.01,0.01
98374,4,1991,89980,89832,1,1020,88.07,1,2,2,2,2,35,148,1,0
98168,7,2025,1222787,1340936,0.96,3865,316.26,2,5.5,4.5,3.5,2,1,43901,0.91,-0.09
98368,3,1992,224943,194918,0.96,1810,324.3,2,3,0.5,2,2,34,30025,1.15,0.15
98273,4,1977,107561,96942,0.96,1150,84.3,1,2,2,2,2,49,10619,1.11,0.11
98045,8,1989,519935,519924,1,1020,509.73,2,2,2,1,2,37,11,1,0
99206,7,2020,465067,461074,0.99,1720,268.07,1,3,2,2,2,6,3993,1.01,0.01
98005,8,1998,769855,772966,1,1460,529.43,2,2,3,1,2,28,-3111,1,0
98117,8,2026,794913,799919,1.01,1060,680.56,2,2,2,1,2,0,-5006,0.99,-0.01
98201,7,1942,424923,419916,0.99,740,567.45,1,2,1,1,2,84,5007,1.01,0.01
99353,7,2021,859977,830060,0.97,3240,256.19,1,5,4,1,2,5,29917,1.04,0.04
98382,7,1992,724900,725052,1,1890,383.63,2,3,2,1,2,34,-152,1,0
98107,7,2016,975072,963077,0.99,1930,499,2,3,3,2,2,10,11995,1.01,0.01
98075,7,1989,1222787,1462187.5,1,3380,650.9,2,4,4,2,2,37,9,0.84,-0.16
98632,4,1993,106844,106827,1,1080,98.91,1,2,2,1,2,33,17,1,0
98037,7,2005,890016,910081,1.02,1940,469.11,2,4,3,2,2,21,-20065,0.98,-0.02
98311,8,2009,414917,419909,1.01,1900,221,2,3,4,2,2,17,-4992,0.99,-0.01
98115,7,1940,1222787,1462187.5,1,3340,538.9,2,5,3,2,2,86,157,0.84,-0.16
98101,0,1981,499071,524900,1.03,1110,472.88,1,2,2,1,2,45,-25829,0.95,-0.05
98607,7,1977,644074,644078,1,2250,286.26,2,4,3,3,2,49,-4,1,0
98065,7,2006,950099,950072,1,2570,369.68,2,4,3,2,2,20,27,1,0
99202,7,1953,387100,391062,1.01,2030,192.64,2,4,2,2,2,73,-3962,0.99,-0.01
98072,7,1975,1197942,1197916,1,2260,530.05,2,3,2,1,2,51,26,1,0
98022,7,1918,450055,461909,1.03,920,502.08,1,2,1,1,2,108,-11854,0.97,-0.03
98117,7,1931,1222787,1334934,0.97,2070,644.9,2,4,3,2,2,95,40004,0.92,-0.08
98584,7,1974,1075093,949947,0.96,3360,282.72,1,3,3,2,2,52,43901,1.13,0.13
98034,7,2008,1222787,1462187.5,1.01,3865,525.22,2,5.5,4.5,3,2,18,-25123,0.84,-0.16
98223,7,1976,1199856,1180082,0.98,3050,386.91,3,4,4,2,2,50,19774,1.02,0.02
98503,7,1970,484918,487083,1,1620,300.67,1,3,2,1,2,56,-2165,1,0
98115,7,1926,1222787,1462187.5,1,2600,596.18,2,4,4,1,2,100,22,0.84,-0.16
98512,7,2025,649886,649899,1,2590,250.93,2,4,3,2,2,1,-13,1,0
98198,0,1979,569974,19010,1,1120,16.97,3,2,2,1,2,47,43901,29.98,28.98
98310,5,1968,474720,460070,0.97,1660,277.15,2,4,2,2,2,58,14650,1.03,0.03
98329,7,2005,639924,629929,0.98,1920,328.09,1,3,2,2,2,21,9995,1.02,0.02
99336,7,1975,399936,400063,1,1340,298.55,1,3,2,1,2,51,-127,1,0
98564,4,1992,295064,294086,1,1190,247.13,1,2,2,1,2,34,978,1,0
98105,7,1925,888197,842413,0.96,1780,473.27,1,4,2,1,2,101,43901,1.05,0.05
99336,8,2024,410905,410943,1,1820,225.79,2,4,3,2,2,2,-38,1,0
98077,7,1984,1222787,1462187.5,0.96,3270,477.05,2,4,4,1,2,42,43901,0.84,-0.16
98374,8,2018,435075,435078,1,1540,282.52,2,2,3,2,2,8,-3,1,0
98662,7,1973,449923,449920,1,1360,330.82,1,3,2,2,2,53,3,1,0
98312,0,1984,282997,274057,0.97,1000,274.06,2,2,2,1,2,42,8940,1.03,0.03
98056,7,2025,1222787,1250348,1,2360,529.81,2,3,3,1,2,1,-282,0.98,-0.02
98333,7,1997,759919,759916,1,1980,383.8,2,4,3,1,2,29,3,1,0
98133,8,2002,540071,530073,0.98,1340,395.58,2,3,3,2,2,24,9998,1.02,0.02
98204,7,1999,669874,691056,1.03,1990,347.26,2,4,3,2,2,27,-21182,0.97,-0.03
98011,8,2024,569974,842581,1,3865,100.79,2,5.5,4.5,3.5,2,2,-33595,0.68,-0.32
98110,0,2006,365086,357553,0.98,700,510.79,1,1.5,1,1,2,20,7533,1.02,0.02
99354,7,1948,365080,364939,1,1280,285.11,1,3,1,1,2,78,141,1,0
98815,7,1914,589075,629914,1.03,2510,250.96,2,4,2,2,2,112,-33595,0.94,-0.06
98117,8,2026,659953,659839,1,1240,532.13,2,2,2,1,2,0,114,1,0
98674,4,1998,374804,382947,1.02,1200,319.12,1,3,2,2,2,28,-8143,0.98,-0.02
98686,7,2009,574905,584902,1.02,2040,286.72,2,3,3,2,2,17,-9997,0.98,-0.02
98014,7,1995,1222787,1265061,1.01,3865,310.83,2,4,4,3,2,31,-15120,0.97,-0.03
98684,5,1974,492564,492576,1,2160,228.04,1,4,2,2,2,52,-12,1,0
98296,7,1991,1175099,1175092,1,2080,564.95,2,4,3,2,2,35,7,1,0
98292,7,1990,925566,930100,1,2240,415.22,1,4,3,3,2,36,-4534,1,0
98311,7,1973,550090,560091,1.02,1900,294.78,2,3,3,1,2,53,-10001,0.98,-0.02
98103,8,1998,500085,487433,0.97,1040,468.69,2,2,2,1,2,28,12652,1.03,0.03
98296,7,1972,1200093,1194093,1,2450,487.38,2,3,3,2,2,54,6000,1.01,0.01
98815,7,1950,430050,434950,1.01,2340,185.88,1,2,2,2,2,76,-4900,0.99,-0.01
98136,7,1952,698926,751934,1.03,1050,680.56,1,3,1,1,2,74,-33595,0.93,-0.07
98229,7,1976,424922,462560,1.03,1360,340.12,2,3,2,2,2,50,-33595,0.92,-0.08
98223,7,1915,548808,548976,1,1290,425.56,2,3,2,2,2,111,-168,1,0
98290,3,1992,190061,149905,0.96,1810,324.3,2,3,2,2,2,34,40156,1.27,0.27
98310,7,1951,500064,524911,1.03,1330,394.67,1,3,1,1,2,75,-24847,0.95,-0.05
98199,7,1939,725059,956100,1.03,1580,605.13,1,4,1,1,2,87,-33595,0.76,-0.24
98506,7,1996,569974,260056,1,1360,191.22,1,3,3,2,2,30,43901,2.19,1.19
98513,7,1995,529900,530088,1,1660,319.33,1,3,2,2,2,31,-188,1,0
98270,7,1997,599893,605086,1.01,1650,366.72,3,3,3,2,2,29,-5193,0.99,-0.01
98290,7,1990,824939,824927,1,2000,412.46,3,3,3,2,2,36,12,1,0
98031,7,1975,547935,596054,1.03,1420,419.76,1,3,2,1,2,51,-33595,0.92,-0.08
98107,0,2016,470095,454945,0.97,750,606.59,1,1.5,1,1,2,10,15150,1.03,0.03
98053,0,2006,610072,624904,1.02,1220,512.22,1,3,2,1,2,20,-14832,0.98,-0.02
98106,7,1958,750064,750065,1,1450,517.29,1,3,1,1,2,68,-1,1,0
98513,4,1979,319966,323482,1.01,920,351.61,1,2,2,1,2,47,-3516,0.99,-0.01
98155,8,2025,750080,749902,1,1480,506.69,2,3,3,1,2,1,178,1,0
98498,0,1982,390019,389875,1,1350,288.8,2,2,3,1,2,44,144,1,0
98503,7,1996,495057,509940,1.03,1480,344.55,1,3,2,1,2,30,-14883,0.97,-0.03
98011,8,1999,569859,569876,1,1160,491.27,2,2,3,1,2,27,-17,1,0
99205,7,1909,245071,227439,0.96,1340,169.73,1,2,1,1,2,117,17632,1.08,0.08
98512,7,2019,599887,605059,1.01,2380,254.23,2,4,3,2,2,7,-5172,0.99,-0.01
98033,7,2026,1222787,1462187.5,1,3865,680.56,2,5,4.5,2,2,0,-4,0.84,-0.16
98632,5,1959,1222787,1090067,0.96,1810,324.3,2,5.5,4.5,2,2,67,43901,1.12,0.12
98391,7,2006,584943,579916,0.99,1850,313.47,2,3,3,2,2,20,5027,1.01,0.01
98144,5,1992,1222787,1462187.5,0.96,3865,310.43,2,5.5,4.5,2,2,34,43901,0.84,-0.16
98033,7,2008,569974,1462187.5,1,3865,657.13,2,5,4.5,3.5,2,18,-33595,0.39,-0.61
98012,0,1981,574911,569923,0.99,1420,401.35,1,2,2,2,2,45,4988,1.01,0.01
98499,7,1952,390031,390009,1,720,541.68,1,2,1,1,2,74,22,1,0
98056,8,1999,535090,521876,0.98,1280,407.72,2,3,3,1,2,27,13214,1.03,0.03
98360,7,1992,569974,769912,1,3790,203.14,2,5.5,4,3.5,2,34,-33595,0.74,-0.26
98144,7,1941,1200070,1224941,1.02,2260,542.01,1,4,2,1,2,85,-24871,0.98,-0.02
98058,7,1980,768920,755061,0.98,2470,305.69,2,4,3,1,2,46,13859,1.02,0.02
98003,0,1990,361086,359915,1,1680,214.24,1,3,2,2,2,36,1171,1,0
99352,7,1979,464930,464900,1,2290,203.01,2,3,3,1,2,47,30,1,0
98133,0,2024,698904,689069,0.99,1480,465.59,3,2,3,1,2,2,9835,1.01,0.01
98177,0,2025,678905,679092,1,1170,580.42,2,3,2,1,2,1,-187,1,0
98501,7,2025,575040,575009,1,2190,262.56,2,4,3,1,2,1,31,1,0
98012,7,2019,775100,760079,0.98,1560,487.23,2,3,3,2,2,7,15021,1.02,0.02
98277,7,2006,848931,834902,0.98,2540,328.7,2,3,3,2,2,20,14029,1.02,0.02
98409,7,1920,420055,435072,1.03,1810,240.37,1,3,2,1,2,106,-15017,0.97,-0.03
99223,7,1953,499074,493575,0.99,2540,194.32,2,4,3,2,2,73,5499,1.01,0.01
98531,7,1940,265088,265057,1,860,308.21,1,2,1,1,2,86,31,1,0
98221,7,1987,1222787,1309924,1.02,2370,552.71,2,2,2,1,2,39,-20835,0.93,-0.07
98368,7,1978,548931,530079,0.97,1300,407.75,2,2,1,1,2,48,18852,1.04,0.04
98367,7,2025,699964,700000,1,2000,350,1,3,2,2,2,1,-36,1,0
98597,7,2010,510072,510060,1,2860,178.34,2,5,3,2,2,16,12,1,0
99113,7,1909,244990,237068,0.97,920,257.68,1,2,1,1,2,117,7922,1.03,0.03
98404,7,1992,494947,494917,1,1560,317.25,2,3,3,2,2,34,30,1,0
98199,0,1968,399934,392402,0.98,880,445.91,1,1.5,1,1,2,58,7532,1.02,0.02
98208,7,2001,894939,894938,1,2340,382.45,2,5,3,2,2,25,1,1,0
98121,0,2003,1200091,1160085,0.97,1550,680.56,1,2,2,2,2,23,40006,1.03,0.03
98038,7,1989,638427,638406,1,1660,384.58,2,3,3,1,2,37,21,1,0
98226,7,1966,660054,659918,1,2140,308.37,2,4,2,2,2,60,136,1,0
98208,7,1977,799887,799929,1,2000,399.96,2,3,3,1,2,49,-42,1,0
98104,0,1909,549052,548939,1,1300,422.26,1,2,2,1,2,117,113,1,0
98012,7,1984,820074,830064,1.01,1880,441.52,3,3,3,1,2,42,-9990,0.99,-0.01
98116,7,1941,850050,981948,1.03,1960,500.99,1,3,1,1,2,85,-33595,0.87,-0.13
98550,7,1928,109078,105057,0.96,2400,43.77,2,3,2,1,2,98,4021,1.04,0.04
99301,7,2001,460094,460072,1,2500,184.03,2,4,3,2,2,25,22,1,0
98312,7,2025,625077,645047,1.03,2340,275.66,2,4,3,2,2,1,-19970,0.97,-0.03
98801,4,1992,155095,105050,0.96,1570,66.91,1,3,2,1,2,34,43901,1.48,0.48
98370,7,1971,799935,800085,1,2580,310.11,1,4,2,2,2,55,-150,1,0
98125,7,1930,1222787,1249947,1,2330,536.46,3,3,2,1,2,96,-1045,0.98,-0.02
98115,0,2005,575062,549943,0.96,840,654.69,1,2,2,2,2,21,25119,1.05,0.05
99301,3,1992,349928,349920,1,1810,324.3,2,3,2,2,2,34,8,1,0
98339,3,1992,298916,299097,1,1810,324.3,2,3,2,2,2,34,-181,1,0
98604,8,2025,479936,480086,1,1990,241.25,2,4,3,3,2,1,-150,1,0
98043,8,1985,439887,440001,1,1120,392.86,2,2,2,1,2,41,-114,1,0
98072,7,1976,865056,855058,0.99,1430,597.94,1,3,2,1,2,50,9998,1.01,0.01
98372,7,1994,808950,795087,0.98,2920,272.29,2,4,4,1,2,32,13863,1.02,0.02
98023,7,1976,634925,652087,1.03,2270,287.26,2,4,3,1,2,50,-17162,0.97,-0.03
98021,0,1997,430050,430019,1,980,438.79,1,2,2,2,2,29,31,1,0
98030,0,1991,313939,314098,1,1090,288.16,1,3,2,1,2,35,-159,1,0
98008,7,1965,569974,1028905,1,1510,680.56,1,3,2,1,2,61,-33595,0.55,-0.45
98028,0,1998,499903,485087,0.97,1350,359.32,1,3,2,2,2,28,14816,1.03,0.03
98266,7,1910,402089,412912,1.03,1440,286.74,2,3,1,1,2,116,-10823,0.97,-0.03
98502,0,1971,364950,357410,0.98,1470,243.14,2,3,3,1,2,55,7540,1.02,0.02
98404,7,2009,525075,525057,1,1630,322.12,2,3,3,2,2,17,18,1,0
99001,7,2004,345057,337585,0.98,1280,263.74,1,3,2,2,2,22,7472,1.02,0.02
98040,0,1979,449062,425097,0.96,720,590.41,1,1.5,1,1,2,47,23965,1.06,0.06
98387,4,1993,379062,399939,1.03,1290,310.03,1,3,2,2,2,33,-20877,0.95,-0.05
99205,7,1911,284919,285050,1,2140,133.2,1,3,2,2,2,115,-131,1,0
98580,7,2003,449940,430068,0.96,1190,361.4,1,3,2,1,2,23,19872,1.05,0.05
98012,8,2025,1099933,1030058,0.96,2150,479.1,2,4,4,3,2,1,43901,1.07,0.07
98031,7,2023,1222787,1224998,1,3420,358.19,2,4,3,2,2,3,-37,1,0
98362,7,2010,529068,495072,0.96,2470,200.43,2,5,3,2,2,16,33996,1.07,0.07
98338,7,2025,600073,599907,1,2080,288.42,2,3,3,2,2,1,166,1,0
98531,3,1992,127570,115100,0.96,1810,324.3,2,3,2,2,2,34,12470,1.11,0.11
98037,0,1989,339066,339090,1,1070,316.91,1,3,2,1,2,37,-24,1,0
98467,7,1965,550076,569912,1.03,1400,407.08,1,3,2,1,2,61,-19836,0.97,-0.03
98038,7,1993,684919,684901,1,1600,428.06,3,3,3,1,2,33,18,1,0
98119,0,1979,514950,515085,1,1170,440.24,2,2,2,1,2,47,-135,1,0
98582,7,1925,253095,256061,1.01,700,365.8,2,2,1,1,2,101,-2966,0.99,-0.01
98596,7,1930,488904,463913,0.96,2300,201.7,2,4,2,2,2,96,24991,1.05,0.05
98626,4,1967,9920,9434,0.96,700,13.48,1,2,1,1,2,59,486,1.05,0.05
98329,3,1992,115079,99934,0.96,1810,324.3,2,3,2,2,2,34,15145,1.15,0.15
98042,3,1992,569974,824868,1,1810,324.3,2,3,0.5,2,2,34,-33595,0.69,-0.31
98058,7,1977,704808,682434,0.97,1850,368.88,2,4,2,1,2,49,22374,1.03,0.03
98951,3,1992,370068,370051,1,1810,324.3,2,3,2,2,2,34,17,1,0
98012,7,1975,735067,752600,1.02,1080,680.56,1,2,2,1,2,51,-17533,0.98,-0.02
98596,3,1992,135058,134921,1,1810,324.3,2,3,2,2,2,34,137,1,0
99301,3,1992,299908,299916,1,1810,324.3,2,3,2,2,2,34,-8,1,0
98117,7,1939,948934,1180091,1.03,2060,572.86,1,3,2,1,2,87,-33595,0.8,-0.2
98177,7,1947,928436,1010082,1.03,3010,335.58,1,3,2,1,2,79,-33595,0.92,-0.08
98208,7,1958,724901,714919,0.99,2080,343.71,1,3,2,1,2,68,9982,1.01,0.01
98516,7,1989,469925,477090,1.02,1460,326.77,1,3,2,2,2,37,-7165,0.98,-0.02
99004,7,2016,415081,415065,1,1660,250.04,1,3,2,2,2,10,16,1,0
98501,7,2020,550012,550042,1,2390,230.14,2,4,3,2,2,6,-30,1,0
98682,0,2002,254064,254086,1,890,285.49,1,2,2,2,2,24,-22,1,0
98541,3,1992,199087,195059,0.98,1810,324.3,2,3,2,2,2,34,4028,1.02,0.02
98155,7,1955,950072,959943,1.01,2220,432.41,2,4,2,2,2,71,-9871,0.99,-0.01
98133,7,1940,649943,720094,1.03,1450,496.62,1,3,2,1,2,86,-33595,0.9,-0.1
98604,7,1973,579908,579905,1,2510,231.04,2,4,2,2,2,53,3,1,0
98327,7,2002,560070,580100,1.03,1810,320.5,2,3,3,2,2,24,-20030,0.97,-0.03
99021,3,1992,74916,75055,1,1810,324.3,2,3,2,2,2,34,-139,1,0
98662,8,1993,365067,364905,1,1200,304.09,2,2,2,2,2,33,162,1,0
98584,3,1992,84978,49906,0.96,1810,324.3,2,3,2,2,2,34,35072,1.7,0.7
98632,7,1961,300088,289911,0.97,1290,224.74,1,3,1,1,2,65,10177,1.04,0.04
99338,3,1992,254095,254075,1,1810,324.3,2,3,2,2,2,34,20,1,0
98270,4,1999,199060,180075,0.96,1300,138.52,1,3,2,2,2,27,18985,1.11,0.11
98801,7,1956,510084,520071,1.02,2090,248.84,1,4,2,2,2,70,-9987,0.98,-0.02
98012,7,2017,1025096,1034949,1.01,2070,499.98,2,3,3,2,2,9,-9853,0.99,-0.01
98584,4,2002,329918,325075,0.99,1120,290.25,1,2,2,1,2,24,4843,1.01,0.01
98531,7,1950,363057,362938,1,1060,342.39,1,3,2,1,2,76,119,1,0
98671,3,1992,100059,100060,1,1810,324.3,2,3,2,2,2,34,-1,1,0
98682,7,2003,524940,524948,1,2070,253.6,2,4,2,2,2,23,-8,1,0
98021,7,2010,1222787,1462187.5,0.96,3110,504.8,2,4,3,2,2,16,43901,0.84,-0.16
98004,0,2008,719088,719052,1,790,680.56,1,1.5,1,1,2,18,36,1,0
98802,3,1992,129999,129993,1,1810,324.3,2,3,2,2,2,34,6,1,0
98942,4,1973,169076,139905,0.96,670,208.81,2,2,1,1,2,53,29171,1.21,0.21
98310,7,1955,399980,413590,1.03,1300,318.15,1,3,1,2,2,71,-13610,0.97,-0.03
99352,7,2001,423089,418065,0.99,1760,237.54,1,3,2,2,2,25,5024,1.01,0.01
99224,7,2025,469919,469932,1,1570,299.32,1,3,2,2,2,1,-13,1,0
98584,3,1992,91926,85075,0.96,1810,324.3,2,3,2,2,2,34,6851,1.08,0.08
98256,7,1920,439920,449916,1.02,1130,398.16,2,3,1,1,2,106,-9996,0.98,-0.02
98271,7,2025,580055,570051,0.98,1480,385.17,3,4,3,2,2,1,10004,1.02,0.02
99004,7,2025,369942,369902,1,1470,251.63,1,3,2,1,2,1,40,1,0
98292,7,1965,639878,644928,1.01,2050,314.6,1,3,2,2,2,61,-5050,0.99,-0.01
98105,8,2026,720091,720091,1,920,680.56,2,2,2,2,2,0,0,1,0
98290,7,2015,569974,1225053,1,2780,440.67,2,4,4,3,2,11,-33595,0.47,-0.53
98387,7,1979,569974,460071,1,2430,189.33,2,4,3,3,2,47,43901,1.24,0.24
98028,0,2025,599927,584917,0.98,1330,439.79,1,2,2,1,2,1,15010,1.03,0.03
99185,7,1947,94091,88948,0.96,1720,51.71,1,3,1,1,2,79,5143,1.06,0.06
98375,7,2005,549925,550086,1,2690,204.49,2,4,3,2,2,21,-161,1,0
98133,8,2025,569974,744903,1,1440,517.29,2,4,3,2,2,1,-33595,0.77,-0.23
98407,0,2018,569974,924077,1,1810,510.54,3.5,2,2,2,2,8,-33595,0.62,-0.38
98550,7,1922,240936,245930,1.02,1290,190.64,2,3,1,1,2,104,-4994,0.98,-0.02
98102,5,1925,1222787,1462187.5,0.96,3865,366.99,2,2,4,2,2,101,43901,0.84,-0.16
98003,7,1954,529849,504932,0.96,1420,355.59,1,3,2,1,2,72,24917,1.05,0.05
98059,7,2020,569974,1462187.5,1,3865,425.77,2,4,4,3,2,6,-33595,0.39,-0.61
99217,3,1992,569974,35088,1,1810,324.3,2,3,0.5,2,2,34,43901,16.24,15.24
98102,6,2004,569974,640080,1,1290,496.19,3.5,3,0.5,2,2,22,-33595,0.89,-0.11
99223,7,2014,548942,539937,0.98,2360,228.79,1,5,3,3,2,12,9005,1.02,0.02
98102,6,1924,569974,1462187.5,1,1810,324.3,3,3,0.5,2,2,102,-33595,0.39,-0.61
98122,7,1910,1222787,1462187.5,1.01,2910,640.93,2,5,4,1,2,116,-15040,0.84,-0.16
98596,7,1996,439816,450076,1.02,1840,244.61,2,3,4,3,2,30,-10260,0.98,-0.02
98022,7,1996,649088,649053,1,1280,507.07,1,2,2,1,2,30,35,1,0
98031,7,1969,500064,545907,1.03,1250,436.73,1,4,2,2,2,57,-33595,0.92,-0.08
98328,3,1992,135067,60087,0.96,1810,324.3,2,3,2,2,2,34,43901,2.25,1.25
98625,5,1965,499962,499963,1,1660,301.18,1,4,2,2,2,61,-1,1,0
98101,0,2002,204931,216099,1.03,430,502.56,1,1.5,1,1,2,24,-11168,0.95,-0.05
98310,7,1942,415058,405098,0.98,1070,378.6,1,3,1,1,2,84,9960,1.02,0.02
98118,7,1957,484938,524900,1.03,1810,290,2,4,2,1,2,69,-33595,0.92,-0.08
98589,4,1998,569974,770069,1,1140,675.5,2,2,4,2,2,28,-33595,0.74,-0.26
98006,0,1983,458795,444903,0.97,1000,444.9,1,2,2,1,2,43,13892,1.03,0.03
98188,7,1986,569974,905091,1,2540,356.34,2,3,2,2,2,40,-33595,0.63,-0.37
98133,0,1992,569974,689094,1,1480,465.6,2,2,4,2,2,34,-33595,0.83,-0.17
98031,7,2023,569974,1224977,1,3420,358.18,2,4,4,3,2,3,-33595,0.47,-0.53
98126,7,1916,699060,810064,1.03,1700,476.51,1,3,2,1,2,110,-33595,0.86,-0.14
98118,8,2025,569974,799839,1,1320,605.94,3,3,2,2,2,1,-33595,0.71,-0.29
99338,3,1992,569974,525099,1,1810,324.3,2,3,0.5,2,2,34,43901,1.09,0.09
98338,7,2022,500027,522075,1.03,1460,357.59,1,2,2,2,2,4,-22048,0.96,-0.04
98168,7,1965,674940,634903,0.96,2010,315.87,1,4,2,1,2,61,40037,1.06,0.06
98029,0,1992,569974,1350078,1,2300,586.99,2,3,4.5,3.5,2,34,-33595,0.42,-0.58
98607,7,2006,1222787,1299923,1,3560,365.15,2,4,4.5,3.5,2,20,143,0.94,-0.06
98221,7,2019,569974,1462187.5,1,3820,417.57,2,4,4,2,2,7,-33595,0.39,-0.61
99205,7,1936,399846,399970,1,2300,173.9,2,5,2,2,2,90,-124,1,0
99181,4,1992,569974,134922,1,1180,114.34,2,2,2,2,2,34,43901,4.22,3.22
98374,7,2022,644942,645055,1,2190,294.55,2,3,3,2,2,4,-113,1,0
98178,7,1911,499983,474942,0.96,2920,162.65,2,3,1,1,2,115,25041,1.05,0.05
99212,7,1953,347571,339920,0.98,2230,152.43,1,4,1,1,2,73,7651,1.02,0.02
98465,7,2007,790034,820562,1.03,1820,450.86,1,2,2,2,2,19,-30528,0.96,-0.04
98346,7,2024,824896,824905,1,3320,248.47,2,5,4,3.5,2,2,-9,1,0
99353,7,2010,539823,539827,1,2080,259.53,1,3,2,1,2,16,-4,1,0
98367,7,1998,584948,560070,0.96,1670,335.37,2,2,2,1,2,28,24878,1.04,0.04
99224,7,2015,725061,720055,0.99,2600,276.94,2,4,3,2,2,11,5006,1.01,0.01
98002,7,1988,619060,625278,1.01,1650,378.96,1,3,2,1,2,38,-6218,0.99,-0.01
98012,0,2011,878904,815077,0.96,2140,380.88,2,4,3,2,2,15,43901,1.08,0.08
98624,4,1985,569974,280079,1,1850,151.39,2,3,0.5,2,2,41,43901,2.04,1.04
98116,7,1952,1222787,1462187.5,1.03,2960,680.56,1,3,3,3,2,74,-33595,0.84,-0.16
99163,7,1999,414905,414949,1,1280,324.18,2,3,2,1,2,27,-44,1,0
98144,3,1992,569974,449903,1,1810,324.3,2,3,0.5,2,2,34,43901,1.27,0.27
98664,0,1991,990084,990098,1,2280,434.25,1,2,2,2,2,35,-14,1,0
98116,0,1996,569974,256904,1,800,321.13,3.5,1.5,1,1,2,30,43901,2.22,1.22
98362,7,1909,725062,700064,0.97,2670,262.2,2,3,3,2,2,117,24998,1.04,0.04
98444,7,2025,569974,830080,1,2810,295.4,3,5.5,4.5,3.5,2,1,-33595,0.69,-0.31
98367,7,2025,625061,610047,0.98,1960,311.25,1,3,3,3,2,1,15014,1.02,0.02
98208,0,1979,274933,260096,0.96,1140,228.15,2,2,2,1,2,47,14837,1.06,0.06
98826,3,1992,40060,35050,0.96,1810,324.3,2,3,2,2,2,34,5010,1.14,0.14
98074,7,1979,1222787,1462187.5,1.01,3040,565.81,3,3,3,2,2,47,-20057,0.84,-0.16
98232,7,2006,569974,750093,1,2690,278.84,1,3,3,2,2,20,-33595,0.76,-0.24
98362,3,1992,89901,89913,1,1810,324.3,2,3,0.5,2,2,34,-12,1,0
98661,7,1943,360069,359906,1,720,499.87,1,2,1,1,2,83,163,1,0
98952,4,1995,569974,149925,1,2510,59.73,1,4,3,3,2,31,43901,3.8,2.8
98629,7,1993,569974,300054,1,670,447.84,2,1.5,1,1,2,33,43901,1.9,0.9
99181,6,1992,569974,135050,1,1810,324.3,2,3,0.5,2,2,34,43901,4.22,3.22
99216,7,1969,485068,497557,1.03,2390,208.18,2,5,2,2,2,57,-12489,0.97,-0.03
99208,7,1958,569974,359148,1,2590,138.67,1,4,2,2,2,68,43901,1.59,0.59
99201,0,1910,499081,474928,0.96,1500,316.62,2,1.5,2,1,2,116,24153,1.05,0.05
98112,7,2009,1222787,1462187.5,0.96,3865,680.56,2,5.5,4.5,3,2,17,43901,0.84,-0.16
98045,7,1977,569974,624059,1,1210,515.75,2,3,3,2,2,49,-33595,0.91,-0.09
98284,5,1996,569974,250383,1,1770,141.46,2,2,1,1,2,30,43901,2.28,1.28
99352,7,2026,488941,488961,1,1800,271.64,1,3,2,2,2,0,-20,1,0
98346,7,2023,674903,675084,1,1960,344.43,1,3,2,2,2,3,-181,1,0
98264,7,2016,749090,733948,0.98,2190,335.14,2,3,3,2,2,10,15142,1.02,0.02
99005,7,2003,1125089,1082596,0.96,3865,201.23,1,5.5,4,3,2,23,42493,1.04,0.04
98296,7,1999,999906,999922,1,2000,499.96,1,3,2,1,2,27,-16,1,0
98359,7,1983,785069,789933,1.01,3200,246.85,2,3,3,2,2,43,-4864,0.99,-0.01
98682,7,2004,530066,529931,1,2060,257.25,2,4,2,2,2,22,135,1,0
98125,0,1983,248097,252093,1.02,760,331.7,1,1.5,1,1,2,43,-3996,0.98,-0.02
98230,7,2025,625079,614927,0.98,2200,279.51,2,4,3,3,2,1,10152,1.02,0.02
98837,7,2025,383226,383099,1,1690,226.69,1,3,2,1,2,1,127,1,0
99338,7,2018,470064,475071,1.01,2190,216.93,2,4,3,2,2,8,-5007,0.99,-0.01
99212,7,1977,569974,264947,1,2000,132.47,1,2,2,2,2,49,43901,2.15,1.15
98058,3,1992,569974,1462187.5,1,1810,324.3,2,3,0.5,2,2,34,-33595,0.39,-0.61
98685,7,2001,840053,840066,1,2880,291.69,1,4,3,3,2,25,-13,1,0
98387,7,2025,657043,657069,1,2840,231.36,2,4,3,2,2,1,-26,1,0
98075,7,1996,569974,1130067,1,3640,310.46,2,5,4,3,2,30,-33595,0.5,-0.5
98382,7,2023,589942,590053,1,1520,388.19,2,2,2,2,2,3,-111,1,0
98223,4,1989,569974,62619,1,1300,48.17,1,3,2,2,2,37,43901,9.1,8.1
98335,7,1976,569974,1462187.5,1,2580,680.56,2,3,2,2,2,50,-33595,0.39,-0.61
98682,7,1978,387087,386939,1,1270,304.68,1,4,2,2,2,48,148,1,0
98110,7,2008,918074,918099,1,1950,470.82,2,2,3,1,2,18,-25,1,0
98816,7,1992,569974,324950,1,1810,324.3,2,3,0.5,2,2,34,43901,1.75,0.75
99114,7,2002,569974,709936,1,3400,208.8,2,3,3,3,2,24,-33595,0.8,-0.2
98264,6,1973,569974,1462187.5,1,1440,680.56,2,3,2,2,2,53,-33595,0.39,-0.61
98626,7,1988,597054,596935,1,1650,361.78,2,3,3,3,2,38,119,1,0
98503,6,1992,569974,670066,1,1810,324.3,2,3,0.5,2,2,34,-33595,0.85,-0.15
98346,7,2022,569974,674944,1,1810,324.3,2,3,0.5,2,2,4,-33595,0.84,-0.16
98513,7,2026,624927,625066,1,2250,277.81,2,4,3,2,2,0,-139,1,0
99009,4,1994,385098,385088,1,1080,356.56,1,3,2,2,2,32,10,1,0
98611,7,1999,569974,750079,1,3080,243.53,1,5.5,4.5,3,2,27,-33595,0.76,-0.24
98117,7,1942,979919,1257097,1.03,1540,680.56,1,3,2,1,2,84,-33595,0.78,-0.22
98284,4,1973,569974,250227,1,1080,231.69,2,3,2,2,2,53,43901,2.28,1.28
98391,7,1981,569974,550090,1,1720,319.82,2,3,2,2,2,45,19884,1.04,0.04
98826,7,2008,715084,714928,1,1500,476.62,2,2,2,1,2,18,156,1,0
99353,3,1992,179949,180081,1,1810,324.3,2,3,2,2,2,34,-132,1,0
98685,7,1977,569974,365079,1,1940,188.19,2,3,2,2,2,49,43901,1.56,0.56
98107,0,1995,479080,490091,1.02,880,556.92,1,2,2,1,2,31,-11011,0.98,-0.02
98115,7,1962,1222787,1462187.5,0.96,3610,547.11,1,5,3,2,2,64,43901,0.84,-0.16
98115,0,2025,1222787,1462187.5,0.99,2850,566.69,3,4,4,3,2,1,14983,0.84,-0.16
98014,7,2004,1222787,1462187.5,1.01,3865,403.31,2,5,4,3,2,22,-10963,0.84,-0.16
98023,7,2011,624923,625093,1,1750,357.2,2,4,3,2,2,15,-170,1,0
98101,0,1982,1000062,976428,0.98,1200,680.56,2,2,2,1,2,44,23634,1.02,0.02
98370,7,1991,469812,469990,1,1150,408.69,1,3,2,2,2,35,-178,1,0
98321,7,1909,569974,477916,1,2320,206,2,3,1,2,2,117,43901,1.19,0.19
98075,7,2014,1222787,1462187.5,1,2760,579.69,2,3,3,1,2,12,-21,0.84,-0.16
98274,7,2001,825064,804917,0.98,2600,309.58,1,3,3,2,2,25,20147,1.03,0.03
99026,7,2019,479835,494926,1.03,1340,369.35,1,2,2,2,2,7,-15091,0.97,-0.03
98579,7,2012,425080,410062,0.96,1630,251.57,1,3,2,2,2,14,15018,1.04,0.04
98391,7,1999,720052,699937,0.97,2780,251.78,2,3,3,2,2,27,20115,1.03,0.03
99362,7,1968,759974,759982,1,3810,199.47,1,5,3,3,2,58,-8,1,0
98092,7,1967,649899,650004,1,2400,270.83,1,5.5,3,2,2,59,-105,1,0
99344,7,2019,319951,310080,0.97,1200,258.4,1,2,2,1,2,7,9871,1.03,0.03
99353,6,1992,569974,448993,1,1810,324.3,2,3,0.5,2,2,34,43901,1.27,0.27
98053,7,2004,1174912,1174946,1,1560,680.56,1,2,2,1,2,22,-34,1,0
98367,7,2000,600094,607450,1.01,1800,337.47,2,4,3,2,2,26,-7356,0.99,-0.01
98223,4,2024,569974,675347,1,1400,482.39,1,2,1,1,2,2,-33595,0.84,-0.16
98133,7,1959,889938,949913,1.03,1980,479.75,2,3,2,1,2,67,-33595,0.94,-0.06
98115,7,2025,1222787,1462187.5,1,2920,636.95,2,4,4,2,2,1,5164,0.84,-0.16
99338,7,2004,650079,635100,0.98,2580,246.16,2,4,3,2,2,22,14979,1.02,0.02
98042,7,2026,780050,780001,1,2200,354.55,2,4,3,2,2,0,49,1,0
98513,7,1997,565084,555074,0.98,1980,280.34,1,3,3,1,2,29,10010,1.02,0.02
98020,0,2019,950027,949898,1,1040,680.56,1,2,2,1,2,7,129,1,0
98683,7,2005,525953,525968,1,1890,278.29,2,3,2,2,2,21,-15,1,0
98607,7,2003,715054,714935,1,2620,272.88,3,4,3,3,2,23,119,1,0
98380,7,1969,799957,800080,1,1440,555.61,1,3,2,1,2,57,-123,1,0
98498,7,1966,639583,643904,1.01,2290,281.18,2,4,3,1,2,60,-4321,0.99,-0.01
98312,7,1942,445066,450091,1.01,1860,241.98,1,2,2,1,2,84,-5025,0.99,-0.01
98932,7,1992,305062,294947,0.97,1150,256.48,1,3,2,1,2,34,10115,1.03,0.03
98632,7,1962,420084,434438,1.03,2160,201.13,2,3,2,1,2,64,-14354,0.97,-0.03
98075,7,1975,1099909,1075064,0.98,1520,680.56,1,3,2,1,2,51,24845,1.02,0.02
98248,7,1985,750072,772938,1.03,2170,356.19,2,3,3,1,2,41,-22866,0.97,-0.03
98387,7,1999,514406,509932,0.99,1810,281.73,1,3,2,2,2,27,4474,1.01,0.01
98074,7,2014,1222787,1462187.5,0.99,3180,666.64,2,4,3,2,2,12,20167,0.84,-0.16
98118,7,1953,1000085,1175087,1.03,2870,409.44,2,3,3,2,2,73,-33595,0.85,-0.15
98248,7,2003,480044,460097,0.96,1460,315.13,1,3,2,2,2,23,19947,1.04,0.04
98332,7,1993,1189841,1150085,0.97,3865,274.48,2,4,4.5,2,2,33,39756,1.03,0.03
98940,7,1986,398912,399065,1,1450,275.22,2,2,1,2,2,40,-153,1,0
98040,7,2022,1222787,1462187.5,1,3710,680.56,2,5,4.5,3.5,2,4,-4961,0.84,-0.16
98225,0,1973,275100,260069,0.96,630,412.81,2,1.5,1,1,2,53,15031,1.06,0.06
99338,7,2025,511921,513090,1,1880,272.92,1,4,2,1,2,1,-1169,1,0
98802,7,2025,474988,474800,1,1420,334.37,1,3,2,1,2,1,188,1,0
98166,7,1990,1222787,1249570,1,3150,396.69,2,5,4,3,2,36,-165,0.98,-0.02
98125,7,2005,1222787,1462187.5,1,3100,580.34,2,4,3,1,2,21,-151,0.84,-0.16
98112,0,1966,599995,599050,1,810,680.56,1,1.5,1,1,2,60,945,1,0
98671,7,2021,1054908,1054947,1,3865,263.08,2,5,4,3.5,2,5,-39,1,0
98531,7,2025,875019,917113,1.03,2720,337.17,2,3,4,2,2,1,-33595,0.95,-0.05
98359,7,2019,850087,855080,1.01,2080,411.1,1,3,2,2,2,7,-4993,0.99,-0.01
98126,7,1925,824930,843918,1.02,1800,468.84,1,3,2,2,2,101,-18988,0.98,-0.02
98531,7,1925,339910,337949,0.99,1100,307.23,1,2,1,1,2,101,1961,1.01,0.01
98664,7,1973,519909,519928,1,1580,329.07,1,3,2,2,2,53,-19,1,0
98503,6,1992,569974,670059,1,1810,324.3,2,3,0.5,2,2,34,-33595,0.85,-0.15
98119,7,1909,1200079,1335567,1.03,1380,680.56,1,3,2,1,2,117,-33595,0.9,-0.1
98012,0,1981,615074,600081,0.98,1270,472.5,1,2,2,1,2,45,14993,1.02,0.02
99361,7,1971,398942,382936,0.96,2700,141.83,1,4,3,3,2,55,16006,1.04,0.04
98270,7,2000,639082,630083,0.99,1920,328.17,2,4,3,2,2,26,8999,1.01,0.01
98373,7,1971,425078,315064,0.96,1660,189.8,2,3,2,1,2,55,43901,1.35,0.35
99224,4,1977,28924,29076,1.01,1410,20.62,2,2,2,2,2,49,-152,0.99,-0.01
98683,7,1995,510667,510656,1,1590,321.17,1,3,2,2,2,31,11,1,0
98059,7,1976,875093,874931,1,1900,460.49,2,3,3,2,2,50,162,1,0
99362,7,1964,369057,365056,0.99,2550,143.16,1,3,2,1,2,62,4001,1.01,0.01
98042,7,2003,792071,780079,0.98,2640,295.48,2,5,3,2,2,23,11992,1.02,0.02
98033,3,1992,1222787,1462187.5,0.96,1810,324.3,2,3,2,2,2,34,43901,0.84,-0.16
98226,4,2003,749591,754418,1.01,1980,381.02,1,3,2,2,2,23,-4827,0.99,-0.01
98512,7,2025,1222787,1325862,1,3690,359.31,2,4,3,2,2,1,-1,0.92,-0.08
98284,7,2005,768910,758910,0.99,3130,242.46,2,4,3,2,2,21,10000,1.01,0.01
98104,0,2021,710043,710001,1,840,680.56,1,2,1,1,2,5,42,1,0
98391,7,2001,1222787,1350090,0.96,3865,236.03,2,5.5,4.5,3.5,2,25,43901,0.91,-0.09
98117,7,1916,949919,1338062,1.03,2460,543.93,2,3,2,1,2,110,-33595,0.71,-0.29
98230,7,2024,1034938,1014917,0.98,2890,351.18,1,4,3,1,2,2,20021,1.02,0.02
98512,7,1994,575078,590100,1.03,2230,264.62,2,3,3,2,2,32,-15022,0.97,-0.03
98002,0,1986,344913,345094,1,1210,285.2,1,2,2,2,2,40,-181,1,0
98569,3,1992,129845,120071,0.96,1810,324.3,2,3,2,2,2,34,9774,1.08,0.08
98144,7,1909,680088,615092,0.96,1050,585.8,2,4,1,1,2,117,43901,1.11,0.11
98023,7,1995,1050077,1009919,0.96,3320,304.19,2,3,3,2,2,31,40158,1.04,0.04
98208,7,2007,775047,780055,1.01,2190,356.19,2,3,3,2,2,19,-5008,0.99,-0.01
98686,7,2015,799960,799962,1,2530,316.19,1,3,3,3,2,11,-2,1,0
98498,8,1992,488904,480902,0.98,1570,306.31,2,3,2,2,2,34,8002,1.02,0.02
98409,7,1910,375072,375096,1,800,468.87,2,2,1,2,2,116,-24,1,0
98498,7,1992,569079,560095,0.98,2640,212.16,2,3,3,2,2,34,8984,1.02,0.02
98349,7,1977,385083,400069,1.03,990,404.11,2,2,2,2,2,49,-14986,0.96,-0.04
98335,7,1977,674921,685066,1.01,1700,402.98,2,3,2,1,2,49,-10145,0.99,-0.01
98312,7,2023,614996,615091,1,2570,239.34,2,4,3,2,2,3,-95,1,0
98626,7,1998,640058,640051,1,2890,221.47,2,5,3,3,2,28,7,1,0
98117,7,2025,1179913,1164905,0.99,1850,629.68,2,3,4,2,2,1,15008,1.01,0.01
98087,0,2006,729099,778930,1.03,2190,355.68,2,3,3,2,2,20,-33595,0.94,-0.06
98550,3,1992,289839,249918,0.96,1810,324.3,2,3,2,2,2,34,39921,1.16,0.16
98926,7,2015,494937,495072,1,2080,238.02,2,3,4,3,2,11,-135,1,0
98635,3,1992,110074,109901,1,1810,324.3,2,3,2,2,2,34,173,1,0
98392,7,1991,600085,599911,1,1640,365.8,2,3,3,2,2,35,174,1,0
98365,7,1990,755348,734948,0.97,2270,323.77,2,3,3,2,2,36,20400,1.03,0.03
98029,0,2008,629090,629076,1,1160,542.31,1,3,2,1,2,18,14,1,0
98926,7,1910,269910,264907,0.98,1090,243.03,1,2,1,1,2,116,5003,1.02,0.02
98020,0,1990,689072,644947,0.96,1040,620.14,1,2,2,1,2,36,43901,1.07,0.07
98368,7,2021,738918,739087,1,1720,429.7,1,2,2,1,2,5,-169,1,0
98118,7,1948,789890,830062,1.03,1230,674.85,1,3,2,1,2,78,-33595,0.95,-0.05
99205,7,1937,249927,243075,0.97,1680,144.69,2,3,1,1,2,89,6852,1.03,0.03
98102,0,1968,425049,414905,0.98,700,592.72,1,1.5,1,1,2,58,10144,1.02,0.02
98012,8,2008,599899,577925,0.96,1570,368.11,2,2,3,2,2,18,21974,1.04,0.04
98516,7,1995,568907,585051,1.03,2230,262.35,2,4,3,2,2,31,-16144,0.97,-0.03
98406,7,1956,500091,499949,1,1360,367.61,1,3,1,2,2,70,142,1,0
98122,0,2006,615076,613087,1,1080,567.67,1,2,2,2,2,20,1989,1,0
98225,7,1909,849850,845803,1,2220,380.99,2,4,2,2,2,117,4047,1,0
98155,7,1947,489946,510064,1.03,870,586.28,1,3,1,1,2,79,-20118,0.96,-0.04
98662,7,1999,505054,505096,1,2090,241.67,2,3,3,3,2,27,-42,1,0
98033,8,1981,1222787,1462187.5,1.01,2420,627.3,2,3,3,2,2,45,-17987,0.84,-0.16
98366,7,2010,1222787,1425052,0.98,3865,265.87,1,5,4,2,2,16,24888,0.86,-0.14
98686,7,2025,524898,524883,1,1610,326.01,2,3,2,2,2,1,15,1,0
98115,7,1927,739093,745099,1.01,680,680.56,1,1.5,1,2,2,99,-6006,0.99,-0.01
98375,7,1981,300093,299938,1,1070,280.32,1,2,1,1,2,45,155,1,0
98112,7,1957,1222787,1462187.5,0.96,2680,680.56,2,2,3,1,2,69,43901,0.84,-0.16
98006,0,1984,375065,330083,0.96,900,366.76,1,2,1,1,2,42,43901,1.14,0.14
98109,0,1982,665078,664929,1,970,680.56,1,2,1,2,2,44,149,1,0
98030,7,2026,740010,740035,1,1890,391.55,2,4,3,1,2,0,-25,1,0
98274,7,2006,899093,874070,0.97,3865,217.97,2,4,3,1,2,20,25023,1.03,0.03
98520,7,1946,239954,223054,0.96,1180,189.03,2,4,1,2,2,80,16900,1.08,0.08
98103,7,1926,1199987,1401906,1.03,1930,680.56,2,3,2,1,2,100,-33595,0.86,-0.14
99208,7,1942,339076,332069,0.98,1630,203.72,1,4,2,2,2,84,7007,1.02,0.02
98391,7,2025,783688,767771,0.98,2220,345.84,1,2,3,2,2,1,15917,1.02,0.02
98360,8,2008,480072,488487,1.02,2080,234.85,2,3,3,3,2,18,-8415,0.98,-0.02
98671,7,1920,249942,249946,1,860,290.63,2,1.5,1,2,2,106,-4,1,0
98144,0,1930,680088,650086,0.96,900,680.56,1,1.5,2,1,2,96,30002,1.05,0.05
99301,7,2006,569974,540068,1,2710,199.29,2,5,3,3,2,20,29906,1.06,0.06
98579,7,2025,627973,616923,0.98,1710,360.77,1,3,2,2,2,1,11050,1.02,0.02
98038,4,2006,474931,470073,0.99,1710,274.9,1,3,2,1,2,20,4858,1.01,0.01
99159,7,1996,449933,419911,0.96,1810,324.3,1,3,2,1,2,30,30022,1.07,0.07
98922,7,2025,1222787,1462187.5,1.03,2540,680.56,1,3,3,2,2,1,-33595,0.84,-0.16
99122,7,1962,389937,385055,0.99,3260,118.12,2,4,3,2,2,64,4882,1.01,0.01
98501,8,1978,274886,275070,1,1080,254.69,2,2,2,1,2,48,-184,1,0
98168,7,2023,501936,497944,0.99,1410,353.15,2,3,2,1,2,3,3992,1.01,0.01
98201,7,1915,399900,399888,1,1240,322.49,1,2,1,1,2,111,12,1,0
98055,7,2026,1049897,1044917,1,2810,371.86,2,4,3,2,2,0,4980,1,0
98042,7,1992,549938,570091,1.03,1090,523.02,1,3,2,1,2,34,-20153,0.96,-0.04
98360,7,2021,569974,950085,1,2490,381.56,1,3,2,2,2,5,-33595,0.6,-0.4
98233,0,2001,569974,415378,1,1420,292.52,1,2,2,2,2,25,43901,1.37,0.37
98405,7,1909,649100,648909,1,2440,265.95,2,4,3,1,2,117,191,1,0
98026,0,1977,224876,230070,1.02,880,261.44,1,2,1,1,2,49,-5194,0.98,-0.02
98372,7,1967,614934,645059,1.03,2280,282.92,1,5,3,2,2,59,-30125,0.95,-0.05
98682,7,1996,454930,454912,1,1300,349.93,1,3,2,2,2,30,18,1,0
98684,7,2016,710054,710076,1,2600,273.11,2,4,2,2,2,10,-22,1,0
99202,7,1911,250064,249931,1,1200,208.28,2,2,2,1,2,115,133,1,0
98577,7,1940,196062,168083,0.96,1090,154.2,1,2,1,1,2,86,27979,1.17,0.17
98387,5,1979,575090,575086,1,1520,378.35,2,4,2,2,2,47,4,1,0
99337,7,1940,569974,341061,1,1160,294.02,1,3,1,1,2,86,43901,1.67,0.67
98607,7,2025,510066,510050,1,1480,344.63,2,4,2,2,2,1,16,1,0
98204,4,1995,134090,120076,0.96,1770,67.84,1,3,2,2,2,31,14014,1.12,0.12
98273,7,2002,400091,396052,0.99,1370,289.09,1,3,2,1,2,24,4039,1.01,0.01
98037,0,1989,325076,324918,1,960,338.46,2,2,2,2,2,37,158,1,0
99352,7,2025,599961,599972,1,2200,272.71,1,3,3,2,2,1,-11,1,0
98144,7,1921,718933,719060,1,1060,678.36,2,2,2,1,2,105,-127,1,0
98577,7,1940,215061,199920,0.96,710,281.58,1,1.5,1,1,2,86,15141,1.08,0.08
98166,8,2023,614917,614931,1,1300,473.02,2,2,3,1,2,3,-14,1,0
98116,7,1923,675064,657371,0.97,780,680.56,1,2,1,1,2,103,17693,1.03,0.03
99224,7,2014,582582,565061,0.97,2280,247.83,2,4,2,2,2,12,17521,1.03,0.03
98092,7,2015,698867,700084,1,2440,286.92,2,5,3,2,2,11,-1217,1,0
98022,4,1982,99853,94854,0.96,1600,59.28,1,3,2,2,2,44,4999,1.05,0.05
98908,7,1978,424932,411919,0.97,2780,148.17,2,3,2,2,2,48,13013,1.03,0.03
99352,7,1952,569974,401262,1,1510,265.74,1,4,1,1,2,74,43901,1.42,0.42
98626,4,1992,334930,324908,0.97,1300,249.93,1,3,2,1,2,34,10022,1.03,0.03
98115,7,2025,1144916,1144944,1,1650,680.56,2,3,3,1,2,1,-28,1,0
98686,8,2026,456439,456458,1,1550,294.49,2,3,2,2,2,0,-19,1,0
98902,7,1925,244091,247051,1.01,1150,214.83,2,2,1,1,2,101,-2960,0.99,-0.01
98373,7,2026,629917,629897,1,1910,329.79,2,4,3,2,2,0,20,1,0
98022,4,1992,164910,149948,0.96,1340,111.9,1,3,2,1,2,34,14962,1.1,0.1
98223,7,2001,540043,528923,0.98,1300,406.86,1,3,2,1,2,25,11120,1.02,0.02
98584,6,1992,569974,18059,1,1810,324.3,2,3,0.5,2,2,34,43901,31.56,30.56
98112,7,1909,1222787,1462187.5,0.96,2940,506.1,2,4,2,1,2,117,43901,0.84,-0.16
98188,7,1954,724915,725081,1,2200,329.58,1,3,2,1,2,72,-166,1,0
99362,7,1975,569974,131490,1,1980,66.41,2,4,2,2,2,51,43901,4.33,3.33
98117,8,2006,684947,670050,0.98,1460,458.94,2,3,4,2,2,20,14897,1.02,0.02
99352,7,2012,360091,359942,1,1330,270.63,1,3,2,2,2,14,149,1,0
98168,7,1934,575088,565064,0.98,1500,376.71,1,3,2,2,2,92,10024,1.02,0.02
98569,7,1986,299055,298902,1,2010,148.71,2,1.5,2,2,2,40,153,1,0
98631,0,2000,275901,270448,0.98,390,680.56,1,1.5,1,1,2,26,5453,1.02,0.02
98684,7,2026,566753,566729,1,1820,311.39,2,3,2,2,2,0,24,1,0
98686,8,2025,414906,415030,1,1630,254.62,2,3,2,2,2,1,-124,1,0
98019,8,2025,799805,799946,1,2170,368.64,2,3,3,1,2,1,-141,1,0
99016,7,2023,433908,419948,0.97,1470,285.68,2,3,2,1,2,3,13960,1.03,0.03
98056,7,1977,1000064,1000077,1,1700,588.28,3,3,3,1,2,49,-13,1,0
98354,7,2025,950087,950070,1,2820,336.9,2,4,3,2,2,1,17,1,0
98271,7,2006,1200071,1199941,1,3865,238.56,2,4,4,2,2,20,130,1,0
98034,8,2025,900051,900075,1,1600,562.55,2,3,3,2,2,1,-24,1,0
98550,7,1930,260068,275052,1.03,1360,202.24,2,3,1,1,2,96,-14984,0.95,-0.05
98665,7,1970,434976,434813,1,1280,339.7,1,3,1,1,2,56,163,1,0
99001,5,2006,495415,495437,1,2150,230.44,1,5.5,4,3.5,2,20,-22,1,0
98271,7,2025,515752,516019,1,1000,516.02,2,2,2,2,2,1,-267,1,0
98042,7,1983,694941,685060,0.99,2400,285.44,2,3,3,1,2,43,9881,1.01,0.01
98117,8,2026,739802,739994,1,1460,506.85,2,3,3,1,2,0,-192,1,0
98837,7,2025,383407,383606,1,1410,272.06,1,3,2,2,2,1,-199,1,0
98198,8,1982,390006,384915,0.99,1280,300.71,2,3,2,1,2,44,5091,1.01,0.01
98012,7,2004,569974,415060,1,2230,186.13,2,3,3,2,2,22,43901,1.37,0.37
98277,7,1975,569974,650228,1,1140,570.38,1,2,1,1,2,51,-33595,0.88,-0.12
98177,7,1960,1222787,1250051,0.96,3520,355.13,2,5,3,1,2,66,43901,0.98,-0.02
98027,7,1974,569974,1233928,1,2040,604.87,1,4,4,2,2,52,-33595,0.46,-0.54
98439,4,1982,129950,135066,1.03,1240,108.92,1,3,2,1,2,44,-5116,0.96,-0.04
98121,0,1982,569974,976589,1,1200,680.56,3.5,2,3,2,2,44,-33595,0.58,-0.42
98031,7,1980,569974,490090,1,1500,326.73,1,3,2,1,2,46,43901,1.16,0.16
98258,0,2008,569974,664935,1,1870,355.58,2,3,3,2,2,18,-33595,0.86,-0.14
98223,7,1989,569974,775072,1,2020,383.7,1,3,2,2,2,37,-33595,0.74,-0.26
98542,7,1977,569974,149931,1,920,162.97,2,3,1,1,2,49,43901,3.8,2.8
98503,7,1987,569974,1462187.5,1,2460,680.56,2,4,3,2,2,39,-33595,0.39,-0.61
98339,4,2025,428943,428918,1,1550,276.72,1,3,2,1,2,1,25,1,0
98620,3,1992,143924,143786,1,1810,324.3,2,3,2,2,2,34,138,1,0
98816,0,1992,569974,19041,1,900,21.16,2,3,0.5,2,2,34,43901,29.93,28.93
99157,7,1913,569974,115933,1,1420,81.64,2,2,1,1,2,113,43901,4.92,3.92
98117,8,2025,649817,649999,1,1230,528.45,2,2,2,1,2,1,-182,1,0
98501,7,2025,569974,575017,1,2320,247.85,2,3,3,2,2,1,-5043,0.99,-0.01
98312,7,1987,569974,240370,1,1140,210.85,1,3,2,2,2,39,43901,2.37,1.37
98053,8,2005,939925,965060,1.03,1350,680.56,2,2,2,1,2,21,-25135,0.97,-0.03
98837,7,2025,394016,394606,1,1800,219.23,1,3,2,2,2,1,-590,1,0
98375,7,1992,569974,565089,1,1810,324.3,2,3,0.5,2,2,34,4885,1.01,0.01
98258,4,1978,569974,402050,1,1570,256.08,1,3,2,2,2,48,43901,1.42,0.42
98102,7,1918,569974,1177640,1,3610,326.22,3,5,4.5,3.5,2,108,-33595,0.48,-0.52
98444,0,1968,569974,1462187.5,1,1810,324.3,3,3,0.5,2,2,58,-33595,0.39,-0.61
98944,7,2009,332844,299946,0.96,1730,173.38,1,3,2,2,2,17,32898,1.11,0.11
98942,7,2025,569974,410905,1,1920,214.01,1,3,4,2,2,1,43901,1.39,0.39
98363,7,1943,569974,129913,1,880,147.63,1,3,1,1,2,83,43901,4.39,3.39
98117,8,2026,869840,869809,1,1810,480.56,2,4,3,1,2,0,31,1,0
98072,8,1998,799053,798903,1,1610,496.21,2,3,3,1,2,28,150,1,0
98109,0,1985,374935,375096,1,1040,360.67,1,2,2,2,2,41,-161,1,0
98944,7,1910,569974,354915,1,2340,151.67,2,2,1,1,2,116,43901,1.61,0.61
98363,7,1992,569974,485077,1,1810,324.3,2,3,0.5,2,2,34,43901,1.18,0.18
98383,7,1986,479063,437915,0.96,1790,244.65,2,3,3,2,2,40,41148,1.09,0.09
98116,7,1952,569974,649480,1,2280,284.86,1,3,3,2,2,74,-33595,0.88,-0.12
98125,8,2001,530052,529941,1,1360,389.66,2,3,3,2,2,25,111,1,0
98109,7,1909,569974,899931,1,910,680.56,1,2,1,1,2,117,-33595,0.63,-0.37
98512,7,1989,569974,119927,1,1720,69.72,2,3,4,2,2,37,43901,4.75,3.75
98375,7,1972,550083,565052,1.03,2170,260.39,1,3,3,1,2,54,-14969,0.97,-0.03
98042,7,1992,569974,645043,1,1810,324.3,2,3,0.5,2,2,34,-33595,0.88,-0.12
98542,7,1970,569974,885096,1,670,680.56,2,3,1,1,2,56,-33595,0.64,-0.36
98031,8,1991,395081,395071,1,1420,278.22,2,2,3,2,2,35,10,1,0
98006,7,1977,1222787,1449925,1.03,2360,614.38,2,4,3,2,2,49,-33595,0.84,-0.16
98115,7,2022,569974,1462187.5,1,3320,680.56,2,3,4,3,2,4,-33595,0.39,-0.61
98258,7,2007,727910,724927,1,2610,277.75,2,3,3,2,2,19,2983,1,0
98520,4,2023,274903,280085,1.02,1510,185.49,1,3,2,2,2,3,-5182,0.98,-0.02
98258,7,1984,569974,485076,1,1670,290.46,2,3,2,2,2,42,43901,1.18,0.18
98092,7,1979,579858,584937,1.01,2220,263.49,2,3,3,1,2,47,-5079,0.99,-0.01
98122,8,2019,799057,765090,0.96,1240,617.01,2,2,2,2,2,7,33967,1.04,0.04
98247,3,1992,195094,194941,1,1810,324.3,2,3,2,2,2,34,153,1,0
98640,3,1992,95078,95061,1,1810,324.3,2,3,2,2,2,34,17,1,0
98382,7,1979,648939,665085,1.02,2300,289.17,2,3,2,2,2,47,-16146,0.98,-0.02
98204,8,2023,648947,648914,1,1780,364.56,2,3,3,1,2,3,33,1,0
98296,7,2000,1150036,1115098,0.97,3290,338.94,2,4,3,3,2,26,34938,1.03,0.03
98027,7,2000,569974,1462187.5,1,2490,680.56,1,4,4.5,3,2,26,-33595,0.39,-0.61
99006,3,1992,210065,210051,1,1810,324.3,2,3,2,2,2,34,14,1,0
98232,7,1987,569974,999907,1,1540,649.29,2,3,0.5,2,2,39,-33595,0.57,-0.43
98002,7,2010,648900,668929,1.03,2230,299.97,2,4,3,2,2,16,-20029,0.97,-0.03
98226,8,2024,474929,475050,1,1630,291.44,2,3,2,1,2,2,-121,1,0
98684,7,2026,569974,567030,1,1860,304.85,2,3,3,2,2,0,2944,1.01,0.01
98901,3,1992,34436,29942,0.96,1810,324.3,2,3,2,2,2,34,4494,1.15,0.15
98837,4,1987,94943,92071,0.97,1200,76.73,1,3,2,1,2,39,2872,1.03,0.03
98033,7,1956,569974,1199926,1,1540,680.56,1,2,1,1,2,70,-33595,0.48,-0.52
98178,8,2025,575090,575053,1,1170,491.5,2,3,3,1,2,1,37,1,0
98012,7,1978,1025092,1055093,1.03,2340,450.89,2,3,3,1,2,48,-30001,0.97,-0.03
98607,7,2005,1100082,1070076,0.97,3550,301.43,2,4,3,3,2,21,30006,1.03,0.03
98029,7,1992,1222787,1462187.5,1.03,2450,665.27,2,4,3,2,2,34,-33595,0.84,-0.16
99223,7,2000,789928,769927,0.97,3470,221.88,2,4,4,3.5,2,26,20001,1.03,0.03
98133,8,2025,690032,689870,1,1270,543.2,2,3,2,1,2,1,162,1,0
98007,7,1962,569974,1000091,1,1010,680.56,1,3,1,1,2,64,-33595,0.57,-0.43
98922,7,2024,1222787,1199840,0.96,1980,605.98,1,3,3,2,2,2,43901,1.02,0.02
98321,7,1991,1222787,1462187.5,0.96,3865,256.44,2,4,4,3,2,35,43901,0.84,-0.16
98014,6,1950,569974,899941,1,3640,247.24,1,3,0.5,2,2,76,-33595,0.63,-0.37
98597,7,2008,439077,438900,1,1740,252.24,2,3,3,2,2,18,177,1,0
98087,0,2006,569974,778932,1,2190,355.68,2,3,3,2,2,20,-33595,0.73,-0.27
98036,7,1959,569974,750076,1,2070,362.36,1,4,3,2,2,67,-33595,0.76,-0.24
98466,0,1978,457577,455060,0.99,1200,379.22,1,2,2,1,2,48,2517,1.01,0.01
99206,7,1978,549064,548921,1,3060,179.39,2,4,4,3,2,48,143,1,0
98039,0,1992,569974,1248078,1,2190,569.9,2,4,4.5,3,2,34,-33595,0.46,-0.54
98225,7,1928,569974,705380,1,1500,470.25,1,3,2,2,2,98,-33595,0.81,-0.19
98614,3,1992,159934,145092,0.96,1810,324.3,2,3,2,2,2,34,14842,1.1,0.1
98640,3,1992,90090,84926,0.96,1810,324.3,2,3,2,2,2,34,5164,1.06,0.06
98117,3,1992,798903,735069,0.96,1810,324.3,2,3,2,2,2,34,43901,1.09,0.09
98604,7,2026,639082,638931,1,1960,325.99,1,3,2,2,2,0,151,1,0
98908,7,1984,498919,480069,0.96,2970,161.64,2,4,3,3,2,42,18850,1.04,0.04
98671,7,2016,999819,999950,1,2820,354.59,2,4,2,2,2,10,-131,1,0
99163,7,2006,959974,959951,1,3865,214.27,1,4,4,2,2,20,23,1,0
99336,7,1909,230071,216912,0.96,1950,111.24,2,4,2,1,2,117,13159,1.06,0.06
98208,4,1973,569974,64838,1,1010,64.2,1,2,2,2,2,53,43901,8.79,7.79
98290,7,1989,1222787,1290070,1,3300,390.93,2,4,3,2,2,37,20,0.95,-0.05
98115,8,2019,853071,839915,0.98,1780,471.86,2,4,4,3,2,7,13156,1.02,0.02
98106,8,1957,569974,786920,1,2210,356.07,1,4,4.5,2,2,69,-33595,0.72,-0.28
99352,7,2026,679073,675068,0.99,2340,288.49,1,4,3,2,2,0,4005,1.01,0.01
98251,7,1991,450064,459912,1.02,1120,410.64,1,3,2,2,2,35,-9848,0.98,-0.02
98595,4,1970,57436,50942,0.96,1220,41.76,1,2,1,1,2,56,6494,1.13,0.13
98662,7,2003,484946,484926,1,1810,267.91,2,3,2,2,2,23,20,1,0
98199,3,1992,99072,99055,1,1810,324.3,2,3,2,2,2,34,17,1,0
98682,7,1978,649914,649923,1,1520,427.58,1,3,2,2,2,48,-9,1,0
99212,7,1975,314916,283646,0.96,1680,168.84,2,4,1,1,2,51,31270,1.11,0.11
98203,7,1963,549850,550048,1,1000,550.05,1,3,1,1,2,63,-198,1,0
98381,6,1992,569974,763917,1,1810,324.3,2,3,0.5,2,2,34,-33595,0.75,-0.25
98117,8,2024,569974,869838,1,1810,480.57,3,4,4,2,2,2,-33595,0.66,-0.34
98310,6,1992,569974,375231,1,1810,324.3,2,3,0.5,2,2,34,43901,1.52,0.52
98862,7,2008,675072,655067,0.97,1250,524.05,1,2,1,1,2,18,20005,1.03,0.03
98277,3,1992,209936,194924,0.96,1810,324.3,2,3,2,2,2,34,15012,1.08,0.08
99016,7,2025,569974,419558,1,1240,338.35,1,3,2,2,2,1,43901,1.36,0.36
98837,3,1992,119916,104925,0.96,1810,324.3,2,3,2,2,2,34,14991,1.14,0.14
98117,8,2024,569974,649845,1,1160,560.21,3,2,3,2,2,2,-33595,0.88,-0.12
98926,4,2002,569974,603427,1,1620,372.49,2,3,2,2,2,24,-33453,0.94,-0.06
98671,7,2002,602424,602579,1,2020,298.31,2,4,2,2,2,24,-155,1,0
98375,7,2013,569817,569825,1,1990,286.34,2,4,3,2,2,13,-8,1,0
98607,7,2025,1188747,1188736,1,3865,306.38,3,5.5,4.5,3.5,2,1,11,1,0
99016,3,1992,569974,188553,1,1810,324.3,2,3,0.5,2,2,34,43901,3.02,2.02
98116,7,1920,918948,918929,1,1530,600.61,2,2,1,1,2,106,19,1,0
99338,7,2025,688902,665097,0.97,2420,274.83,1,3,3,2,2,1,23805,1.04,0.04
98640,6,1992,569974,84914,1,1810,324.3,2,3,0.5,2,2,34,43901,6.71,5.71
98133,7,1980,770075,842448,1.03,1670,504.46,2,3,3,1,2,46,-33595,0.91,-0.09
98223,4,1995,569974,160197,1,1780,90,1,4,2,2,2,31,43901,3.56,2.56
98686,7,2025,902163,902179,1,3740,241.22,2,5,4,3.5,2,1,-16,1,0
98926,3,1992,274918,259921,0.96,1810,324.3,2,3,2,2,2,34,14997,1.06,0.06
98661,5,1992,569974,1462187.5,1,1810,324.3,2,3,0.5,2,2,34,-33595,0.39,-0.61
99336,4,1995,65076,50065,0.96,1230,40.7,1,3,2,2,2,31,15011,1.3,0.3
98503,7,1993,565062,580090,1.03,1960,295.96,3,3,3,1,2,33,-15028,0.97,-0.03
98332,5,1984,569974,750066,1,3390,221.26,1,4,4,3.5,2,42,-33595,0.76,-0.24
98208,4,2001,569974,179158,1,1550,115.59,1,3,2,2,2,25,43901,3.18,2.18
98366,7,2004,539824,535946,0.99,1680,319.02,2,3,3,1,2,22,3878,1.01,0.01
98944,6,1992,569974,74903,1,1810,324.3,2,3,0.5,2,2,34,43901,7.61,6.61
99016,7,1995,459075,458909,1,2530,181.39,2,5,3,2,2,31,166,1,0
98026,7,1959,724936,750052,1.03,1640,457.35,1,4,2,1,2,67,-25116,0.97,-0.03
98122,6,1928,569974,399903,1,500,680.56,1,1.5,1,1,2,98,43901,1.43,0.43
99352,7,2003,644568,644409,1,2610,246.9,1,3,3,2,2,23,159,1,0
98329,4,1996,569974,404932,1,1080,374.94,1,3,2,2,2,30,43901,1.41,0.41
98026,5,1960,569974,1462187.5,1,3865,280.03,2,3,0.5,2,2,66,-33595,0.39,-0.61
98661,5,1966,569974,1462187.5,1,3865,127.54,1,3,0.5,2,2,60,-33595,0.39,-0.61
98032,3,1992,569974,119938,1,1810,324.3,2,3,0.5,2,2,34,43901,4.75,3.75
98117,8,2024,569974,659814,1,1240,532.11,3,2,3,2,2,2,-33595,0.86,-0.14
98542,7,1920,950061,885060,0.96,1370,646.03,1,3,2,1,2,106,43901,1.07,0.07
98661,5,1992,569974,1462187.5,1,1810,324.3,2,3,0.5,2,2,34,-33595,0.39,-0.61
98674,4,1994,569974,22392,1,1620,13.82,1,2,2,2,2,32,43901,25.45,24.45
98253,7,2002,1222787,1462187.5,0.99,3865,372.21,2,4,3,1,2,24,24000,0.84,-0.16
98661,5,1992,569974,1462187.5,1,1810,324.3,2,3,0.5,2,2,34,-33595,0.39,-0.61
98266,3,1992,98916,75084,0.96,1810,324.3,2,3,2,2,2,34,23832,1.32,0.32
98033,7,1974,1222787,1225093,0.98,1710,680.56,2,3,3,2,2,52,24993,1,0
98020,7,1958,1135072,1078174,0.96,2200,490.08,1,2,3,1,2,68,43901,1.05,0.05
98406,7,1926,775054,824942,1.03,3030,272.26,2,3,2,1,2,100,-33595,0.94,-0.06
98816,7,2018,530050,524936,0.99,1660,316.23,1,3,2,2,2,8,5114,1.01,0.01
98372,7,1970,575073,540068,0.96,1250,432.05,1,3,3,1,2,56,35005,1.06,0.06
99336,7,1994,429809,429998,1,1500,286.67,1,3,2,1,2,32,-189,1,0
98230,7,1909,525051,525062,1,1490,352.39,1,3,1,1,2,117,-11,1,0
98683,7,1987,517595,517585,1,1480,349.72,2,3,2,2,2,39,10,1,0
98118,7,1976,650084,715056,1.03,2660,268.82,2,5.5,3,3,2,50,-33595,0.91,-0.09
98023,7,1973,649050,655098,1.01,1790,365.98,2,3,2,2,2,53,-6048,0.99,-0.01
98382,4,2014,569974,567716,1,380,680.56,2,1.5,1,1,2,12,2258,1,0
98686,7,2017,674839,674829,1,1920,351.47,1,3,2,2,2,9,10,1,0
98354,7,1909,774902,771067,1,3050,252.81,2,4,3,2,2,117,3835,1,0
98826,7,1913,499922,510068,1.02,2030,251.27,2,4,3,2,2,113,-10146,0.98,-0.02
98034,7,1976,1175066,1174939,1,1800,652.74,2,4,3,1,2,50,127,1,0
98520,3,1992,11936,10920,0.96,1810,324.3,2,3,2,2,2,34,1016,1.09,0.09
99324,7,2009,334578,328094,0.98,830,395.29,1,2,1,1,2,17,6484,1.02,0.02
98661,5,1992,569974,1462187.5,1,1810,324.3,2,3,0.5,2,2,34,-33595,0.39,-0.61
98606,7,1996,979937,980088,1,3060,320.29,2,3,3,2,2,30,-151,1,0
98328,7,1967,425058,431922,1.02,1530,282.3,1,3,2,1,2,59,-6864,0.98,-0.02
98383,7,2023,805081,789911,0.98,3580,220.65,2,5,4,3,2,3,15170,1.02,0.02
98516,0,1974,239416,251411,1.03,950,264.64,1,2,1,1,2,52,-11995,0.95,-0.05
98332,7,2015,569974,949949,1,3420,277.76,2,5.5,4,3.5,2,11,-33595,0.6,-0.4
98516,7,2017,974443,967051,0.99,2970,325.61,2,4,3,2,2,9,7392,1.01,0.01
98802,7,2007,594932,580096,0.98,1900,305.31,1,3,3,1,2,19,14836,1.03,0.03
98146,7,1960,773908,809943,1.03,2780,291.35,1,3,2,1,2,66,-33595,0.96,-0.04
98056,7,1956,1222787,1440079,1.03,2770,519.88,1,3,4,1,2,70,-33595,0.85,-0.15
98038,7,1929,663942,673912,1.01,1740,387.31,2,3,2,1,2,97,-9970,0.99,-0.01
98125,7,2026,1149945,1214925,1.03,2140,567.72,3,3,3,2,2,0,-33595,0.95,-0.05
99205,7,1910,299909,299950,1,2110,142.16,2,4,2,2,2,116,-41,1,0
98610,7,2007,474944,475050,1,1220,389.39,2,2,2,2,2,19,-106,1,0
98340,3,1992,364921,339916,0.96,1810,324.3,2,3,2,2,2,34,25005,1.07,0.07
98951,6,1992,569974,25095,1,1810,324.3,2,3,0.5,2,2,34,43901,22.71,21.71
98199,7,2013,1222787,1462187.5,0.96,3510,655.25,2,4,4,3,2,13,43901,0.84,-0.16
98524,0,2005,500070,500076,1,1760,284.13,2,2,3,2,2,21,-6,1,0
98168,7,1948,495060,485097,0.98,760,638.29,1,2,1,1,2,78,9963,1.02,0.02
98001,7,2017,775049,740092,0.96,2670,277.19,2,4,3,2,2,9,34957,1.05,0.05
98272,7,1909,1222787,1419923,0.98,3865,315.54,2,4,4,2,2,117,30134,0.86,-0.14
98516,7,2007,579998,555083,0.96,1710,324.61,1,2,2,1,2,19,24915,1.04,0.04
98043,7,2004,875057,875099,1,2000,437.55,2,4,3,2,2,22,-42,1,0
98115,0,1972,558949,549910,0.98,1660,331.27,1,2,2,1,2,54,9039,1.02,0.02
98802,7,2025,579091,555071,0.96,1880,295.25,1,3,2,2,2,1,24020,1.04,0.04
98103,7,1925,1222787,1462187.5,1.03,2190,680.56,2,4,4,1,2,101,-33595,0.84,-0.16
98513,7,2010,480068,480066,1,1550,309.72,2,3,3,2,2,16,2,1,0
99208,7,2017,539086,539096,1,2080,259.18,2,3,2,2,2,9,-10,1,0
98601,7,1999,824976,824846,1,2620,314.83,2,5,4,2,2,27,130,1,0
98683,7,2025,480101,480066,1,1480,324.37,2,4,2,2,2,1,35,1,0
99212,0,1980,223927,210067,0.96,1810,324.3,2,2,1,1,2,46,13860,1.07,0.07
98033,7,1974,1222787,1275060,1.02,1320,680.56,1,3,2,1,2,52,-24974,0.96,-0.04
98296,7,1994,929406,909920,0.98,2050,443.86,2,4,3,2,2,32,19486,1.02,0.02
98383,7,2022,569974,790086,1,1810,324.3,2,5,0.5,2,2,4,-33595,0.72,-0.28
98230,0,2018,1222787,1462187.5,0.96,2330,680.56,2,3,3,1,2,8,43901,0.84,-0.16
98340,7,1997,570098,570074,1,1640,347.61,2,3,2,1,2,29,24,1,0
98042,7,2001,728939,708919,0.97,2740,258.73,2,4,3,2,2,25,20020,1.03,0.03
98409,7,1967,438948,439080,1,1060,414.23,1,3,1,1,2,59,-132,1,0
98020,0,2000,739079,738950,1,960,680.56,1,2,2,1,2,26,129,1,0
98683,7,1998,537900,538086,1,1970,273.14,2,4,2,2,2,28,-186,1,0
98335,7,2005,1000054,961949,0.96,2800,343.55,2,3,3,2,2,21,38105,1.04,0.04
99403,5,1949,569974,399923,1,780,512.72,2,3,0.5,2,2,77,43901,1.43,0.43
99338,4,1992,640092,627142,0.98,3560,176.16,1,5,3,1,2,34,12950,1.02,0.02
98105,7,1926,850097,980090,1.03,1740,563.27,1,2,2,1,2,100,-33595,0.87,-0.13
98512,4,2003,329929,320075,0.97,1780,179.82,1,3,2,2,2,23,9854,1.03,0.03
98008,7,1958,569974,1462187.5,1,2370,632.88,1,4,3,3,2,68,-33595,0.39,-0.61
98908,0,1973,327576,309908,0.96,1420,218.25,1,2,2,2,2,53,17668,1.06,0.06
98058,7,1996,700057,715093,1.02,1630,438.71,1,3,2,2,2,30,-15036,0.98,-0.02
98109,7,2010,569974,1462187.5,1,3500,680.56,3,4,4,3,2,16,-33595,0.39,-0.61
98199,7,1951,1222787,1309945,1.01,1860,680.56,1,3,2,1,2,75,-10862,0.93,-0.07
99016,7,2024,537783,537778,1,2490,215.98,2,4,3,3,2,2,5,1,0
98513,7,1993,395076,394918,1,1030,383.42,1,2,2,2,2,33,158,1,0
98408,7,1941,479864,482903,1.01,2260,213.67,1,3,2,2,2,85,-3039,0.99,-0.01
99205,7,1910,317076,317095,1,1490,212.82,2,3,1,1,2,116,-19,1,0
98662,7,1996,503092,502939,1,1860,270.4,2,3,2,2,2,30,153,1,0
99217,3,1992,349903,299938,0.96,1810,324.3,2,3,2,2,2,34,43901,1.17,0.17
98409,7,1924,389852,399900,1.03,750,533.2,1,2,2,2,2,102,-10048,0.97,-0.03
98367,7,2026,904869,905016,1,3865,221.28,2,5,4.5,3.5,2,0,-147,1,0
98801,7,1995,528087,527927,1,1510,349.62,3,3,3,1,2,31,160,1,0
98391,7,2025,810965,828084,1.02,2970,278.82,2,4,3,2,2,1,-17119,0.98,-0.02
98557,7,1972,410051,402070,0.98,1560,257.74,1,4,3,1,2,54,7981,1.02,0.02
99206,7,2025,427925,419922,0.98,1470,285.66,1,3,2,2,2,1,8003,1.02,0.02
98642,7,2020,515094,525064,1.02,2050,256.13,2,3,3,2,2,6,-9970,0.98,-0.02
98012,7,1987,800056,815071,1.02,1530,532.73,3,3,3,2,2,39,-15015,0.98,-0.02
98223,7,2003,575077,580067,1.01,1300,446.21,1,3,2,1,2,23,-4990,0.99,-0.01
98597,7,1997,450009,430055,0.96,1120,383.98,1,2,2,1,2,29,19954,1.05,0.05
98282,7,1976,649929,649910,1,1960,331.59,1,4,2,2,2,50,19,1,0
98004,0,2000,340052,325095,0.96,450,680.56,1,1.5,1,1,2,26,14957,1.05,0.05
98444,7,1980,465087,474925,1.02,1420,334.45,1,3,2,1,2,46,-9838,0.98,-0.02
98270,7,1938,430041,438060,1.02,700,625.8,1,2,1,1,2,88,-8019,0.98,-0.02
98203,7,1959,695088,710082,1.02,1830,388.02,1,3,3,2,2,67,-14994,0.98,-0.02
98626,7,1965,299985,299077,1,1260,237.36,1,3,1,1,2,61,908,1,0
98354,7,1957,450061,455578,1.01,1040,438.06,1,2,1,1,2,69,-5517,0.99,-0.01
98513,7,2001,499923,499920,1,2670,187.24,2,5,3,2,2,25,3,1,0
98178,7,1945,559945,593086,1.03,1620,366.1,1,3,1,1,2,81,-33141,0.94,-0.06
98043,0,1979,478931,455052,0.96,930,489.3,1,2,2,1,2,47,23879,1.05,0.05
98391,7,2002,600075,599945,1,2150,279.04,2,4,3,2,2,24,130,1,0
98312,7,2026,1199984,1199954,1,3865,298.5,2,4,4.5,2,2,0,30,1,0
98072,0,1986,569974,465057,1,870,534.55,3,2,2,2,2,40,43901,1.23,0.23
99216,7,1963,457809,458989,1,1760,260.79,1,3,2,2,2,63,-1180,1,0
98225,7,1928,624927,630087,1.01,1100,572.81,1,2,1,1,2,98,-5160,0.99,-0.01
98125,0,1979,360094,349917,0.97,1180,296.54,1,2,2,1,2,47,10177,1.03,0.03
98328,3,1992,569974,149915,1,1810,324.3,2,3,0.5,2,2,34,43901,3.8,2.8
98245,0,1979,258923,239949,0.96,580,413.71,2,1.5,1,1,2,47,18974,1.08,0.08
98661,7,1937,417085,417060,1,1050,397.2,1,3,2,2,2,89,25,1,0
98103,8,2002,1020091,990090,0.97,1560,634.67,2,3,3,1,2,24,30001,1.03,0.03
98003,3,1992,569974,725023,1,1810,324.3,2,3,0.5,2,2,34,-33595,0.79,-0.21
98569,0,2021,274924,261925,0.96,890,294.3,3,3,2,2,2,5,12999,1.05,0.05
98229,7,1948,435051,434912,1,770,564.82,1,2,1,1,2,78,139,1,0
98204,0,1999,328074,335053,1.02,940,356.44,1,2,2,1,2,27,-6979,0.98,-0.02
98103,7,1916,1222787,1462187.5,1.03,2470,675.27,2,4,2,2,2,110,-33595,0.84,-0.16
98356,7,1940,375094,360084,0.96,1580,227.9,2,3,1,2,2,86,15010,1.04,0.04
98516,7,2013,694936,686070,0.99,1880,364.93,1,2,2,1,2,13,8866,1.01,0.01
98002,0,1980,300069,294925,0.98,930,317.12,2,2,2,1,2,46,5144,1.02,0.02
98671,7,1992,569974,900053,1,2640,340.93,1,5,3,3,2,34,-33595,0.63,-0.37
98296,7,2016,1049930,1049940,1,2600,403.82,2,3,3,2,2,10,-10,1,0
98275,7,1974,1222787,1462187.5,1,3865,378,1,4,4.5,3.5,2,52,121,0.84,-0.16
98366,7,2004,459835,450094,0.98,1740,258.67,2,4,3,1,2,22,9741,1.02,0.02
98942,4,2017,478930,460055,0.96,2050,224.42,1,4,2,2,2,9,18875,1.04,0.04
98208,0,1986,370076,370064,1,930,397.92,2,2,2,1,2,40,12,1,0
98109,7,1916,1189096,1188944,1,2440,487.27,1,4,2,1,2,110,152,1,0
98584,7,1926,274923,254936,0.96,1030,247.51,1,2,1,1,2,100,19987,1.08,0.08
98116,7,2025,749069,759050,1.01,1090,680.56,2,2,2,1,2,1,-9981,0.99,-0.01
98584,4,2025,330083,330063,1,1280,257.86,1,3,2,1,2,1,20,1,0
98292,7,1993,569974,1070086,1,2440,438.56,2,3,3,3,2,33,-33595,0.53,-0.47
98503,7,1975,474971,480089,1.01,1800,266.72,2,3,2,1,2,51,-5118,0.99,-0.01
98282,7,2008,794926,749931,0.96,2670,280.87,1,3,3,1,2,18,43901,1.06,0.06
98001,7,1966,613939,615086,1,1460,421.29,1,4,2,2,2,60,-1147,1,0
98363,3,1992,438906,438919,1,1810,324.3,2,3,2,2,2,34,-13,1,0
98177,0,1967,290044,282404,0.97,920,306.96,1,2,2,1,2,59,7640,1.03,0.03
98597,3,1992,79442,79409,1,1810,324.3,2,3,2,2,2,34,33,1,0
98596,7,2024,499967,480061,0.96,2110,227.52,2,4,3,2,2,2,19906,1.04,0.04
98520,7,1909,375063,374920,1,1460,256.79,2,3,3,2,2,117,143,1,0
98942,7,1966,384903,365709,0.96,1580,231.46,1,3,2,2,2,60,19194,1.05,0.05
98546,7,1984,569974,400065,1,1280,312.55,1,3,2,2,2,42,43901,1.42,0.42
98686,7,2019,640060,640079,1,1960,326.57,1,3,2,2,2,7,-19,1,0
98058,7,1978,734834,720070,0.98,2160,333.37,3,4,3,2,2,48,14764,1.02,0.02
98203,7,2002,599422,599565,1,1480,405.11,2,3,3,2,2,24,-143,1,0
98501,7,1999,599962,600060,1,1700,352.98,1,3,2,1,2,27,-98,1,0
98372,7,1968,579923,530051,0.96,2920,181.52,1,4,2,1,2,58,43901,1.09,0.09
98501,7,1957,475088,475088,1,1800,263.94,2,3,2,1,2,69,0,1,0
98312,5,1963,515092,552091,1.03,2650,208.34,2,3,4,2,2,63,-33595,0.93,-0.07
98683,7,1997,500055,504917,1.01,1320,382.51,1,3,2,2,2,29,-4862,0.99,-0.01
98382,7,1996,599057,590062,0.98,1570,375.84,2,2,2,2,2,30,8995,1.02,0.02
98092,8,2002,375054,375050,1,1370,273.76,2,3,3,2,2,24,4,1,0
98023,7,1979,475096,453082,0.96,1490,304.08,2,3,2,2,2,47,22014,1.05,0.05
98244,7,1941,569974,349940,1,1400,249.96,1,2,1,1,2,85,43901,1.63,0.63
98223,7,1984,569974,434827,1,1310,331.93,2,3,2,2,2,42,43901,1.31,0.31
98004,0,2001,680085,665099,0.98,980,678.67,1,1.5,1,1,2,25,14986,1.02,0.02
98178,7,1944,450029,430050,0.96,810,530.93,1,2,1,1,2,82,19979,1.05,0.05
99019,7,1987,1100062,1095079,1,3420,320.2,1,3,3,2,2,39,4983,1,0
98155,7,1947,569974,524900,1,840,624.88,1,3,1,1,2,79,43901,1.09,0.09
98391,7,2025,569974,828233,1,3020,274.25,2,4,2,2,2,1,-33595,0.69,-0.31
98366,7,1943,395051,395091,1,1020,387.34,1,2,1,1,2,83,-40,1,0
98021,7,1971,699080,698908,1,1410,495.68,1,2,2,1,2,55,172,1,0
98532,7,2012,569974,137031,1,1510,90.75,2,3,1,1,2,14,43901,4.16,3.16
98682,0,2001,569974,222365,1,920,241.7,2,2,2,1,2,25,43901,2.56,1.56
98012,8,1999,684937,684916,1,1450,472.36,2,3,3,2,2,27,21,1,0
98370,4,1990,148428,145081,0.98,1060,136.87,1,2,2,1,2,36,3347,1.02,0.02
98272,7,1992,569974,369926,1,1810,324.3,2,3,0.5,2,2,34,43901,1.54,0.54
98125,7,1930,569974,1215059,1,940,680.56,2,2,1,1,2,96,-33595,0.47,-0.53
98391,7,1974,450083,460087,1.02,1050,438.18,1,3,1,1,2,52,-10004,0.98,-0.02
98312,7,1942,449930,459940,1.02,1580,291.1,1,3,2,1,2,84,-10010,0.98,-0.02
98377,3,1992,69075,59944,0.96,1810,324.3,2,3,2,2,2,34,9131,1.15,0.15
98312,7,2020,540090,539947,1,2240,241.05,2,5,3,2,2,6,143,1,0
98335,0,2011,524954,523072,1,1080,484.33,1,2,2,2,2,15,1882,1,0
98115,7,1942,569974,619944,1,820,680.56,1,3,2,2,2,84,-33595,0.92,-0.08
99337,7,1984,569974,593383,1,1560,380.37,1,4,2,2,2,42,-23409,0.96,-0.04
98533,4,2003,428903,433938,1.01,1620,267.86,1,3,2,2,2,23,-5035,0.99,-0.01
98363,7,1935,250059,209866,0.96,1600,131.17,1,3,2,2,2,91,40193,1.19,0.19
98499,7,1957,598409,614911,1.03,1570,391.66,1,5.5,2,2,2,69,-16502,0.97,-0.03
98037,7,1962,699891,690072,0.99,2080,331.77,2,5,2,1,2,64,9819,1.01,0.01
98597,7,2008,569974,438922,1,1740,252.25,2,3,4,2,2,18,43901,1.3,0.3
99023,3,1992,225081,209943,0.96,1810,324.3,2,3,2,2,2,34,15138,1.07,0.07
98012,7,1978,569974,924945,1,2540,364.15,2,3,3,2,2,48,-33595,0.62,-0.38
98926,7,1920,569974,270099,1,1340,201.57,2,3,1,1,2,106,43901,2.11,1.11
98052,7,1969,569974,1046419,1,2010,520.61,1,3,2,2,2,57,-33595,0.54,-0.46
98225,7,1952,569974,799230,1,1850,432.02,1,4,2,2,2,74,-33595,0.71,-0.29
98607,7,2002,609934,610078,1,2080,293.31,2,4,2,2,2,24,-144,1,0
98057,7,1910,569974,565050,1,1160,487.11,1,3,1,1,2,116,4924,1.01,0.01
98685,7,1988,510087,510053,1,1290,395.39,1,3,2,2,2,38,34,1,0
98382,7,2021,569974,849931,1,2240,379.43,1,3,2,2,2,5,-33595,0.67,-0.33
98028,7,2005,1198894,1200083,1,2760,434.81,2,4,3,2,2,21,-1189,1,0
98295,7,1991,569974,489893,1,2190,223.7,1,4,2,2,2,35,43901,1.16,0.16
98119,8,2014,996407,969910,0.97,1830,530.01,2,3,3,1,2,12,26497,1.03,0.03
99350,7,1999,649965,649441,1,2020,321.51,1,3,3,2,2,27,524,1,0
98512,7,1992,569974,229941,1,1810,324.3,2,3,0.5,2,2,34,43901,2.48,1.48
98926,7,1977,569974,680077,1,1920,354.21,1,4,2,2,2,49,-33595,0.84,-0.16
99223,7,1989,949067,925094,0.97,3865,208.35,1,4,3,3,2,37,23973,1.03,0.03
99114,7,1978,388098,392086,1.01,2690,145.76,3,3,2,2,2,48,-3988,0.99,-0.01
98404,7,1912,569974,349916,1,1230,284.48,1,4,1,1,2,114,43901,1.63,0.63
99338,7,2026,696358,696314,1,1970,353.46,1,3,2,2,2,0,44,1,0
98133,7,1911,698912,709906,1.02,1320,537.81,2,3,1,1,2,115,-10994,0.98,-0.02
98199,7,1909,569974,755100,1,720,680.56,1,1.5,1,1,2,117,-33595,0.75,-0.25
98032,7,1958,750055,720079,0.96,1560,461.59,1,5.5,2,2,2,68,29976,1.04,0.04
98335,7,1949,569974,199933,1,2090,95.66,1,3,1,2,2,77,43901,2.85,1.85
98321,3,1992,569974,30083,1,1810,324.3,2,3,0.5,2,2,34,43901,18.95,17.95
98103,0,1969,330080,330082,1,610,541.12,1,1.5,1,1,2,57,-2,1,0
98059,7,2026,1222787,1462187.5,1,3865,680.56,2,5.5,4.5,3.5,2,0,-37,0.84,-0.16
98632,7,1924,225100,224945,1,960,234.32,1,2,1,1,2,102,155,1,0
98230,4,1998,429444,417576,0.97,1850,225.72,1,4,2,2,2,28,11868,1.03,0.03
98270,7,1963,569974,500086,1,1690,295.91,1,4,1,1,2,63,43901,1.14,0.14
99353,7,1998,719984,710067,0.99,2640,268.96,1,4,3,2,2,28,9917,1.01,0.01
99004,7,1969,800055,757908,0.96,3040,249.31,2,4,3,3,2,57,42147,1.06,0.06
98661,7,2024,569848,569953,1,2380,239.48,2,4,2,2,2,2,-105,1,0
98837,7,2001,368930,349945,0.96,1880,186.14,1,4,3,2,2,25,18985,1.05,0.05
98604,7,2022,575067,574910,1,2010,286.02,2,3,2,2,2,4,157,1,0
99223,7,2023,648934,649056,1,3360,193.17,2,5,3,1,2,3,-122,1,0
98029,8,2004,859976,827071,0.96,1490,555.08,2,2,3,2,2,22,32905,1.04,0.04
98375,0,2005,279944,269936,0.96,1020,264.64,1,2,2,1,2,21,10008,1.04,0.04
98125,7,1949,569974,950085,1,1820,522.02,2,4,3,2,2,77,-33595,0.6,-0.4
98033,7,1974,569974,1462187.5,1,1900,680.56,1,4,4.5,3,2,52,-33595,0.39,-0.61
98144,0,1992,569974,684932,1,1100,622.67,2,2,3,2,2,34,-33595,0.83,-0.17
99212,7,1956,374937,370100,0.99,2580,143.45,1,4,2,1,2,70,4837,1.01,0.01
99338,7,2015,1222787,1462187.5,0.96,3865,371.69,2,4,4.5,3,2,11,43901,0.84,-0.16
98671,7,1955,569974,559920,1,1790,312.8,1,3,2,2,2,71,10054,1.02,0.02
98631,7,1979,569974,399900,1,1340,298.43,1,3,0.5,2,2,47,43901,1.43,0.43
99205,7,1948,349846,349820,1,1580,221.41,1,3,2,2,2,78,26,1,0
99206,7,2025,440066,440083,1,1800,244.49,1,4,2,2,2,1,-17,1,0
98312,7,1940,337702,342875,1.02,760,451.15,1,2,1,1,2,86,-5173,0.98,-0.02
98672,7,2019,569974,774919,1,1840,421.15,2,4,3,2,2,7,-33595,0.74,-0.26
98011,0,1992,569974,844908,1,1810,324.3,2,3,0.5,2,2,34,-33595,0.67,-0.33
98264,7,2002,569974,625205,1,1920,325.63,2,3,1,1,2,24,-33595,0.91,-0.09
99163,7,2013,514928,514909,1,2040,252.41,1,4,2,2,2,13,19,1,0
98382,7,2006,1222787,1462187.5,0.98,3865,361.46,2,4,4.5,3,2,20,39971,0.84,-0.16
98144,0,1992,569974,374933,1,1810,324.3,2,3,0.5,2,2,34,43901,1.52,0.52
99212,7,1988,425082,425078,1,3210,132.42,2,3,3,3,2,38,4,1,0
98611,7,2025,872402,866917,0.99,2300,376.92,1,3,3,2,2,1,5485,1.01,0.01
98908,7,1965,448829,439930,0.98,1960,224.45,2,3,2,2,2,61,8899,1.02,0.02
98033,7,1977,1222787,1462187.5,0.98,3120,624.98,2,4,3,1,2,49,43901,0.84,-0.16
98367,7,1978,569974,185387,1,2360,78.55,1,4,4,3,2,48,43901,3.07,2.07
98649,7,2018,814924,815067,1,2970,274.43,1,3,3,3,2,8,-143,1,0
98501,7,2025,869864,870031,1,3620,240.34,2,5,4.5,3,2,1,-167,1,0
98837,7,1996,1222787,1100068,0.96,3865,277.79,2,3,3,2,2,30,43901,1.11,0.11
98604,7,2024,569974,670675,1,2640,254.04,2,5,3,3,2,2,-33595,0.85,-0.15
98258,7,1997,1100053,1035057,0.96,3865,266.08,2,3,4,2,2,29,43901,1.06,0.06
98611,7,1968,479081,480069,1,3000,160.02,2,4,3,3,2,58,-988,1,0
98310,7,1961,569974,250244,1,1340,186.75,1,3,3,2,2,65,43901,2.28,1.28
98512,7,1968,310096,295099,0.96,600,491.83,1,2,1,1,2,58,14997,1.05,0.05
99338,7,2011,494948,504928,1.02,2300,219.53,1,3,3,3,2,15,-9980,0.98,-0.02
99206,7,1947,349083,323949,0.96,1690,191.69,2,5,2,2,2,79,25134,1.08,0.08
98661,7,1979,894943,825065,0.96,2360,349.6,1,5.5,3,3,2,47,43901,1.08,0.08
98118,0,1992,569974,648913,1,1620,400.56,2,3,3,2,2,34,-33595,0.88,-0.12
98118,7,2025,569974,654942,1,3865,83.33,2,5.5,4.5,3.5,2,1,-33595,0.87,-0.13
98387,7,2025,550049,550008,1,1630,337.43,1,3,2,2,2,1,41,1,0
98363,7,1977,449083,446569,0.99,1260,354.42,2,3,2,2,2,49,2514,1.01,0.01
98204,7,1994,699068,750068,1.03,1560,480.81,2,3,3,2,2,32,-33595,0.93,-0.07
98683,7,1997,799946,799926,1,2930,273.01,2,5,2,2,2,29,20,1,0
99208,7,1967,600080,799949,1.03,2240,357.12,1,3,2,2,2,59,-33595,0.75,-0.25
99203,7,1939,569974,299914,1,1660,180.67,1,3,2,2,2,87,43901,1.9,0.9
99207,7,1912,274848,274840,1,1040,264.27,2,3,2,2,2,114,8,1,0
98053,7,1990,1222787,1462187.5,1,3865,587.04,2,4,3,2,2,36,-9835,0.84,-0.16
98233,7,2005,539440,519578,0.96,1690,307.44,1,3,2,2,2,21,19862,1.04,0.04
98372,7,1955,515061,524940,1.02,910,576.86,1,3,1,1,2,71,-9879,0.98,-0.02
98391,7,2010,669950,670073,1,2400,279.2,2,5,3,2,2,16,-123,1,0
98119,7,1909,1222787,1462187.5,1.01,3390,567.83,2,4,3,2,2,117,-24881,0.84,-0.16
98588,7,1992,749961,740085,0.99,1750,422.91,2,2,3,1,2,34,9876,1.01,0.01
98607,7,2019,739847,739965,1,2050,360.96,2,3,2,2,2,7,-118,1,0
98611,7,1926,399928,399931,1,2590,154.41,2,3,2,2,2,100,-3,1,0
98107,8,2013,899061,879058,0.98,1630,539.3,2,3,3,1,2,13,20003,1.02,0.02
98023,7,1976,798056,749932,0.96,2500,299.97,2,4,3,1,2,50,43901,1.06,0.06
99208,7,1984,525073,538170,1.02,3000,179.39,1,4,3,2,2,42,-13097,0.98,-0.02
98337,7,1918,569974,250251,1,750,333.67,1,2,1,1,2,108,43901,2.28,1.28
98056,7,2003,1100100,1029901,0.96,3865,265.44,2,5.5,3,3,2,23,43901,1.07,0.07
98662,7,2002,520074,520064,1,2210,235.32,2,4,3,3,2,24,10,1,0
98223,7,2000,598900,598941,1,1450,413.06,1,3,2,2,2,26,-41,1,0
99301,7,2017,444994,439077,0.99,1830,239.93,2,3,3,2,2,9,5917,1.01,0.01
98503,5,1959,485099,485066,1,1980,244.98,2,5.5,2,2,2,67,33,1,0
98010,7,2025,854652,957427,1.03,1890,506.58,1,2,2,2,2,1,-33595,0.89,-0.11
98444,5,2025,850071,830086,0.98,2500,332.03,2,5.5,4.5,2,2,1,19985,1.02,0.02
98592,7,1996,699814,669947,0.96,2770,241.86,2,3,3,3,2,30,29867,1.04,0.04
98607,7,1930,499945,490075,0.98,1620,302.52,1,3,2,2,2,96,9870,1.02,0.02
98118,7,1956,1222787,1350051,1.03,3380,399.42,1,4,4,2,2,70,-33595,0.91,-0.09
98146,8,2014,734934,730052,0.99,2530,288.56,2,4,4,2,2,12,4882,1.01,0.01
98229,7,1988,569974,730226,1,1960,372.56,2,3,3,2,2,38,-33595,0.78,-0.22
98027,7,2013,1222787,1325058,0.98,1840,680.56,2,3,3,2,2,13,24880,0.92,-0.08
98640,7,1990,344938,340067,0.99,800,425.08,1,2,1,1,2,36,4871,1.01,0.01
98662,7,1965,749950,750097,1,3800,197.39,2,5,3,3,2,61,-147,1,0
98239,7,2011,773916,774096,1,2210,350.27,1,3,2,2,2,15,-180,1,0
99202,7,1922,289054,300055,1.03,1770,169.52,1,4,2,2,2,104,-11001,0.96,-0.04
98168,7,2010,650093,650100,1,1470,442.24,2,3,3,2,2,16,-7,1,0
98548,7,1960,275023,275032,1,900,305.59,1,2,1,2,2,66,-9,1,0
98188,4,2024,264814,260078,0.98,1180,220.41,1,3,2,2,2,2,4736,1.02,0.02
98404,7,1922,425067,430090,1.01,980,438.87,1,2,1,1,2,104,-5023,0.99,-0.01
98059,7,1991,1222787,1462187.5,1.03,3865,410.35,2,3,4,2,2,35,-33595,0.84,-0.16
98570,7,2022,798941,798937,1,3250,245.83,2,4,2,2,2,4,4,1,0
98277,7,1994,765032,765027,1,2800,273.22,1,3,3,1,2,32,5,1,0
98229,7,1998,1098914,1081914,0.98,3400,318.21,1,4,3,3,2,28,17000,1.02,0.02
98033,7,1998,1222787,1462187.5,0.96,2560,680.56,2,4,4,2,2,28,43901,0.84,-0.16
98039,7,2025,1222787,1462187.5,0.96,3865,680.56,2,5.5,4.5,3,2,1,43901,0.84,-0.16
98115,7,2025,1222787,1349903,1,1940,680.56,2,3,3,1,2,1,195,0.91,-0.09
98199,7,1963,1222787,1462187.5,1,3800,680.56,2,3,3,1,2,63,157,0.84,-0.16
99216,7,1969,574929,559909,0.97,2950,189.8,1,5,3,3,2,57,15020,1.03,0.03
98665,7,2024,499938,500065,1,2400,208.36,1,4,2,2,2,2,-127,1,0
98373,7,1968,549935,550053,1,2640,208.35,1,4,2,1,2,58,-118,1,0
98125,7,1937,1174923,1174900,1,2500,469.96,2,4,3,2,2,89,23,1,0
98629,7,1996,594922,579920,0.97,3150,184.1,1,3,3,2,2,30,15002,1.03,0.03
98271,7,1997,575059,600060,1.03,1470,408.2,1,3,2,2,2,29,-25001,0.96,-0.04
98273,7,1994,519447,500050,0.96,1350,370.41,2,3,3,2,2,32,19397,1.04,0.04
98103,8,2025,725075,717944,0.99,1040,680.56,2,2,2,1,2,1,7131,1.01,0.01
98034,0,1999,569974,1199942,1,2330,515,2,3,3,2,2,27,-33595,0.48,-0.52
98563,7,2023,419057,424097,1.01,1620,261.79,2,3,2,1,2,3,-5040,0.99,-0.01
98498,7,1951,899929,825059,0.96,3865,182.54,1,5,4,1,2,75,43901,1.09,0.09
98012,7,2002,1098942,1000058,0.96,2360,423.75,2,5,3,2,2,24,43901,1.1,0.1
98006,7,1968,1222787,1462187.5,0.98,3480,617.84,2,5,3,2,2,58,43901,0.84,-0.16
98027,7,1966,1222787,1462187.5,1.03,3010,614.59,1,4,3,1,2,60,-33595,0.84,-0.16
98042,7,2009,650014,619940,0.96,2660,233.06,2,4,3,2,2,17,30074,1.05,0.05
98144,7,1929,1222787,1462187.5,1,3865,665.21,2,4,4,2,2,97,-20,0.84,-0.16
98177,0,1967,569974,282577,1,920,307.15,3,2,3,2,2,59,43901,2.02,1.02
98377,4,2025,399842,399821,1,1920,208.24,1,5,2,2,2,1,21,1,0
98125,7,1940,624941,612515,0.98,1350,453.71,2,3,1,1,2,86,12426,1.02,0.02
98115,7,1926,949903,845537,0.96,2230,379.16,2,3,2,2,2,100,43901,1.12,0.12
98338,7,1991,695078,690094,0.99,2900,237.96,1,4,3,2,2,35,4984,1.01,0.01
99208,7,2025,569974,517913,1,1660,312,1,3,4,3.5,2,1,43901,1.1,0.1
98272,7,1992,569974,1462187.5,1,1810,324.3,2,3,0.5,2,2,34,-33595,0.39,-0.61
98052,7,1992,1222787,1462187.5,1.01,3730,593.58,2,4,4.5,3,2,34,-24977,0.84,-0.16
98675,7,1979,698938,660917,0.96,2720,242.98,2,4,3,1,2,47,38021,1.06,0.06
98332,7,2007,1222787,1274900,1,3710,343.64,2,3,4,2,2,19,23,0.96,-0.04
98626,7,1988,625917,596923,0.96,1650,361.77,2,3,2,2,2,38,28994,1.05,0.05
99353,7,1993,460062,460098,1,1980,232.37,2,4,3,2,2,33,-36,1,0
98409,7,1927,324909,339933,1.03,1700,199.96,1,2,2,1,2,99,-15024,0.96,-0.04
98033,7,1980,1222787,1420905,1.03,2620,542.33,2,4,3,1,2,46,-33595,0.86,-0.14
98607,4,2019,609901,610097,1,2380,256.34,1,5.5,3,3,2,7,-196,1,0
98122,8,2025,897054,896919,1,1650,543.59,2,3,2,1,2,1,135,1,0
99224,4,1981,54834,54815,1,920,59.58,2,2,2,2,2,45,19,1,0
98851,7,1942,328914,334076,1.02,1800,185.6,1,3,2,1,2,84,-5162,0.98,-0.02
98387,7,2012,519855,520066,1,2280,228.1,2,4,3,2,2,14,-211,1,0
98366,7,2006,749061,704923,0.96,2930,240.59,1,4,4,3,2,20,43901,1.06,0.06
98338,7,1999,578901,578901,1,2030,285.17,1,3,2,2,2,27,0,1,0
98663,7,1971,549941,549950,1,1920,286.43,3,3,2,2,2,55,-9,1,0
98370,7,1989,1100071,1099940,1,2970,370.35,2,3,4,1,2,37,131,1,0
99362,7,1967,569974,479925,1,1880,255.28,1,4,2,2,2,59,43901,1.19,0.19
98034,7,2013,1222787,1320067,1,2010,656.75,2,4,3,2,2,13,-138,0.93,-0.07
98356,3,1992,124904,110081,0.96,1810,324.3,2,3,2,2,2,34,14823,1.13,0.13
98422,7,2015,1222787,1350068,0.97,3040,444.1,2,3,3,2,2,11,43901,0.91,-0.09
98230,7,1991,458590,449917,0.98,1160,387.86,1,2,2,2,2,35,8673,1.02,0.02
99352,0,2006,1164938,1163945,1,3390,343.35,1,3,3,2,2,20,993,1,0
98272,7,1948,399852,369934,0.96,780,474.27,1,2,1,1,2,78,29918,1.08,0.08
98584,4,1975,200072,210085,1.03,1060,198.19,1,2,1,1,2,51,-10013,0.95,-0.05
98033,7,2026,1222787,1462187.5,1,3330,680.56,2,5,4,2,2,0,9,0.84,-0.16
98374,7,1967,622085,622086,1,2850,218.28,2,5,3,2,2,59,-1,1,0
98005,7,1973,1222787,1462187.5,1.03,3280,680.56,2,4,3,2,2,53,-33595,0.84,-0.16
98155,7,1959,1222787,1462187.5,1,2940,508.48,1,5,3,1,2,67,-14,0.84,-0.16
98407,7,1955,764926,750071,0.98,2180,344.07,1,3,2,2,2,71,14855,1.02,0.02
98335,0,1979,1100083,1024901,0.96,2990,342.78,3,2,4,2,2,47,43901,1.07,0.07
98033,0,2010,1222787,1462187.5,0.96,2780,680.56,1,2,3,2,2,16,43901,0.84,-0.16
99223,7,1987,1222787,1399949,1,1810,324.3,1,5,3,3,2,39,-5018,0.87,-0.13
98201,7,1920,989824,1100085,1.03,1690,650.94,2,3,2,1,2,106,-33595,0.9,-0.1
98321,7,1913,435059,434925,1,3470,125.34,1,2,2,1,2,113,134,1,0
98059,7,2000,1222787,1462187.5,1,3865,405.17,2,4,3,2,2,26,118,0.84,-0.16
99337,7,1977,449811,449918,1,1890,238.05,1,3,3,3,2,49,-107,1,0
98104,0,2023,390082,389949,1,520,680.56,1,1.5,1,2,2,3,133,1,0
99212,7,1942,315060,329566,1.03,930,354.37,1,2,1,1,2,84,-14506,0.96,-0.04
98569,0,1968,42077,35085,0.96,670,52.37,1,1.5,1,1,2,58,6992,1.2,0.2
98226,7,2025,809809,783091,0.97,1920,407.86,2,3,3,2,2,1,26718,1.03,0.03
98020,0,2004,890056,938571,1.03,1430,656.34,1,2,2,1,2,22,-33595,0.95,-0.05
98466,7,1950,639947,630091,0.98,1980,318.23,1,3,2,2,2,76,9856,1.02,0.02
98020,0,2007,1222787,1462187.5,1.03,1700,680.56,1,2,2,2,2,19,-33595,0.84,-0.16
98178,7,1961,799083,833072,1.03,2470,337.28,2,5,3,1,2,65,-33595,0.96,-0.04
98589,7,1997,540065,540058,1,1580,341.81,1,3,2,2,2,29,7,1,0
98604,7,2004,550091,565083,1.03,2730,206.99,2,3,3,2,2,22,-14992,0.97,-0.03
98011,0,1995,434907,424950,0.98,980,433.62,1,2,2,1,2,31,9957,1.02,0.02
98383,8,1994,445077,429905,0.97,1390,309.28,2,3,3,2,2,32,15172,1.04,0.04
99224,3,1992,169931,169931,1,1810,324.3,2,3,2,2,2,34,0,1,0
98028,4,1969,52948,44912,0.96,720,62.38,1,2,1,1,2,57,8036,1.18,0.18
98028,7,1973,1222787,1462187.5,0.98,3865,324.06,2,5.5,4.5,3,2,53,24946,0.84,-0.16
98406,7,1970,598905,650074,1.03,1610,403.77,1,3,3,1,2,56,-33595,0.92,-0.08
98387,7,1969,369928,364901,0.99,1300,280.69,1,3,1,1,2,57,5027,1.01,0.01
98198,7,1954,779874,790090,1.01,2480,318.58,1,4,3,1,2,72,-10216,0.99,-0.01
98117,8,2026,649912,649905,1,1040,624.91,2,2,2,1,2,0,7,1,0
99208,7,1954,324915,329946,1.02,1840,179.32,1,4,2,1,2,72,-5031,0.98,-0.02
98367,7,1993,535056,549926,1.03,1770,310.69,1,3,2,1,2,33,-14870,0.97,-0.03
98252,8,1969,515084,515098,1,1300,396.23,2,2,2,2,2,57,-14,1,0
98404,7,1958,525097,525091,1,1650,318.24,1,4,2,1,2,68,6,1,0
98122,8,2020,1198912,1198927,1,1940,618,2,4,3,1,2,6,-15,1,0
99353,8,2025,401924,401797,1,1900,211.47,2,3,3,1,2,1,127,1,0
99344,7,1910,329924,329936,1,2610,126.41,2,5,3,2,2,116,-12,1,0
98004,0,2008,1222787,1462187.5,1,1760,680.56,1,2,3,1,2,18,-142,0.84,-0.16
99338,0,2005,400083,389918,0.97,1910,204.15,1,2,2,2,2,21,10165,1.03,0.03
98632,7,1945,385062,385097,1,1680,229.22,2,4,2,2,2,81,-35,1,0
98178,7,1963,699067,680054,0.97,2020,336.66,1,4,2,2,2,63,19013,1.03,0.03
98033,7,1985,1222787,1462187.5,1.01,2140,680.56,2,3,3,1,2,41,-10133,0.84,-0.16
99205,7,1948,300067,302437,1.01,1290,234.45,1,2,1,1,2,78,-2370,0.99,-0.01
98033,7,1952,1222787,1462187.5,1.03,1820,680.56,1,3,3,3,2,74,-33595,0.84,-0.16
98407,0,2009,1222787,1462187.5,1.02,2330,654.1,1,2,2,1,2,17,-24112,0.84,-0.16
98595,3,1992,39986,34939,0.96,1810,324.3,2,3,2,2,2,34,5047,1.14,0.14
98005,7,1970,1222787,1462187.5,1.03,3865,680.56,2,5,3,2,2,56,-33595,0.84,-0.16
98006,3,1992,600048,649945,1.03,1810,324.3,2,3,2,2,2,34,-33595,0.92,-0.08
98105,7,1924,1222787,1462187.5,1,3230,499.97,2,5,3,2,2,102,23,0.84,-0.16
98226,0,2006,350084,342076,0.98,1330,257.2,3,2,2,2,2,20,8008,1.02,0.02
98109,7,1909,1222787,1462187.5,1,2840,680.56,2,4,4,1,2,117,137,0.84,-0.16
98271,4,1991,380077,379904,1,920,412.94,1,2,2,2,2,35,173,1,0
98270,7,1920,649875,639928,0.98,1310,488.49,1,3,2,2,2,106,9947,1.02,0.02
98221,7,1996,1195072,1014935,0.96,2860,354.87,2,2,3,1,2,30,43901,1.18,0.18
98019,7,1987,949083,1020069,1.03,2470,412.98,2,3,4,3,2,39,-33595,0.93,-0.07
98033,8,2026,1197908,1170090,0.98,1300,680.56,2,2,3,1,2,0,27818,1.02,0.02
98273,7,2007,628934,628924,1,3260,192.92,2,4,3,2,2,19,10,1,0
98027,7,2025,1222787,1462187.5,0.98,3550,669.03,2,5,4,2,2,1,43901,0.84,-0.16
98027,0,1983,460009,457735,1,1260,363.28,1,3,2,2,2,43,2274,1,0
98597,7,2002,677926,655912,0.97,2110,310.86,1,3,2,2,2,24,22014,1.03,0.03
98903,7,2025,609935,590062,0.97,2470,238.89,2,3,2,2,2,1,19873,1.03,0.03
98632,4,2000,569974,100078,1,1850,54.1,1,3,2,2,2,26,43901,5.7,4.7
98366,7,1929,474944,484922,1.02,1630,297.5,1,1.5,1,1,2,97,-9978,0.98,-0.02
98409,7,1970,430070,460058,1.03,1370,335.81,1,4,2,1,2,56,-29988,0.93,-0.07
98443,7,1950,465071,449950,0.97,1140,394.69,1,2,1,1,2,76,15121,1.03,0.03
98040,7,1960,1222787,1462187.5,0.97,2800,680.56,1,4,3,2,2,66,43901,0.84,-0.16
98074,7,1988,1222787,1400081,0.97,2570,544.78,2,4,3,2,2,38,43901,0.87,-0.13
98502,7,1993,510099,509914,1,1810,281.72,1,3,2,2,2,33,185,1,0
98408,7,1910,319913,309931,0.97,1990,155.74,2,3,1,1,2,116,9982,1.03,0.03
98368,7,2000,659915,641924,0.97,1370,468.56,1,3,2,1,2,26,17991,1.03,0.03
98208,4,1977,80088,79900,1,1420,56.27,1,2,2,1,2,49,188,1,0
98833,7,2018,628942,612939,0.97,930,659.07,1,2,2,1,2,8,16003,1.03,0.03
98371,7,2017,850022,850033,1,1810,324.3,2,3,4,2,2,9,-11,1,0
98584,3,1992,18579,14944,0.96,1810,324.3,2,3,2,2,2,34,3635,1.24,0.24
98253,7,1990,649940,650053,1,1940,335.08,2,2,3,2,2,36,-113,1,0
98229,7,1976,329944,338902,1.03,800,423.63,1,3,1,1,2,50,-8958,0.97,-0.03
98346,7,2025,800046,800046,1,2830,282.7,2,5,2,1,2,1,0,1,0
98274,7,1910,578910,579917,1,2980,194.6,2,4,2,1,2,116,-1007,1,0
98368,0,2006,415083,400076,0.96,830,482.02,2,1.5,1,1,2,20,15007,1.04,0.04
98390,0,1996,535014,515091,0.96,1680,306.6,2,2,2,1,2,30,19923,1.04,0.04
98409,7,1949,384913,385077,1,1070,359.89,1,2,2,1,2,77,-164,1,0
98203,7,1930,940085,939915,1,2170,433.14,1,4,4,1,2,96,170,1,0
98499,7,1955,424991,420095,0.99,1190,353.02,1,3,1,1,2,71,4896,1.01,0.01
98626,7,1964,717096,717092,1,1680,426.84,1,4,2,2,2,62,4,1,0
98312,7,1940,649994,649086,1,1010,642.66,1,2,1,1,2,86,908,1,0
99338,7,2025,435059,440058,1.01,1450,303.49,1,3,2,1,2,1,-4999,0.99,-0.01
98166,7,2001,569974,929942,1,2280,407.87,2,4,3,2,2,25,-33595,0.61,-0.39
99021,7,2004,549570,535075,0.97,2950,181.38,1,4,3,2,2,22,14495,1.03,0.03
99206,7,1972,349830,352606,1.01,2570,137.2,1,4,2,2,2,54,-2776,0.99,-0.01
98208,7,1994,840083,840084,1,1890,444.49,1,3,2,2,2,32,-1,1,0
98274,7,1992,419910,430090,1.02,860,500.1,1,2,1,1,2,34,-10180,0.98,-0.02
98052,7,1977,1222787,1462187.5,1.03,2100,680.56,2,4,3,1,2,49,-33595,0.84,-0.16
98446,7,1968,709900,709942,1,2810,252.65,1,3,2,2,2,58,-42,1,0
98155,7,1947,599892,663057,1.03,1060,625.53,1,3,1,1,2,79,-33595,0.9,-0.1
98632,7,1964,569945,559923,0.98,3180,176.08,2,5,3,3,2,62,10022,1.02,0.02
98503,7,2023,580051,580082,1,2390,242.71,2,4,3,2,2,3,-31,1,0
98407,7,1943,524909,519945,0.99,1420,366.16,1,3,2,2,2,83,4964,1.01,0.01
98683,7,1996,435070,434906,1,1160,374.92,1,3,2,2,2,30,164,1,0
98387,7,1968,429878,425635,0.99,1320,322.45,1,3,1,1,2,58,4243,1.01,0.01
98499,7,1944,340083,350083,1.03,1760,198.91,1,2,1,2,2,82,-10000,0.97,-0.03
99202,7,1948,254972,254988,1,1300,196.14,2,4,1,1,2,78,-16,1,0
98020,0,1974,675079,675051,1,1070,630.89,2,2,3,2,2,52,28,1,0
98103,7,1909,569974,1462187.5,1,1100,680.56,2,3,1,1,2,117,-33595,0.39,-0.61
98294,7,2023,645057,644901,1,2740,235.37,2,5,3,2,2,3,156,1,0
98577,7,1940,348903,339902,0.97,1530,222.16,2,3,1,1,2,86,9001,1.03,0.03
98101,0,2020,574828,550057,0.96,990,555.61,1,2,1,1,2,6,24771,1.05,0.05
98650,7,1942,724942,725070,1,1540,470.82,1,3,1,1,2,84,-128,1,0
98501,7,2004,449922,459929,1.02,1480,310.76,1,3,2,2,2,22,-10007,0.98,-0.02
98360,7,1999,499883,509928,1.02,1550,328.99,2,3,3,1,2,27,-10045,0.98,-0.02
98327,7,1976,564937,564901,1,1840,307.01,1,4,3,1,2,50,36,1,0
98848,7,2024,350061,360910,1.03,1410,255.96,1,3,2,2,2,2,-10849,0.97,-0.03
99301,7,1973,699087,699089,1,2530,276.32,2,4,3,1,2,53,-2,1,0
98675,3,1992,140055,140071,1,1810,324.3,2,3,2,2,2,34,-16,1,0
99403,3,1992,98965,568006,1,1810,324.3,2,3,2,2,2,34,-33595,0.17,-0.83
99037,7,1977,437073,444954,1.02,1800,247.2,2,3,2,1,2,49,-7881,0.98,-0.02
98367,7,1996,519873,529909,1.02,1130,468.95,1,3,2,2,2,30,-10036,0.98,-0.02
98166,5,1948,569974,416909,1,2360,176.66,2,3,3,3,2,78,43901,1.37,0.37
98233,6,1995,569974,1462187.5,1,3865,274.08,2,3,0.5,2,2,31,-33595,0.39,-0.61
98251,7,2015,464935,478896,1.03,1080,443.42,1,3,2,2,2,11,-13961,0.97,-0.03
98258,7,1994,909923,909936,1,2380,382.33,1,4,3,2,2,32,-13,1,0
98443,7,1929,894949,884911,0.99,3865,206.75,2,3,3,2,2,97,10038,1.01,0.01
98516,7,1977,475081,460066,0.97,1980,232.36,2,3,3,1,2,49,15015,1.03,0.03
98026,7,2025,1150007,1150008,1,2220,518.02,2,4,3,2,2,1,-1,1,0
98569,3,1992,35947,42403,1.03,1810,324.3,2,3,2,2,2,34,-6456,0.85,-0.15
98188,0,1983,338916,324926,0.96,1200,270.77,2,2,2,1,2,43,13990,1.04,0.04
98503,5,1959,569974,485093,1,1980,245,1,5.5,2,2,2,67,43901,1.17,0.17
98370,6,1992,569974,800344,1,1810,324.3,2,3,0.5,2,2,34,-33595,0.71,-0.29
98335,7,1979,749055,775068,1.03,2360,328.42,2,3,3,1,2,47,-26013,0.97,-0.03
98229,3,1992,34912,34933,1,1810,324.3,2,3,2,2,2,34,-21,1,0
98020,7,1963,569974,1462187.5,1,3865,492.63,2,4,3,2,2,63,-33595,0.39,-0.61
99207,7,1921,268921,264928,0.99,1430,185.26,2,4,1,1,2,105,3993,1.02,0.02
98571,7,2022,1222787,1462187.5,0.97,2130,680.56,2,3,4,1,2,4,43901,0.84,-0.16
98406,7,1946,628928,640091,1.02,2450,261.26,2,3,2,2,2,80,-11163,0.98,-0.02
99003,4,2007,588959,580066,0.98,2800,207.17,1,3,2,2,2,19,8893,1.02,0.02
98501,5,1923,459957,474928,1.03,1440,329.81,2,4,2,2,2,103,-14971,0.97,-0.03
98362,7,1963,275061,268407,0.98,1760,152.5,2,4,2,1,2,63,6654,1.02,0.02
99217,7,2025,508940,508928,1,2350,216.57,2,4,3,3,2,1,12,1,0
98118,7,1954,734934,777550,1.03,1480,525.37,1,3,2,1,2,72,-33595,0.95,-0.05
99207,7,1995,384940,392950,1.02,1850,212.41,2,4,2,2,2,31,-8010,0.98,-0.02
98057,7,1911,950079,925072,0.97,2380,388.69,2,3,3,2,2,115,25007,1.03,0.03
98058,7,1969,669893,690083,1.03,1880,367.07,1,3,3,2,2,57,-20190,0.97,-0.03
98038,4,1994,900076,899902,1,3520,255.65,1,5,4,3,2,32,174,1,0
98244,4,2007,569974,99944,1,370,270.12,2,1.5,1,1,2,19,43901,5.7,4.7
98042,0,1979,774915,774923,1,2300,336.92,2,2,3,2,2,47,-8,1,0
99217,4,1984,569974,95064,1,1810,52.52,1,3,2,2,2,42,43901,6,5
98103,7,2015,1222787,1462187.5,1,3280,547.23,2,4,4,3,2,11,168,0.84,-0.16
98275,7,2002,950022,949878,1,2140,443.87,2,4,3,2,2,24,144,1,0
98502,6,1992,569974,809935,1,1810,324.3,2,3,0.5,2,2,34,-33595,0.7,-0.3
98858,4,1991,569974,354950,1,1460,243.12,2,3,2,2,2,35,43901,1.61,0.61
98251,4,1992,569974,534947,1,2000,267.47,1,3,1,1,2,34,35027,1.07,0.07
98823,3,1992,20928,21924,1.03,1810,324.3,2,3,2,2,2,34,-996,0.95,-0.05
98296,7,2001,829872,810061,0.98,1600,506.29,2,3,3,2,2,25,19811,1.02,0.02
99119,3,1992,120073,106434,0.96,1810,324.3,2,3,2,2,2,34,13639,1.13,0.13
98037,8,2026,819925,809936,0.99,1820,445.02,2,3,4,1,2,0,9989,1.01,0.01
98823,3,1992,39835,34948,0.96,1810,324.3,2,3,2,2,2,34,4887,1.14,0.14
98467,7,1967,585096,575056,0.98,1710,336.29,1,4,2,1,2,59,10040,1.02,0.02
98312,7,2025,969816,969831,1,2140,453.19,1,3,3,2,2,1,-15,1,0
98501,7,1933,397554,397442,1,1360,292.24,2,3,2,1,2,93,112,1,0
98640,3,1992,39999,34061,0.96,1810,324.3,2,3,2,2,2,34,5938,1.17,0.17
98620,4,1996,319914,319935,1,1670,191.58,1,4,2,2,2,30,-21,1,0
98011,0,2008,617898,606936,0.98,1310,463.31,3,2,2,2,2,18,10962,1.02,0.02
98661,7,1943,389913,390050,1,890,438.26,1,2,1,1,2,83,-137,1,0
98520,7,1927,198920,187445,0.96,1860,100.78,2,3,1,1,2,99,11475,1.06,0.06
98106,7,1921,434904,474902,1.03,1880,252.61,1,3,2,2,2,105,-33595,0.92,-0.08
98502,7,2016,569974,569816,1,2310,246.67,2,4,3,2,2,10,158,1,0
98503,7,1964,559924,574944,1.03,2220,258.98,2,5,3,3,2,62,-15020,0.97,-0.03
98611,7,1969,454934,454936,1,1520,299.3,1,3,2,1,2,57,-2,1,0
98198,0,1969,325066,319931,0.98,930,344.01,1,2,1,2,2,57,5135,1.02,0.02
98052,7,1977,1222787,1360096,1.03,2150,632.6,2,5,3,1,2,49,-33595,0.9,-0.1
99336,7,1949,569974,284906,1,960,296.78,1,3,1,1,2,77,43901,2,1
99004,3,1992,569974,370084,1,1810,324.3,2,3,0.5,2,2,34,43901,1.54,0.54
98270,7,1985,565089,574945,1.02,1020,563.67,1,3,2,2,2,41,-9856,0.98,-0.02
99114,7,2002,349081,349075,1,1840,189.71,1,3,2,2,2,24,6,1,0
98632,7,1926,379825,379974,1,1440,263.87,2,3,2,1,2,100,-149,1,0
98661,7,1976,424933,424918,1,1780,238.72,1,3,2,2,2,50,15,1,0
98387,7,1998,490088,496093,1.01,1470,337.48,1,3,2,2,2,28,-6005,0.99,-0.01
98642,7,2025,767129,766997,1,3020,253.97,2,4,3,3,2,1,132,1,0
98112,3,1992,569974,1462187.5,1,1810,324.3,2,3,0.5,2,2,34,-33595,0.39,-0.61
98125,0,1979,379906,360063,0.96,1180,305.14,1,2,2,1,2,47,19843,1.06,0.06
98632,7,1946,339920,339940,1,720,472.14,1,2,1,1,2,80,-20,1,0
98225,7,1909,575067,550065,0.96,1010,544.62,1,2,1,1,2,117,25002,1.05,0.05
98801,7,2018,530094,530087,1,1540,344.21,1,3,2,1,2,8,7,1,0
98004,6,2002,569974,850072,1,1380,615.99,3.5,2,2,2,2,24,-33595,0.67,-0.33
98126,0,2022,797934,797916,1,1100,680.56,2,2,3,1,2,4,18,1,0
98029,8,2021,1222787,1248085,1,2190,569.9,2,4,4.5,1,2,5,-161,0.98,-0.02
98366,7,2016,558926,547932,0.98,1730,316.72,1,3,2,2,2,10,10994,1.02,0.02
98528,7,2022,479815,491902,1.03,1470,334.63,2,3,3,1,2,4,-12087,0.98,-0.02
98604,7,2016,505098,505052,1,1590,317.64,1,3,2,2,2,10,46,1,0
99301,7,2026,499322,499150,1,1770,282.01,1,3,2,2,2,0,172,1,0
98499,7,1987,1090090,994950,0.96,3480,285.91,2,4,3,2,2,39,43901,1.1,0.1
98020,0,2008,1222787,1192569,0.96,1300,680.56,1,2,2,1,2,18,43901,1.03,0.03
98032,0,2000,372405,369908,0.99,1000,369.91,1,2,2,2,2,26,2497,1.01,0.01
98225,0,1985,569974,1462187.5,1,1920,680.56,2,3,2,2,2,41,-33595,0.39,-0.61
98107,0,2000,484931,465066,0.96,1040,447.18,2,2,2,1,2,26,19865,1.04,0.04
98221,7,1997,680071,635095,0.96,1380,460.21,2,2,2,1,2,29,43901,1.07,0.07
98059,7,1966,799800,720057,0.96,1990,361.84,1,3,2,1,2,60,43901,1.11,0.11
98626,7,1909,339981,331916,0.98,1310,253.37,2,3,2,2,2,117,8065,1.02,0.02
98110,7,2005,994943,1005076,1.01,3865,210.71,2,3,4,1,2,21,-10133,0.99,-0.01
98155,7,1961,885052,885060,1,3040,291.14,1,4,3,1,2,65,-8,1,0
98166,7,1963,1222787,1462187.5,1.03,3340,643.74,2,5,3,1,2,63,-33595,0.84,-0.16
99119,3,1992,119908,106589,0.96,1810,324.3,2,3,2,2,2,34,13319,1.12,0.12
98036,7,1980,858926,850050,0.99,1600,531.28,3,3,3,1,2,46,8876,1.01,0.01
98208,7,1977,1149922,1039946,0.96,2300,452.15,2,4,3,1,2,49,43901,1.11,0.11
98632,7,1928,356410,356448,1,1460,244.14,2,3,1,1,2,98,-38,1,0
98338,7,2024,548976,548829,1,1610,340.89,1,3,2,1,2,2,147,1,0
99114,4,1980,98904,98071,0.99,1310,74.86,1,2,1,1,2,46,833,1.01,0.01
98102,7,1949,1150082,1256086,1.03,2660,472.21,2,4,2,2,2,77,-33595,0.92,-0.08
98006,7,1972,1222787,1462187.5,1.01,2180,680.56,2,4,3,1,2,54,-20003,0.84,-0.16
98296,7,2004,948911,924950,0.97,2070,446.84,2,4,3,2,2,22,23961,1.03,0.03
98387,7,2007,465081,465074,1,1900,244.78,2,3,3,2,2,19,7,1,0
98498,7,1959,424952,449910,1.03,1480,303.99,1,2,2,1,2,67,-24958,0.94,-0.06
98034,0,2022,900071,875095,0.97,1170,680.56,1,2,2,2,2,4,24976,1.03,0.03
98404,7,1978,430007,430064,1,1440,298.66,1,3,2,2,2,48,-57,1,0
98407,0,1986,468924,459948,0.98,1270,362.16,1,2,2,2,2,40,8976,1.02,0.02
99203,7,1936,399943,421943,1.03,2320,181.87,2,2,2,2,2,90,-22000,0.95,-0.05
99350,7,1956,369925,369933,1,1290,286.77,1,3,2,1,2,70,-8,1,0
98338,7,2022,575017,590072,1.03,1680,351.23,1,2,2,2,2,4,-15055,0.97,-0.03
98466,7,1989,748949,749933,1,2320,323.25,2,4,3,2,2,37,-984,1,0
98272,8,2000,459056,449946,0.98,1250,359.96,2,3,3,2,2,26,9110,1.02,0.02
98003,7,2025,932300,932442,1,3020,308.76,2,5,3,2,2,1,-142,1,0
99205,7,1911,332446,322436,0.97,2250,143.3,2,4,1,1,2,115,10010,1.03,0.03
98023,7,1977,599907,649926,1.03,1460,445.15,2,3,3,1,2,49,-33595,0.92,-0.08
99109,7,1995,374912,375054,1,1700,220.62,1,3,3,2,2,31,-142,1,0
98902,7,1950,242086,241910,1,960,251.99,1,2,1,1,2,76,176,1,0
98506,7,2025,725053,724924,1,2980,243.26,2,5,3,2,2,1,129,1,0
99006,7,1910,309910,304566,0.98,1750,174.04,2,3,1,1,2,116,5344,1.02,0.02
99036,7,1983,865082,1230096,1.03,2810,437.76,1,4,3,3,2,43,-33595,0.7,-0.3
98168,7,1924,649881,584913,0.96,1370,426.94,1,3,2,1,2,102,43901,1.11,0.11
98837,7,2008,454950,455056,1,1860,244.65,1,3,2,2,2,18,-106,1,0
98569,7,2011,295076,292057,0.99,860,339.6,1,2,2,2,2,15,3019,1.01,0.01
98531,7,1946,419910,420050,1,2140,196.29,2,5,3,1,2,80,-140,1,0
98042,7,1976,750001,673922,0.96,2380,283.16,2,5,3,1,2,50,43901,1.11,0.11
98391,7,2005,625002,625018,1,2490,251.01,2,5,3,2,2,21,-16,1,0
98520,7,1928,218931,200069,0.96,1200,166.72,1,3,1,1,2,98,18862,1.09,0.09
98674,7,2025,569974,567210,1,1810,324.3,2,3,3,2,2,1,2764,1,0
98021,7,2005,1222787,1444577,1,3030,476.76,2,4,3,2,2,21,4997,0.85,-0.15
99202,7,1909,569974,311825,1,2310,134.99,2,5,2,2,2,117,43901,1.83,0.83
98682,7,2025,675476,675468,1,2660,253.94,2,5,3,3,2,1,8,1,0
99141,7,1983,569974,150460,1,1580,95.23,2,3,2,1,2,43,43901,3.79,2.79
98683,7,2025,844849,845098,1,2740,308.43,2,4,3,2,2,1,-249,1,0
99216,7,1956,378945,376908,0.99,2140,176.13,2,4,2,1,2,70,2037,1.01,0.01
99207,7,1909,394915,389904,0.99,2440,159.8,2,5.5,3,3,2,117,5011,1.01,0.01
98271,7,1980,534910,538927,1.01,1100,489.93,1,3,2,1,2,46,-4017,0.99,-0.01
98168,7,2025,1222787,1462187.5,0.96,3865,410.65,2,5,4.5,3.5,2,1,43901,0.84,-0.16
99207,7,1909,269553,274906,1.02,2280,120.57,2,2,1,1,2,117,-5353,0.98,-0.02
98584,7,1971,379928,354905,0.96,900,394.34,2,2,2,2,2,55,25023,1.07,0.07
98375,7,2006,548900,550057,1,1960,280.64,2,3,3,2,2,20,-1157,1,0
98056,7,1942,464938,434943,0.96,960,453.07,1,2,1,1,2,84,29995,1.07,0.07
99352,7,1944,284825,288570,1.01,610,473.07,1,2,1,1,2,82,-3745,0.99,-0.01
98445,7,1993,495077,494925,1,1530,323.48,1,3,2,1,2,33,152,1,0
98597,7,2025,626071,626103,1,2630,238.06,2,5,4,2,2,1,-32,1,0
98092,7,1993,569974,449934,1,1280,351.51,1,3,2,2,2,33,43901,1.27,0.27
99205,7,1910,250071,242592,0.97,850,285.4,1,2,1,1,2,116,7479,1.03,0.03
98026,0,2002,435074,420095,0.97,1110,378.46,1,1.5,2,2,2,24,14979,1.04,0.04
98642,7,2022,619914,620099,1,2600,238.5,2,5,3,3,2,4,-185,1,0
98270,7,2002,615079,619941,1.01,1670,371.22,2,3,3,2,2,24,-4862,0.99,-0.01
99361,7,1948,348948,338938,0.97,1060,319.75,1,2,1,1,2,78,10010,1.03,0.03
98837,7,1961,199050,230061,1.03,1140,201.81,1,3,1,1,2,65,-31011,0.87,-0.13
98006,7,1960,1222787,1462187.5,0.97,1800,680.56,1,3,3,1,2,66,43901,0.84,-0.16
98513,7,1980,400095,405085,1.01,1090,371.64,1,3,1,1,2,46,-4990,0.99,-0.01
98021,0,2025,1074899,1074880,1,2350,457.4,2,4,4,2,2,1,19,1,0
98375,7,2003,459947,472946,1.03,1480,319.56,2,3,3,2,2,23,-12999,0.97,-0.03
98178,7,2014,839084,822424,0.98,2220,370.46,2,4,3,1,2,12,16660,1.02,0.02
98908,7,1965,987928,985087,1,3420,288.04,2,4,4,3,2,61,2841,1,0
98662,7,2008,489061,488926,1,1720,284.26,2,3,2,2,2,18,135,1,0
98506,7,2025,775055,761158,0.98,3410,223.21,2,5,3,2,2,1,13897,1.02,0.02
99004,7,1937,310083,309920,1,1700,182.31,2,3,1,1,2,89,163,1,0
98003,7,2023,709076,709917,1,1910,371.68,2,4,3,1,2,3,-841,1,0
98375,7,2005,465082,454920,0.98,1720,264.49,2,3,3,2,2,21,10162,1.02,0.02
98629,7,2025,649936,649906,1,2010,323.34,1,3,2,2,2,1,30,1,0
98258,7,2002,659076,658934,1,1660,396.95,2,3,3,2,2,24,142,1,0
98686,7,2025,569974,660160,1,2180,302.83,2,4,3,3,2,1,-33595,0.86,-0.14
98422,7,1978,485066,474907,0.98,1230,386.1,1,3,2,1,2,48,10159,1.02,0.02
98862,3,1992,325070,320060,0.98,1810,324.3,2,3,2,2,2,34,5010,1.02,0.02
98937,7,1955,284942,274936,0.96,1280,214.79,1,3,2,2,2,71,10006,1.04,0.04
98121,0,1999,255082,247448,0.97,380,651.18,1,1.5,1,1,2,27,7634,1.03,0.03
98004,0,2005,1222787,1300069,0.96,1080,680.56,1,2,2,2,2,21,43901,0.94,-0.06
98118,8,2018,724938,725052,1,1300,557.73,2,2,2,1,2,8,-114,1,0
99218,7,1979,569974,500088,1,2070,241.59,1,4,2,2,2,47,43901,1.14,0.14
98125,0,2025,699945,699941,1,1140,613.98,2,2,3,1,2,1,4,1,0
98029,0,2008,389600,394915,1.01,960,411.37,1,2,1,1,2,18,-5315,0.99,-0.01
98684,7,2025,520065,520074,1,1820,285.75,2,4,2,2,2,1,-9,1,0
98002,7,1940,224930,214900,0.96,590,364.24,2,2,1,1,2,86,10030,1.05,0.05
98103,7,1909,569974,1462187.5,1,1050,680.56,2,2,1,1,2,117,-33595,0.39,-0.61
98584,7,1985,674918,650067,0.96,1780,365.21,2,3,3,1,2,41,24851,1.04,0.04
98404,7,1939,450023,429938,0.96,1840,233.66,2,4,2,2,2,87,20085,1.05,0.05
98106,7,1942,465095,465077,1,660,680.56,1,2,1,1,2,84,18,1,0
98816,7,1992,569974,310061,1,1810,324.3,2,3,0.5,2,2,34,43901,1.84,0.84
98274,2,1960,1222787,1179945,0.96,1930,611.37,1,3,2,1,2,66,43901,1.04,0.04
98409,7,1946,569974,434902,1,1360,319.78,1,2,1,1,2,80,43901,1.31,0.31
98310,7,1973,449835,484916,1.03,1190,407.49,1,3,1,1,2,53,-33595,0.93,-0.07
98058,7,1962,670050,625056,0.96,1730,361.3,2,4,2,1,2,64,43901,1.07,0.07
98101,0,1978,1222787,1462187.5,1,880,680.56,1,1.5,1,2,2,48,-143,0.84,-0.16
98032,0,2000,395065,391392,0.99,1000,391.39,1,2,2,2,2,26,3673,1.01,0.01
98498,7,1924,339086,300059,0.96,1110,270.32,1,2,2,1,2,102,39027,1.13,0.13
98012,7,2025,1222787,1359926,1,3000,453.31,2,4,4,3,2,1,5974,0.9,-0.1
98588,4,1997,329944,348090,1.03,1510,230.52,1,3,2,2,2,29,-18146,0.95,-0.05
98626,7,2004,769078,769050,1,3865,197.19,2,5.5,2,2,2,22,28,1,0
98092,7,2018,800057,820068,1.02,3020,271.55,2,5,3,2,2,8,-20011,0.98,-0.02
98445,7,2007,474919,487096,1.03,1820,267.64,2,4,3,2,2,19,-12177,0.97,-0.02
98010,7,2025,731472,769880,1.03,2350,327.61,2,4,3,2,2,1,-33595,0.95,-0.05
98178,8,2019,650100,650055,1,1830,355.22,2,4,4,1,2,7,45,1,0
98133,8,2020,750097,720071,0.96,1730,416.23,2,3,4,2,2,6,30026,1.04,0.04
98118,8,2020,649083,649084,1,1620,400.67,2,3,3,2,2,6,-1,1,0
98058,8,2003,445074,432122,0.97,1410,306.47,2,2,3,2,2,23,12952,1.03,0.03
98837,4,1987,249805,219918,0.96,1300,169.17,1,3,2,1,2,39,29887,1.14,0.14
99337,7,1973,349841,324948,0.96,2690,120.8,1,5,3,2,2,53,24893,1.08,0.08
99004,7,2022,489912,489909,1,1770,276.78,1,3,2,2,2,4,3,1,0
98597,4,1988,99911,109911,1.03,1170,93.94,1,3,2,2,2,38,-10000,0.91,-0.09
98199,7,1955,1222787,1462187.5,1,3120,543.24,1,3,3,1,2,71,27,0.84,-0.16
99403,4,1992,129994,67905,0.96,1340,50.68,1,3,2,2,2,34,43901,1.91,0.91
98367,7,2024,1200085,1169911,0.97,2700,433.3,1,4,4,2,2,2,30174,1.03,0.03
98370,4,1972,89833,75061,0.96,1340,56.02,1,3,2,2,2,54,14772,1.2,0.2
98105,8,2020,749074,720071,0.96,1330,541.41,2,3,3,1,2,6,29003,1.04,0.04
98270,7,1998,595074,600075,1.01,2000,300.04,2,5,3,2,2,28,-5001,0.99,-0.01
98346,7,2024,830086,810074,0.98,3320,244,2,5,4,3.5,2,2,20012,1.02,0.02
98816,7,1992,569974,140082,1,1810,324.3,2,3,0.5,2,2,34,43901,4.07,3.07
98501,7,1932,278909,259085,0.96,680,381.01,1,1.5,1,1,2,94,19824,1.08,0.08
98117,8,2026,879817,879845,1,1810,486.1,2,4,3,1,2,0,-28,1,0
99301,7,2025,588741,558718,0.96,1670,334.56,1,3,2,2,2,1,30023,1.05,0.05
98001,7,1963,470096,465051,0.99,1730,268.82,2,4,2,1,2,63,5045,1.01,0.01
98059,0,1991,259944,250076,0.96,500,500.15,3,1.5,1,1,2,35,9868,1.04,0.04
98531,4,2015,94942,74929,0.96,1300,57.64,1,3,2,2,2,11,20013,1.27,0.27
98632,7,1949,569974,281440,1,800,351.8,1,2,1,1,2,77,43901,2.03,1.03
98284,7,1915,414902,392100,0.96,1370,286.2,1,2,1,1,2,111,22802,1.06,0.06
98126,0,1992,569974,798063,1,1100,680.56,2,2,4,2,2,34,-33595,0.71,-0.29
98682,8,2022,356938,357052,1,1490,239.63,2,3,2,2,2,4,-114,1,0
98312,7,1959,569974,270380,1,1880,143.82,1,2,2,2,2,67,43901,2.11,1.11
98466,7,1968,569974,565088,1,1690,334.37,1,3,1,2,2,58,4886,1.01,0.01
98014,7,2025,1182769,1196482,1.01,2560,467.38,2,4,3,2,2,1,-13713,0.99,-0.01
98284,4,1969,64900,65075,1,1120,58.1,1,2,2,1,2,57,-175,1,0
98903,4,2004,127078,120429,0.96,1620,74.34,2,3,2,2,2,22,6649,1.06,0.06
98004,7,2025,1222787,1462187.5,0.98,3670,680.56,2,4,4.5,3,2,1,43901,0.84,-0.16
98056,7,1999,1098972,1098930,1,2990,367.54,1,4,3,3,2,27,42,1,0
98026,7,1960,569905,574950,1.01,900,638.83,1,3,1,1,2,66,-5045,0.99,-0.01
98310,7,1964,467064,471078,1.01,910,517.67,1,2,2,2,2,62,-4014,0.99,-0.01
98277,4,2021,374100,364941,0.98,1540,236.97,1,3,2,2,2,5,9159,1.03,0.03
98001,7,1953,569974,349915,1,610,573.63,1,2,2,1,2,73,43901,1.63,0.63
98837,4,1996,448903,453936,1.01,1780,255.02,1,4,2,1,2,30,-5033,0.99,-0.01
98003,7,2025,705005,698078,0.99,1870,373.3,2,3,3,2,2,1,6927,1.01,0.01
98311,8,1989,569974,294961,1,1150,256.49,2,2,2,1,2,37,43901,1.93,0.93
98258,7,1922,687595,655085,0.96,1800,363.94,1,2,1,1,2,104,32510,1.05,0.05
98266,7,2025,415084,414924,1,1250,331.94,1,3,2,2,2,1,160,1,0
98686,8,2026,434942,435050,1,1630,266.9,2,3,2,2,2,0,-108,1,0
98663,5,1958,469905,470063,1,1680,279.8,1,4,2,2,2,68,-158,1,0
98277,0,2000,329945,330053,1,1100,300.05,2,2,2,2,2,26,-108,1,0
98922,0,2008,569974,550052,1,1430,384.65,1,2,2,2,2,18,19922,1.04,0.04
98264,7,1992,569974,195227,1,1810,324.3,2,3,0.5,2,2,34,43901,2.92,1.92
99206,7,1918,569974,285071,1,1750,162.9,2,5,3,3,2,108,43901,2,1
98380,7,1974,569974,625090,1,1880,332.49,1,3,1,1,2,52,-33595,0.91,-0.09
98332,0,1969,569974,409937,1,670,611.85,1,1.5,1,1,2,57,43901,1.39,0.39
98501,7,1958,569974,614914,1,2320,265.05,2,4,2,1,2,68,-33595,0.93,-0.07
98059,0,2003,569974,550081,1,1150,478.33,2,2,2,2,2,23,19893,1.04,0.04
98296,7,1981,569974,1462187.5,1,3865,680.56,1,3,4.5,3,2,45,-33595,0.39,-0.61
98042,0,1979,569974,775092,1,2300,337,2,2,2,2,2,47,-33595,0.74,-0.26
98922,7,2025,1064912,1065086,1,1500,680.56,2,2,3,2,2,1,-174,1,0
98597,7,1992,569974,412088,1,1810,324.3,2,3,0.5,2,2,34,43901,1.38,0.38
98660,7,1942,569974,284913,1,860,331.29,1,2,1,1,2,84,43901,2,1
98011,7,1963,569974,1115872,1,2080,536.48,1,4,4,2,2,63,-33595,0.51,-0.49
98045,7,1970,569974,849914,1,1480,574.27,1,4,3,2,2,56,-33595,0.67,-0.33
98036,7,2001,1222787,1379092,1,2930,470.68,2,4,3,2,2,25,5992,0.89,-0.11
98144,7,1943,964947,999913,1.03,1880,531.87,2,3,2,2,2,83,-33595,0.97,-0.03
98003,0,1978,569974,174920,1,770,227.17,3,2,1,1,2,48,43901,3.26,2.26
98365,7,2025,549072,538947,0.98,1590,338.96,2,3,2,2,2,1,10125,1.02,0.02
98032,0,1943,290037,290072,1,570,508.9,1,1.5,1,1,2,83,-35,1,0
98387,7,2026,649185,657110,1.01,2680,245.19,2,5,4,2,2,0,-7925,0.99,-0.01
98059,8,2008,719912,719945,1,1990,361.78,2,4,3,2,2,18,-33,1,0
98312,7,1986,569974,275380,1,1440,191.24,1,3,2,2,2,40,43901,2.07,1.07
98125,7,1952,874938,1140073,1.03,3680,309.8,1,4,3,1,2,74,-33595,0.77,-0.23
98445,7,2001,569974,440076,1,1320,333.39,1,3,1,2,2,25,43901,1.3,0.3
98597,7,2025,550847,550995,1,1620,340.12,2,3,3,2,2,1,-148,1,0
98057,7,1945,569974,390553,1,1000,390.55,1,2,1,1,2,81,43901,1.46,0.46
98290,7,1990,1050063,980071,0.96,2420,404.99,2,2,3,1,2,36,43901,1.07,0.07
98936,7,2007,339845,329933,0.97,1380,239.08,1,3,2,2,2,19,9912,1.03,0.03
98375,7,1999,535078,545086,1.02,1830,297.86,2,4,3,1,2,27,-10008,0.98,-0.02
98444,3,1992,162078,154936,0.96,1810,324.3,2,3,2,2,2,34,7142,1.05,0.05
98930,7,1982,569974,270595,1,1060,255.28,1,3,1,1,2,44,43901,2.11,1.11
99338,7,2015,569974,1352861,1,3865,306.77,1,5,4.5,3.5,2,11,-33595,0.42,-0.58
99205,5,1909,569974,220084,1,1980,111.15,1,3,2,2,2,117,43901,2.59,1.59
98382,7,1949,569974,370062,1,2510,147.44,1,4,2,2,2,77,43901,1.54,0.54
98632,4,2025,339967,334919,0.99,1410,237.53,1,3,2,1,2,1,5048,1.02,0.02
98937,4,1953,324947,312909,0.96,1500,208.61,1,3,1,1,2,73,12038,1.04,0.04
98569,3,1992,85059,78053,0.96,1810,324.3,2,3,2,2,2,34,7006,1.09,0.09
98056,7,1959,569974,1200059,1,1960,612.28,1,4,2,2,2,67,-33595,0.47,-0.53
98014,7,1978,569974,649924,1,1250,519.94,1,3,1,1,2,48,-33595,0.88,-0.12
98801,7,1935,226984,235068,1.03,1920,122.43,2,2,1,1,2,91,-8084,0.97,-0.03
98026,7,2012,924926,910086,0.98,2500,364.03,2,3,3,2,2,14,14840,1.02,0.02
98391,7,1995,462941,477720,1.03,1380,346.17,2,3,2,2,2,31,-14779,0.97,-0.03
98606,7,2025,1222787,1462187.5,1,3470,439.45,1,3,2,2,2,1,35,0.84,-0.16
98671,7,2024,569974,801152,1,2530,316.66,2,3,3,2,2,2,-33595,0.71,-0.29
98059,8,1995,519088,510068,0.98,1510,337.79,2,3,3,2,2,31,9020,1.02,0.02
98391,4,1977,186547,173950,0.96,900,193.28,1,2,1,2,2,49,12597,1.07,0.07
98075,7,1977,1222787,1462187.5,1,2380,651.23,1,4,3,2,2,49,-1133,0.84,-0.16
98146,0,1992,569974,790062,1,2500,316.02,2,5,4,3,2,34,-33595,0.72,-0.28
98106,7,1990,899092,880088,0.98,2290,384.32,2,4,3,2,2,36,19004,1.02,0.02
98501,7,1992,569974,398933,1,1810,324.3,2,3,0.5,2,2,34,43901,1.43,0.43
98224,3,1992,99078,94940,0.96,1810,324.3,2,3,2,2,2,34,4138,1.04,0.04
99207,7,1952,569974,122095,1,830,147.1,1,2,1,1,2,74,43901,4.67,3.67
98284,7,2005,509914,524922,1.03,1530,343.09,1,3,2,1,2,21,-15008,0.97,-0.03
98826,0,1992,569974,879910,1,1300,676.85,2,3,0.5,2,2,34,-33595,0.65,-0.35
98223,7,2002,569974,1185099,1,2920,405.86,1,4,3,2,2,24,-33595,0.48,-0.52
98105,8,2020,569974,719948,1,1320,545.42,2,3,4,2,2,6,-33595,0.79,-0.21
98101,0,1997,569974,799908,1,1120,680.56,3.5,2,2,2,2,29,-33595,0.71,-0.29
98270,7,1994,610078,575069,0.96,1560,368.63,1,3,2,2,2,32,35009,1.06,0.06
98008,7,1957,569974,1349909,1,1550,680.56,1,3,3,2,2,69,-33595,0.42,-0.58
98258,7,2020,1185063,1141949,0.96,2550,447.82,1,3,3,2,2,6,43114,1.04,0.04
99111,4,2025,128887,95081,0.96,1080,88.04,1,3,2,2,2,1,33806,1.36,0.36
98422,8,1995,350049,346903,0.99,1210,286.7,2,2,3,2,2,31,3146,1.01,0.01
98858,7,1978,569974,175051,1,850,205.94,1,3,1,1,2,48,43901,3.26,2.26
98115,0,1992,569974,1119910,1,1970,568.48,2,3,3,2,2,34,-33595,0.51,-0.49
98115,7,1946,569974,1349945,1,2460,548.76,2,4,2,2,2,80,-33595,0.42,-0.58
98006,7,1968,569974,905100,1,2530,357.75,1,4,3,2,2,58,-33595,0.63,-0.37
98329,7,1994,825070,819913,0.99,2640,310.57,2,3,2,1,2,32,5157,1.01,0.01
98686,7,2004,1100089,1100096,1,3760,292.58,2,3,2,2,2,22,-7,1,0
98229,7,2023,1222787,1462187.5,0.97,3865,449.19,2,3,4.5,1,2,3,43901,0.84,-0.16
99025,7,1998,898947,369966,0.96,3865,76.44,2,5,4,3,2,28,43901,2.43,1.43
98335,7,2024,1222787,1250071,1.01,1720,680.56,1,3,2,1,2,2,-14993,0.98,-0.02
98683,7,1992,569974,549415,1,1690,325.1,1,3,2,2,2,34,20559,1.04,0.04
98033,7,1992,569974,840558,1,1810,324.3,2,3,0.5,2,2,34,-33595,0.68,-0.32
98674,7,1993,879969,924935,1.03,3380,273.65,2,5,3,3,2,33,-33595,0.95,-0.05
98662,7,2016,585091,584945,1,2340,249.98,2,4,2,2,2,10,146,1,0
98122,7,1910,569974,1323905,1,1400,680.56,1,3,1,1,2,116,-33595,0.43,-0.57
98277,7,1977,569974,599592,1,2040,293.92,2,2,3,3,2,49,-29618,0.95,-0.05
98902,7,1953,394923,405070,1.03,2020,200.53,2,4,2,2,2,73,-10147,0.97,-0.03
98144,0,1992,569974,738927,1,1060,680.56,2,2,3,2,2,34,-33595,0.77,-0.23
99205,7,1956,329817,315069,0.96,1870,168.49,1,4,2,1,2,70,14748,1.05,0.05
98042,7,1992,569974,770039,1,1810,324.3,2,3,0.5,2,2,34,-33595,0.74,-0.26
98604,8,2025,450088,450095,1,1720,261.68,2,3,2,2,2,1,-7,1,0
99301,7,2013,547100,544921,1,2060,264.52,1,4,2,2,2,13,2179,1,0
98248,7,1971,539908,539908,1,1420,380.22,1,3,1,1,2,55,0,1,0
98229,7,1976,569974,339367,1,800,424.21,1,3,1,1,2,50,43901,1.68,0.68
98115,7,1910,1074926,1049901,0.98,2120,495.24,2,3,3,1,2,116,25025,1.02,0.02
98569,3,1992,74927,45055,0.96,1810,324.3,2,3,2,2,2,34,29872,1.66,0.66
98335,3,1992,350075,249947,0.96,1810,324.3,2,3,2,2,2,34,43901,1.4,0.4
98051,3,1992,349924,350051,1,1810,324.3,2,3,2,2,2,34,-127,1,0
98012,8,2026,1162909,1141057,0.98,2280,500.46,2,4,4,2,2,0,21852,1.02,0.02
99362,3,1992,294929,259908,0.96,1810,324.3,2,3,2,2,2,34,35021,1.13,0.13
98107,5,1976,1222787,1462187.5,0.98,3865,276.51,2,5.5,4.5,2,2,50,29998,0.84,-0.16
98375,7,2001,739073,720090,0.97,3865,183.7,2,4,4,3,2,25,18983,1.03,0.03
98363,7,1978,489907,430071,0.96,2040,210.82,2,3,2,2,2,48,43901,1.14,0.14
98569,3,1992,42435,33445,0.96,1810,324.3,2,3,2,2,2,34,8990,1.27,0.27
98056,7,1909,574949,599926,1.03,1340,447.71,2,3,1,1,2,117,-24977,0.96,-0.04
98837,7,2025,724999,724839,1,2420,299.52,1,4,3,2,2,1,160,1,0
98107,8,2007,569974,830064,1,1430,580.46,2,3,4.5,3,2,19,-33595,0.69,-0.31
98682,7,2022,689080,689076,1,2160,319.02,2,4,2,2,2,4,4,1,0
98512,4,1982,380040,375090,0.99,1250,300.07,1,3,2,1,2,44,4950,1.01,0.01
98685,7,1998,715063,715079,1,2620,272.93,1,4,2,2,2,28,-16,1,0
98225,7,1920,569974,335251,1,920,364.4,1,3,1,1,2,106,43901,1.7,0.7
98802,3,1992,124836,124814,1,1810,324.3,2,3,2,2,2,34,22,1,0
98270,4,1994,108943,94915,0.96,1240,76.54,1,2,2,1,2,32,14028,1.15,0.15
99326,8,2022,259843,259062,1,1500,172.71,2,3,3,2,2,4,781,1,0
98229,3,1992,45059,45093,1,1810,324.3,2,3,2,2,2,34,-34,1,0
98011,7,2007,1222787,1462187.5,0.96,3865,354.49,2,5.5,4.5,3.5,2,19,43901,0.84,-0.16
98118,0,2025,654923,655080,1,1030,636,2,2,2,1,2,1,-157,1,0
99163,7,1995,649050,633935,0.98,2560,247.63,2,4,3,2,2,31,15115,1.02,0.02
98122,0,1917,569974,490068,1,450,680.56,1,1.5,1,1,2,109,43901,1.16,0.16
98405,7,1955,569974,435072,1,1210,359.56,1,3,1,1,2,71,43901,1.31,0.31
99216,7,1994,445053,425059,0.96,2400,177.11,2,4,3,3,2,32,19994,1.05,0.05
99019,7,2007,924908,924935,1,3865,207.85,2,5,3,3,2,19,-27,1,0
98801,7,1960,569974,154944,1,1960,79.05,2,1.5,1,1,2,66,43901,3.68,2.68
98119,7,1918,1180078,1180057,1,1680,680.56,2,2,1,1,2,108,21,1,0
98310,7,1940,399973,399987,1,1010,396.03,1,3,1,1,2,86,-14,1,0
98033,7,1983,569974,930056,1,1100,680.56,2,2,2,1,2,43,-33595,0.61,-0.39
98444,7,1955,594902,594927,1,2540,234.22,2,5.5,3,2,2,71,-25,1,0
98382,4,2005,240097,240071,1,1500,160.05,2,2,2,2,2,21,26,1,0
98125,7,1950,775936,920052,1.03,2150,427.93,1,3,2,1,2,76,-33595,0.84,-0.16
98686,7,2013,838879,838892,1,2980,281.51,2,4,3,3,2,13,-13,1,0
98569,7,2025,469802,464800,0.99,1420,327.32,1,3,2,2,2,1,5002,1.01,0.01
98310,7,1942,380087,385632,1.01,1180,326.81,1,3,1,1,2,84,-5545,0.99,-0.01
98837,7,1998,418905,425584,1.02,2020,210.69,2,4,3,2,2,28,-6679,0.98,-0.02
98606,7,2014,1222787,1349939,1,3400,397.04,1,3,2,2,2,12,133,0.91,-0.09
98245,7,2000,1150064,1000093,0.96,3865,234.76,2,3,3,2,2,26,43901,1.15,0.15
99206,3,1992,164824,162411,0.99,1810,324.3,2,3,2,2,2,34,2413,1.01,0.01
98117,7,1950,929909,919928,0.99,2160,425.89,1,4,3,2,2,76,9981,1.01,0.01
98108,8,2006,569974,770085,1,1510,509.99,2,3,4,2,2,20,-33595,0.74,-0.26
99206,7,1989,475084,465098,0.98,2500,186.04,2,4,3,3,2,37,9986,1.02,0.02
98569,7,2025,339986,338920,1,1070,316.75,1,2,2,1,2,1,1066,1,0
98229,7,2010,1222787,1462187.5,1,3865,680.56,2,4,4,2,2,16,-136,0.84,-0.16
98374,8,2025,500016,500016,1,1710,292.41,2,3,4,1,2,1,0,1,0
98119,6,1921,569974,1462187.5,1,3865,562.83,3.5,3,0.5,2,2,105,-33595,0.39,-0.61
98354,7,1930,569974,340066,1,1480,229.77,2,4,1,2,2,96,43901,1.68,0.68
98671,7,2018,1222787,1375095,1,2050,670.78,1,3,2,2,2,8,-4,0.89,-0.11
98682,3,1992,259922,259941,1,1810,324.3,2,3,2,2,2,34,-19,1,0
98275,7,1993,1222787,1420095,1.03,3640,390.14,2,4,3,2,2,33,-33595,0.86,-0.14
99122,7,1957,389949,374936,0.96,3310,113.27,1,5.5,3,1,2,69,15013,1.04,0.04
98443,7,2018,850088,849925,1,1950,435.86,1,3,2,2,2,8,163,1,0
98258,7,2025,1174915,1169503,1,2820,414.72,1,4,4,1,2,1,5412,1,0
98360,6,1965,569974,567135,1,910,623.23,1,2,1,1,2,61,2839,1.01,0.01
98550,7,1922,343074,339941,0.99,2540,133.84,2,3,2,2,2,104,3133,1.01,0.01
99328,7,1909,399074,376935,0.96,1750,215.39,1,4,2,2,2,117,22139,1.06,0.06
98542,4,1977,179944,149947,0.96,920,162.99,1,3,1,1,2,49,29997,1.2,0.2
98208,7,2012,759909,765520,1.01,1960,390.57,2,4,3,2,2,14,-5611,0.99,-0.01
98253,7,2009,1222787,1462187.5,0.99,2030,680.56,2,2,2,2,2,17,23008,0.84,-0.16
98418,7,1909,548907,548907,1,1820,301.6,2,3,2,1,2,117,0,1,0
98332,7,2006,1175054,1184906,1.01,2910,407.18,2,4,4,2,2,20,-9852,0.99,-0.01
99161,7,1909,229960,229967,1,1240,185.46,2,3,1,1,2,117,-7,1,0
98360,7,2014,600044,609909,1.02,2090,291.82,2,4,3,2,2,12,-9865,0.98,-0.02
98122,8,2014,849898,849897,1,1530,555.49,2,3,2,1,2,12,1,1,0
98362,3,1992,189075,189071,1,1810,324.3,2,3,0.5,2,2,34,4,1,0
98110,7,2007,1222787,1462187.5,1,3865,447.93,2,4,4,2,2,19,-13,0.84,-0.16
98311,8,2022,494902,498027,1.01,1840,270.67,2,3,3,2,2,4,-3125,0.99,-0.01
99212,3,1992,569974,1058087,1,1810,324.3,2,3,0.5,2,2,34,-33595,0.54,-0.46
98264,7,2002,814905,815093,1,3520,231.56,2,3,3,2,2,24,-188,1,0
98178,8,1992,569974,650071,1,1830,355.23,2,4,4.5,3,2,34,-33595,0.88,-0.12
98338,3,1992,569974,345063,1,1810,324.3,2,3,0.5,2,2,34,43901,1.65,0.65
98501,7,1963,489085,470079,0.96,1410,333.39,1,3,2,1,2,63,19006,1.04,0.04
98604,7,1996,486401,486406,1,1540,315.85,1,3,2,2,2,30,-5,1,0
98133,7,2017,1222787,1325100,0.98,3740,354.3,2,4,4.5,3.5,2,9,24940,0.92,-0.08
98053,7,1996,1222787,1435091,1,2500,574.04,2,4,3,2,2,30,8,0.85,-0.15
98233,6,1992,569974,400374,1,1810,324.3,2,3,0.5,2,2,34,43901,1.42,0.42
98383,7,2023,859944,849940,0.99,3070,276.85,2,5,4,2,2,3,10004,1.01,0.01
98391,7,1993,614869,593079,0.96,2040,290.73,2,3,3,1,2,33,21790,1.04,0.04
98012,7,2025,1049911,1050070,1,2670,393.28,2,4,4,1,2,1,-159,1,0
98675,7,1992,825056,790081,0.96,1920,411.5,2,3,3,2,2,34,34975,1.04,0.04
98274,7,1960,450052,515097,1.03,1220,422.21,2,1.5,1,1,2,66,-33595,0.87,-0.13
98198,7,1972,1222787,1297422,0.96,3240,400.44,1,4,3,2,2,54,43901,0.94,-0.06
98004,7,1966,1222787,1462187.5,1.03,2540,680.56,2,4,3,1,2,60,-33595,0.84,-0.16
98373,7,1960,474943,450094,0.96,1760,255.74,1,3,2,1,2,66,24849,1.06,0.06
98296,7,2005,875096,862572,0.99,3140,274.7,2,4,3,2,2,21,12524,1.01,0.01
98502,7,2006,489996,460080,0.96,2150,213.99,2,3,3,2,2,20,29916,1.07,0.07
98406,7,1919,524899,579944,1.03,2020,287.1,1,2,1,1,2,107,-33595,0.91,-0.09
98042,3,1992,569974,779875,1,1810,324.3,2,3,0.5,2,2,34,-33595,0.73,-0.27
98077,7,1976,1222787,1199929,0.96,2020,594.02,3,3,3,1,2,50,43901,1.02,0.02
98682,7,2014,599900,599944,1,2410,248.94,2,5,3,3,2,12,-44,1,0
99301,7,1961,369996,367560,0.99,1530,240.24,1,4,2,2,2,65,2436,1.01,0.01
98607,7,2025,900040,900045,1,2580,348.85,2,4,3,3,2,1,-5,1,0
98584,4,1993,269890,275059,1.02,1080,254.68,1,3,2,2,2,33,-5169,0.98,-0.02
98823,7,1950,267054,272056,1.02,1020,266.72,1,3,1,1,2,76,-5002,0.98,-0.02
98121,0,2021,591937,592052,1,680,680.56,1,1.5,1,2,2,5,-115,1,0
98133,7,1957,895053,905051,1.01,2220,407.68,1,5,3,2,2,69,-9998,0.99,-0.01
98422,3,1992,569974,1462187.5,1,1810,324.3,2,3,0.5,2,2,34,-33595,0.39,-0.61
98010,7,1978,775053,800074,1.03,1720,465.16,2,3,2,1,2,48,-25021,0.97,-0.03
98292,7,2025,679907,682241,1,2540,268.6,2,5,3,1,2,1,-2334,1,0
99036,7,1991,1222787,1324921,0.98,3865,323.15,2,5,3,1,2,35,23999,0.92,-0.08
98144,8,2023,685076,684923,1,1100,622.66,2,2,2,1,2,3,153,1,0
98092,0,2005,484909,459900,0.96,1730,265.84,2,2,3,1,2,21,25009,1.05,0.05
98230,7,2005,699430,669938,0.96,2820,237.57,3,3,3,1,2,21,29492,1.04,0.04
98682,4,1992,107070,106914,1,1480,72.24,1,3,2,2,2,34,156,1,0
98926,7,1920,384840,381946,0.99,1440,265.24,2,3,1,1,2,106,2894,1.01,0.01
98674,7,2025,567357,567192,1,1990,285.02,2,4,2,2,2,1,165,1,0
98620,3,1992,124942,125068,1,1810,324.3,2,3,2,2,2,34,-126,1,0
98367,7,2018,725080,725067,1,2250,322.25,1,2,3,2,2,8,13,1,0
98682,7,1998,509900,510056,1,1400,364.33,1,3,2,2,2,28,-156,1,0
98036,7,1986,1080077,1099925,1.02,2410,456.4,2,4,3,2,2,40,-19848,0.98,-0.02
98144,6,1930,569974,649930,1,900,680.56,1,3,2,2,2,96,-33595,0.88,-0.12
98356,7,1977,449915,450099,1,1480,304.12,2,4,2,1,2,49,-184,1,0
98270,7,2006,727049,727199,1,2630,276.5,2,4,3,2,2,20,-150,1,0
98404,7,2026,575074,575071,1,1460,393.88,2,3,3,1,2,0,3,1,0
98107,8,2025,569974,898095,1,3865,136.28,2,5.5,4.5,3.5,2,1,-33595,0.63,-0.37
98034,0,1976,898086,850091,0.96,1470,578.29,1,2,2,1,2,50,43901,1.06,0.06
98033,7,2025,1222787,1462187.5,1,3610,680.56,2,4,4.5,2,2,1,147,0.84,-0.16
98056,7,2000,1049900,1052076,1,2320,453.48,2,3,3,2,2,26,-2176,1,0
98617,7,1990,425066,425094,1,1960,216.88,1,2,2,2,2,36,-28,1,0
98826,3,1992,95007,89939,0.96,1810,324.3,2,3,2,2,2,34,5068,1.06,0.06
98685,7,1989,510087,510091,1,1350,377.85,1,3,1,1,2,37,-4,1,0
98404,7,2007,400000,411079,1.03,1090,377.14,1,2,2,1,2,19,-11079,0.97,-0.03
98033,0,1993,1222787,1462187.5,0.98,2200,680.56,1,3,2,1,2,33,43901,0.84,-0.16
98908,7,1993,400056,400061,1,1810,221.03,2,3,3,2,2,33,-5,1,0
99301,7,2018,511969,511824,1,2100,243.73,1,3,2,1,2,8,145,1,0
98112,7,1920,1222787,1462187.5,1.02,3865,585.78,2,5,4.5,3,2,106,-33595,0.84,-0.16
99338,7,1980,470059,463914,0.99,1780,260.63,2,3,3,1,2,46,6145,1.01,0.01
98626,7,1968,319933,322062,1.01,1320,243.99,2,3,1,1,2,58,-2129,0.99,-0.01
98226,7,2006,554989,556069,1,1370,405.89,1,3,2,1,2,20,-1080,1,0
98020,7,1977,1222787,1462187.5,1,2910,542.29,1,4,3,1,2,49,38,0.84,-0.16
98203,7,1962,1222787,1462187.5,0.96,3865,408.4,1,5.5,3,2,2,64,43901,0.84,-0.16
98422,7,2001,837919,874932,1.03,2950,296.59,2,4,3,2,2,25,-33595,0.96,-0.04
99362,7,1945,410051,405059,0.99,2290,176.88,1,4,2,2,2,81,4992,1.01,0.01
99206,7,1953,389824,388905,1,1080,360.1,1,3,2,2,2,73,919,1,0
98296,7,2017,1055094,1024912,0.97,2560,400.36,2,4,3,2,2,9,30182,1.03,0.03
98092,7,2014,889860,910069,1.02,3340,272.48,2,4,3,2,2,12,-20209,0.98,-0.02
98226,7,1982,700011,699948,1,2190,319.61,2,4,2,2,2,44,63,1,0
98052,8,2026,953937,953907,1,1500,635.94,2,2,3,2,2,0,30,1,0
98362,4,2025,339589,351915,1.03,1170,300.78,2,3,2,2,2,1,-12326,0.96,-0.04
98592,4,2025,399091,395078,0.99,1280,308.65,1,2,2,2,2,1,4013,1.01,0.01
98007,7,1981,1222787,1420080,1.03,1850,680.56,2,3,3,1,2,45,-33595,0.86,-0.14
98908,7,1985,544950,535050,0.98,2070,258.48,2,3,3,2,2,41,9900,1.02,0.02
98354,7,1958,424928,422574,0.99,900,469.53,1,2,1,1,2,68,2354,1.01,0.01
98258,7,2019,1222787,1400059,0.97,3770,371.37,2,5,3,2,2,7,43901,0.87,-0.13
98008,7,1957,1222787,1462187.5,0.99,2540,595.7,1,4,3,1,2,69,11845,0.84,-0.16
99208,7,1958,388903,388903,1,2220,175.18,1,5,2,2,2,68,0,1,0
98077,7,1986,1222787,1462187.5,1,2660,558.3,2,4,3,2,2,40,14,0.84,-0.16
98117,7,1930,1095090,1135920,1.03,2350,483.37,2,5,2,1,2,96,-33595,0.96,-0.04
98337,7,2010,465051,472084,1.02,1270,371.72,1,3,2,2,2,16,-7033,0.99,-0.01
99216,5,1973,475093,489153,1.03,1810,324.3,2,5.5,2,2,2,53,-14060,0.97,-0.03
98642,7,2025,804872,805011,1,3370,238.88,2,5,3,3,2,1,-139,1,0
98204,7,1991,610070,599065,0.98,1200,499.22,1,3,2,2,2,35,11005,1.02,0.02
98106,7,1967,699920,752063,1.03,1820,413.22,2,3,2,1,2,59,-33595,0.93,-0.07
98112,7,1909,1222787,1290086,1,2660,484.99,2,3,2,2,2,117,6,0.95,-0.05
98087,8,2026,615091,615067,1,1440,427.13,2,2,3,1,2,0,24,1,0
98662,0,1983,289822,289989,1,1240,233.86,1,2,2,2,2,43,-167,1,0
98661,7,2020,630052,630074,1,1860,338.75,1,3,2,2,2,6,-22,1,0
98502,7,2016,540081,540099,1,2480,217.78,2,4,3,2,2,10,-18,1,0
98597,4,1970,184916,157089,0.96,720,218.18,1,1.5,1,2,2,56,27827,1.18,0.18
98684,7,2006,449947,449950,1,1770,254.21,2,3,2,2,2,20,-3,1,0
98146,7,1955,799091,799900,1,1800,444.39,2,3,2,1,2,71,-809,1,0
98225,0,2006,338940,335902,0.99,850,395.18,1,2,2,2,2,20,3038,1.01,0.01
99202,5,1909,375095,349052,0.96,1360,256.66,2,3,2,2,2,117,26043,1.07,0.07
98662,8,2006,425078,425069,1,1880,226.1,2,3,2,2,2,20,9,1,0
98245,7,2005,1222787,1462187.5,0.98,3865,506.35,1,2,4,2,2,21,43901,0.84,-0.16
98057,7,1917,449052,448908,1,1060,423.5,1,2,1,1,2,109,144,1,0
98686,7,2017,800050,799927,1,3330,240.22,2,4,2,2,2,9,123,1,0
98802,7,1954,420087,424923,1.01,1130,376.04,1,3,1,1,2,72,-4836,0.99,-0.01
98320,3,1992,245069,230051,0.96,1810,324.3,2,3,2,2,2,34,15018,1.07,0.07
99353,7,1996,410092,410078,1,1590,257.91,1,3,2,2,2,30,14,1,0
98239,7,2026,398939,398917,1,670,595.4,1,2,1,1,2,0,22,1,0
98230,3,1982,179904,174932,0.97,1810,324.3,2,3,2,2,2,44,4972,1.03,0.03
98244,4,1976,569974,314935,1,820,384.07,2,2,2,1,2,50,43901,1.81,0.81
98023,7,1985,550052,574908,1.03,1790,321.18,3,3,3,2,2,41,-24856,0.96,-0.04
98661,7,2003,528418,528572,1,2060,256.59,2,4,2,2,2,23,-154,1,0
98802,7,2021,548903,570437,1.03,1810,315.16,1,3,2,2,2,5,-21534,0.96,-0.04
98374,7,2017,600016,600069,1,2180,275.26,2,4,3,2,2,9,-53,1,0
98003,0,1978,198947,175075,0.96,770,227.37,1,2,1,1,2,48,23872,1.14,0.14
98006,7,1995,1222787,1462187.5,0.97,3865,654.02,2,4,4.5,2,2,31,43901,0.84,-0.16
98516,7,2016,527926,524922,0.99,1840,285.28,2,4,3,1,2,10,3004,1.01,0.01
99206,7,1957,395051,387093,0.98,1160,333.7,1,3,2,1,2,69,7958,1.02,0.02
98391,7,2006,639808,639813,1,2460,260.09,2,4,4,3,2,20,-5,1,0
98002,4,1990,110084,99939,0.96,1850,54.02,1,3,2,2,2,36,10145,1.1,0.1
98155,7,1977,950053,999926,1.03,2220,450.42,2,4,3,2,2,49,-33595,0.95,-0.05
98607,7,2025,569974,900164,1,2640,340.97,2,3,3,2,2,1,-33595,0.63,-0.37
98604,7,1998,720050,719916,1,2290,314.37,1,4,2,2,2,28,134,1,0
98247,7,1921,219098,219088,1,1310,167.24,1,2,1,1,2,105,10,1,0
98117,7,1948,569974,1100074,1,1280,680.56,1,3,3,2,2,78,-33595,0.52,-0.48
98103,8,2008,675090,660066,0.98,1400,471.48,2,3,3,1,2,18,15024,1.02,0.02
98126,7,1943,569974,1359917,1,2590,525.06,2,5,4.5,3,2,83,-33595,0.42,-0.58
98531,7,2025,399911,400046,1,1590,251.6,2,3,3,1,2,1,-135,1,0
99223,7,1973,398909,399084,1,2000,199.54,3,4,2,2,2,53,-175,1,0
98674,4,1992,569974,225095,1,1810,324.3,2,3,0.5,2,2,34,43901,2.53,1.53
98103,7,1986,787944,960014,1.03,1300,680.56,2,3,2,1,2,40,-33595,0.82,-0.18
98092,0,2001,394900,393378,1,1280,307.33,2,2,3,2,2,25,1522,1,0
98166,0,2008,349944,324909,0.96,870,373.46,1,1.5,1,1,2,18,25035,1.08,0.08
98223,7,2015,898916,855923,0.96,2460,347.94,2,3,2,2,2,11,42993,1.05,0.05
98501,7,1991,398922,405077,1.02,1080,375.07,1,2,2,1,2,35,-6155,0.98,-0.02
98059,7,2005,790004,855093,1.03,1950,438.51,2,4,3,2,2,21,-33595,0.92,-0.08
99207,7,1939,569974,200059,1,790,253.24,1,2,1,1,2,87,43901,2.85,1.85
98258,7,1978,684923,684911,1,1830,374.27,1,3,3,1,2,48,12,1,0
98036,7,1963,620087,599916,0.97,1030,582.44,1,3,1,1,2,63,20171,1.03,0.03
98032,0,2000,300017,284924,0.96,970,293.74,2,2,1,1,2,26,15093,1.05,0.05
98020,0,1986,409902,409947,1,1170,350.38,3,1.5,1,2,2,40,-45,1,0
99202,0,1988,164900,155089,0.96,700,221.56,2,1.5,1,1,2,38,9811,1.06,0.06
98031,7,1966,618911,605061,0.98,1060,570.81,1,3,2,1,2,60,13850,1.02,0.02
99026,7,1996,599073,595095,0.99,2780,214.06,2,4,4,3,2,30,3978,1.01,0.01
98031,7,1968,599094,599090,1,1180,507.7,1,3,1,1,2,58,4,1,0
99205,7,1954,328913,338068,1.03,1630,207.4,1,3,1,1,2,72,-9155,0.97,-0.03
99223,7,2025,1049976,1009928,0.96,3330,303.28,1,5,4,3,2,1,40048,1.04,0.04
99350,7,2025,350072,359949,1.03,1190,302.48,1,3,2,2,2,1,-9877,0.97,-0.03
99114,7,2009,569974,156925,1,1220,128.63,2,3,0.5,2,2,17,43901,3.63,2.63
98409,7,1943,399921,405052,1.01,960,421.93,1,3,1,1,2,83,-5131,0.99,-0.01
98012,7,2026,1099891,1100050,1,2200,500.02,2,4,3,2,2,0,-159,1,0
98106,0,2026,499800,500082,1,840,595.34,2,2,2,1,2,0,-282,1,0
98409,7,1925,399897,407439,1.02,880,463,1,2,1,1,2,101,-7542,0.98,-0.02
98908,7,1976,384415,380090,0.99,1440,263.95,1,3,2,2,2,50,4325,1.01,0.01
98373,7,2025,674907,675040,1,2580,261.64,2,5,3,2,2,1,-133,1,0
98406,7,1956,520029,499922,0.96,1750,285.67,1,3,2,1,2,70,20107,1.04,0.04
98034,0,1978,278948,269055,0.96,710,378.95,1,1.5,1,1,2,48,9893,1.04,0.04
98245,7,1977,569974,1224948,1,1400,680.56,1,4,2,2,2,49,-33595,0.47,-0.53
98119,0,1982,370095,364938,0.99,600,608.23,1,1.5,1,1,2,44,5157,1.01,0.01
98273,7,1995,725062,725065,1,2890,250.89,2,4,3,2,2,31,-3,1,0
98126,7,1941,650085,650087,1,740,680.56,1,2,1,1,2,85,-2,1,0
98613,7,2011,299907,300095,1,670,447.9,1,1.5,1,1,2,15,-188,1,0
98387,7,1970,419902,415089,0.99,1500,276.73,1,3,1,1,2,56,4813,1.01,0.01
98408,7,1965,479874,499913,1.03,1420,352.05,1,3,2,1,2,61,-20039,0.96,-0.04
98387,7,1983,430063,443078,1.03,1240,357.32,1,3,2,2,2,43,-13015,0.97,-0.03
98686,7,2001,585085,585068,1,2420,241.76,2,4,2,2,2,25,17,1,0
98144,0,2005,378926,369937,0.98,890,415.66,1,1.5,1,1,2,21,8989,1.02,0.02
98103,7,1979,569974,985098,1,1450,679.38,1,2,2,1,2,47,-33595,0.58,-0.42
98642,7,2025,569974,805317,1,3400,236.86,2,5.5,3,3,2,1,-33595,0.71,-0.29
98027,0,1989,499986,449922,0.96,930,483.79,1,2,2,1,2,37,43901,1.11,0.11
98178,7,1999,699937,669950,0.96,2640,253.77,2,3,3,2,2,27,29987,1.04,0.04
98106,0,1992,569974,499927,1,840,595.15,2,2,2,1,2,34,43901,1.14,0.14
98390,7,2001,555077,554916,1,1350,411.05,1,3,2,1,2,25,161,1,0
98683,7,1984,790097,790075,1,3080,256.52,2,4,2,2,2,42,22,1,0
99223,7,1947,569974,225081,1,850,264.8,1,2,1,1,2,79,43901,2.53,1.53
98003,7,1977,569974,744909,1,2030,366.95,1,3,4,3,2,49,-33595,0.77,-0.23
98028,7,2012,1222787,1201949,0.96,2360,509.3,2,4,3,2,2,14,43901,1.02,0.02
98828,7,1992,569974,469774,1,1810,324.3,2,3,0.5,2,2,34,43901,1.21,0.21
98444,7,1912,174913,174909,1,1150,152.09,2,2,1,1,2,114,4,1,0
98374,7,2019,565080,576929,1.02,2280,253.04,2,4,3,2,2,7,-11849,0.98,-0.02
98034,0,1976,569974,849912,1,1420,598.53,3.5,2,2,2,2,50,-33595,0.67,-0.33
99206,7,2018,394931,402847,1.02,1340,300.63,1,3,2,2,2,8,-7916,0.98,-0.02
98632,7,1976,569974,354935,1,1100,322.67,1,3,1,1,2,50,43901,1.61,0.61
98801,7,2025,600079,604945,1.01,2540,238.17,2,4,3,2,2,1,-4866,0.99,-0.01
98014,7,2025,1222787,1390962,1,3290,422.78,2,4,3,2,2,1,4998,0.88,-0.12
98034,7,1995,569974,1462187.5,1,3450,565.19,2,3,4.5,3,2,31,-33595,0.39,-0.61
98502,7,2025,1222787,1374920,0.99,2830,485.84,1,4,4,2,2,1,20137,0.89,-0.11
98031,7,1963,569974,382414,1,990,386.28,1,3,1,1,2,63,43901,1.49,0.49
99205,7,1943,300072,308057,1.03,1590,193.75,1,3,1,1,2,83,-7985,0.97,-0.03
98277,7,1947,569974,300215,1,1250,240.17,1,2,1,1,2,79,43901,1.9,0.9
98052,7,1964,569974,1462187.5,1,2880,680.56,2,4,2,2,2,62,-33595,0.39,-0.61
98292,7,2016,635094,635076,1,2020,314.39,2,3,3,2,2,10,18,1,0
98074,7,1985,1100056,1075084,0.98,1460,680.56,2,3,3,1,2,41,24972,1.02,0.02
98103,7,1928,569974,825093,1,1290,639.61,2,4,3,2,2,98,-33595,0.69,-0.31
98105,7,1923,569974,800097,1,1860,430.16,2,4,2,1,2,103,-33595,0.71,-0.29
98270,7,2025,915044,914910,1,2810,325.59,2,5,3,2,2,1,134,1,0
98532,3,1992,315058,269921,0.96,1810,324.3,2,3,2,2,2,34,43901,1.17,0.17
98012,7,2025,569974,1365199,1,3340,408.74,2,4,4,3,2,1,-33595,0.42,-0.58
98603,3,1992,175080,174922,1,1810,324.3,2,3,2,2,2,34,158,1,0
98087,8,2025,724960,724984,1,1800,402.77,2,4,4,3,2,1,-24,1,0
99116,3,1992,44842,42368,0.96,1810,324.3,2,3,2,2,2,34,2474,1.06,0.06
98466,0,1974,225071,215080,0.96,850,253.04,1,2,2,1,2,52,9991,1.05,0.05
98362,4,1992,569974,352072,1,1810,324.3,2,3,0.5,2,2,34,43901,1.62,0.62
98826,7,1992,569974,325059,1,1810,324.3,2,3,0.5,2,2,34,43901,1.75,0.75
98272,7,1995,654941,656052,1,1870,350.83,2,4,3,2,2,31,-1111,1,0
99163,0,1971,159813,159971,1,1660,96.37,2,4,2,1,2,55,-158,1,0
98117,7,1954,1222787,1375070,1.03,3840,358.09,2,5,3,1,2,72,-33595,0.89,-0.11
98603,3,1992,175061,175081,1,1810,324.3,2,3,2,2,2,34,-20,1,0
98569,7,2025,379551,386905,1.02,1500,257.94,1,2,2,2,2,1,-7354,0.98,-0.02
98177,7,2011,569974,1462187.5,1,2200,680.56,2,3,3,2,2,15,-33595,0.39,-0.61
98498,7,1946,569974,414909,1,2050,202.39,1,3,1,1,2,80,43901,1.37,0.37
98122,0,1963,274911,274921,1,730,376.6,1,1.5,1,1,2,63,-10,1,0
98133,7,1944,569974,600097,1,800,680.56,1,2,1,1,2,82,-30123,0.95,-0.05
98034,7,1972,1222787,1408097,0.97,3420,411.72,2,5,4,2,2,54,41838,0.87,-0.13
98391,7,2025,674929,674933,1,1950,346.12,1,1.5,1,1,2,1,-4,1,0
99163,4,1997,55061,54582,0.99,920,59.33,1,2,2,2,2,29,479,1.01,0.01
98001,7,2024,569974,920075,1,2640,348.51,2,5,4.5,3.5,2,2,-33595,0.62,-0.38
98272,7,2025,1222787,1329896,1,3850,345.43,2,5,4,2,2,1,154,0.92,-0.08
98029,7,2013,1222787,1205079,0.96,2120,568.43,2,4,4,3,2,13,43901,1.01,0.01
98408,7,1909,599874,608950,1.02,3170,192.1,2,5,3,2,2,117,-9076,0.99,-0.01
98042,7,2025,1178899,1130055,0.96,3850,293.52,2,5.5,4,2,2,1,43901,1.04,0.04
98642,7,1917,440075,440056,1,2420,181.84,3,3,1,1,2,109,19,1,0
98221,6,1992,569974,1310340,1,1810,324.3,2,3,0.5,2,2,34,-33595,0.43,-0.57
98045,0,1992,569974,819946,1,2140,383.15,2,3,4.5,3,2,34,-33595,0.7,-0.3
98903,7,2025,408963,408931,1,1740,235.02,2,3,3,2,2,1,32,1,0
98043,0,1979,550092,560075,1.02,1420,394.42,1,3,2,1,2,47,-9983,0.98,-0.02
98362,7,1972,419086,414916,0.99,1530,271.19,2,3,2,2,2,54,4170,1.01,0.01
98531,7,1915,569974,59900,1,800,74.88,1,3,1,1,2,111,43901,9.52,8.52
99201,7,1911,249921,240083,0.96,1490,161.13,2,4,2,1,2,115,9838,1.04,0.04
99207,7,1921,249823,225074,0.96,2320,97.01,2,4,2,2,2,105,24749,1.11,0.11
99403,7,1940,229940,206937,0.96,1040,198.98,2,2,1,1,2,86,23003,1.11,0.11
98802,7,2019,431456,431312,1,1440,299.52,2,3,3,2,2,7,144,1,0
98264,7,2002,569974,850205,1,2150,395.44,1,4,3,2,2,24,-33595,0.67,-0.33
98570,7,1982,569974,154912,1,1100,140.83,2,3,2,2,2,44,43901,3.68,2.68
98626,3,1992,99976,99849,1,1810,324.3,2,3,2,2,2,34,127,1,0
98117,0,1992,569974,969958,1,1870,518.69,2,4,4,2,2,34,-33595,0.59,-0.41
98903,4,1977,64917,61944,0.96,1060,58.44,2,2,2,2,2,49,2973,1.05,0.05
99301,7,2006,450052,429916,0.96,2150,199.96,1,4,2,2,2,20,20136,1.05,0.05
98010,7,2025,644882,644874,1,2070,311.53,2,3,3,2,2,1,8,1,0
98683,0,1996,569974,334934,1,1100,304.49,1,2,2,2,2,30,43901,1.7,0.7
99362,7,1946,289072,288935,1,1900,152.07,1,3,1,1,2,80,137,1,0
99344,4,1998,569974,280080,1,1730,161.9,2,3,2,2,2,28,43901,2.04,1.04
98663,7,1930,569974,539170,1,2600,207.37,1,5,3,3,2,96,30804,1.06,0.06
98580,3,1992,79972,69900,0.96,1810,324.3,2,3,2,2,2,34,10072,1.14,0.14
98117,7,1929,750088,774926,1.03,1880,412.19,2,4,1,1,2,97,-24838,0.97,-0.03
98116,0,2025,735017,734916,1,1110,662.09,2,2,2,1,2,1,101,1,0
98221,7,1984,569974,975334,1,2200,443.33,1,2,3,2,2,42,-33595,0.58,-0.42
98374,8,2013,415092,414902,1,1610,257.7,2,2,3,2,2,13,190,1,0
99206,7,2017,569974,316965,1,1190,266.36,1,3,2,2,2,9,43901,1.8,0.8
99328,7,1930,569974,176942,1,1490,118.75,2,3,0.5,2,2,96,43901,3.22,2.22
98380,7,2006,1149910,1125086,0.98,3865,211.09,2,3,4,2,2,20,24824,1.02,0.02
98611,3,1992,165589,350099,1.03,1810,324.3,2,3,2,2,2,34,-33595,0.47,-0.53
98166,7,1954,569974,514942,1,2050,251.19,1,3,1,1,2,72,43901,1.11,0.11
98606,7,1972,649925,649917,1,1290,503.81,1,4,2,2,2,54,8,1,0
98033,8,2024,569974,1462187.5,1,3865,229.59,3,5.5,4.5,3.5,2,2,-33595,0.39,-0.61
98498,3,1992,569974,125052,1,1810,324.3,2,3,0.5,2,2,34,43901,4.56,3.56
98576,4,1999,569974,240071,1,1510,158.99,2,3,3,2,2,27,43901,2.37,1.37
98290,6,1976,569974,375079,1,3865,39.32,2,3,0.5,2,2,50,43901,1.52,0.52
99223,7,1954,399973,404563,1.01,2200,183.89,1,5,2,2,2,72,-4590,0.99,-0.01
98802,6,1992,569974,185526,1,1810,324.3,2,3,0.5,2,2,34,43901,3.07,2.07
98074,0,2001,569974,925081,1,1690,547.39,2,2,2,2,2,25,-33595,0.62,-0.38
98043,0,1978,357922,349928,0.98,900,388.81,1,2,1,1,2,48,7994,1.02,0.02
98335,7,2001,1222787,1380074,0.99,3410,404.71,2,4,3,2,2,25,19830,0.89,-0.11
98403,0,1963,260074,275073,1.03,510,539.36,2,1.5,1,1,2,63,-14999,0.95,-0.05
99201,0,2007,1222787,1311055,0.96,2280,575.02,2,3,3,3,2,19,43901,0.93,-0.07
98292,5,2001,900018,910080,1.01,2890,314.91,2,4,3,2,2,25,-10062,0.99,-0.01
98606,7,2003,1129906,1130090,1,3790,298.18,2,5,3,3,2,23,-184,1,0
98260,7,1999,569974,855209,1,2610,327.67,1,2,3,3,2,27,-33595,0.67,-0.33
98908,7,1960,384942,397571,1.03,2310,172.11,2,4,3,2,2,66,-12629,0.97,-0.03
98550,7,1921,239925,240096,1,1000,240.1,1,2,1,1,2,105,-171,1,0
99203,7,1940,459932,459919,1,1920,239.54,2,3,2,1,2,86,13,1,0
98236,7,1954,579082,592935,1.02,2460,241.03,1,3,1,1,2,72,-13853,0.98,-0.02
98026,7,1988,937052,1000050,1.03,2060,485.46,2,3,3,2,2,38,-33595,0.94,-0.06
98052,7,2026,1222787,1462187.5,0.96,3865,649.98,2,5.5,4.5,3.5,2,0,43901,0.84,-0.16
98208,7,1994,924913,915081,0.99,2380,384.49,2,4,3,2,2,32,9832,1.01,0.01
98118,7,1909,694939,727081,1.03,1620,448.82,1,3,1,1,2,117,-32142,0.96,-0.04
98229,7,1974,758943,740936,0.98,1690,438.42,2,3,3,1,2,52,18007,1.02,0.02
98516,7,2002,949918,950059,1,3040,312.52,2,3,3,2,2,24,-141,1,0
98642,7,1967,695937,695925,1,2820,246.78,3,3,2,2,2,59,12,1,0
99206,7,1954,569974,180912,1,1120,161.53,1,3,1,1,2,72,43901,3.15,2.15
98837,7,1974,595089,540065,0.96,3390,159.31,1,3,3,1,2,52,43901,1.1,0.1
98406,7,1951,599902,590924,0.98,2740,215.67,1,5,2,2,2,75,8978,1.02,0.02
98586,7,1972,430077,414900,0.96,3240,128.06,1,4,2,2,2,54,15177,1.04,0.04
98115,7,1947,1222787,1462187.5,1.03,2440,638.14,1,4,3,3,2,79,-33595,0.84,-0.16
99212,7,2013,624950,624939,1,3440,181.67,1,4,4,3,2,13,11,1,0
99350,7,2022,589936,580062,0.98,2610,222.25,1,5,3,2,2,4,9874,1.02,0.02
98626,6,1992,569974,768904,1,1810,324.3,2,3,0.5,2,2,34,-33595,0.74,-0.26
98028,7,2016,1222787,1320076,0.96,2160,611.15,2,4,3,2,2,10,43901,0.93,-0.07
98327,7,1913,449076,449096,1,1280,350.86,2,3,1,1,2,113,-20,1,0
98023,7,1968,594936,570098,0.96,1670,341.38,1,4,2,1,2,58,24838,1.04,0.04
99163,5,1909,286935,282929,0.99,1460,193.79,2,5,3,3,2,117,4006,1.01,0.01
98105,8,2025,1222787,1462187.5,1,2650,650.96,2,4,4,2,2,1,-134,0.84,-0.16
98685,7,2002,870941,871065,1,3550,245.37,2,5.5,3,3,2,24,-124,1,0
98563,7,1914,335076,329077,0.98,1470,223.86,2,3,2,1,2,112,5999,1.02,0.02
98011,7,1965,810081,880069,1.03,2020,435.68,3,3,3,1,2,61,-33595,0.92,-0.08
98248,7,2005,1214938,1200050,0.99,3700,324.34,2,4,4.5,3.5,2,21,14888,1.01,0.01
98290,7,1909,815011,840100,1.03,2350,357.49,2,4,2,1,2,117,-25089,0.97,-0.03
98284,7,2003,598932,580065,0.97,2720,213.26,1,4,4,2,2,23,18867,1.03,0.03
98837,7,2019,778920,718081,0.96,3710,193.55,1,5.5,4.5,2,2,7,43901,1.08,0.08
98607,7,1978,839938,839902,1,2180,385.28,1,3,3,3,2,48,36,1,0
98038,7,1991,1169569,1169423,1,3360,348.04,2,5,3,2,2,35,146,1,0
98802,7,1986,455077,440085,0.97,1200,366.74,1,3,2,1,2,40,14992,1.03,0.03
98374,7,2006,648941,655051,1.01,3040,215.48,2,4,3,2,2,20,-6110,0.99,-0.01
99206,7,1952,449921,449915,1,2080,216.31,1,3,2,2,2,74,6,1,0
98229,7,1937,838943,834184,0.99,1680,496.54,1,3,2,1,2,89,4759,1.01,0.01
98664,0,1997,293057,293096,1,1270,230.78,2,2,2,2,2,29,-39,1,0
98513,7,2001,1222787,1462187.5,0.96,3430,437.33,1,3,4,3,2,25,43901,0.84,-0.16
98391,7,2019,839886,815061,0.97,3550,229.59,2,5,3,2,2,7,24825,1.03,0.03
98370,7,1990,669949,685052,1.02,2390,286.63,3,3,3,2,2,36,-15103,0.98,-0.02
98056,7,2025,1200089,1200086,1,2140,560.79,3,4,4,1,2,1,3,1,0
98332,7,1909,1222787,1462187.5,1,1310,680.56,2,2,2,2,2,117,-1,0.84,-0.16
98258,7,1991,699091,685077,0.98,1980,346,2,3,3,2,2,35,14014,1.02,0.02
99336,7,1950,324905,325074,1,890,365.25,1,2,2,1,2,76,-169,1,0
98038,7,1997,1099090,1095085,1,2760,396.77,2,4,3,2,2,29,4005,1,0
98052,7,1984,1222787,1462187.5,1.03,2050,680.56,2,4,3,1,2,42,-33595,0.84,-0.16
98596,7,1970,569974,252791,1,1180,214.23,1,3,1,1,2,56,43901,2.25,1.25
98004,6,2000,569974,324910,1,450,680.56,3.5,3,1,1,2,26,43901,1.75,0.75
98802,7,2025,694912,670064,0.96,2900,231.06,1,4,3,2,2,1,24848,1.04,0.04
98466,7,1965,750079,829940,1.03,2530,328.04,1,4,3,1,2,61,-33595,0.9,-0.1
98043,7,1958,849050,899945,1.03,2000,449.97,1,3,2,1,2,68,-33595,0.94,-0.06
98112,7,1926,1222787,1462187.5,1,2670,680.56,2,4,4,2,2,100,-5146,0.84,-0.16
98236,7,1999,475091,474922,1,2000,237.46,1,3,3,2,2,27,169,1,0
98237,7,1994,949858,915089,0.96,2030,450.78,2,3,4,2,2,32,34769,1.04,0.04
98001,7,2003,775069,780093,1.01,2610,298.89,2,5,3,2,2,23,-5024,0.99,-0.01
98374,3,1992,569974,499874,1,1810,324.3,2,3,0.5,2,2,34,43901,1.14,0.14
99016,7,1995,374935,360070,0.96,1130,318.65,1,3,2,2,2,31,14865,1.04,0.04
98405,7,1920,550065,549942,1,2170,253.43,1,3,1,1,2,106,123,1,0
98282,7,2000,688933,689096,1,2190,314.66,2,2,3,2,2,26,-163,1,0
98007,7,1959,1199935,1309930,1.03,2140,612.12,2,4,2,1,2,67,-33595,0.92,-0.08
98107,8,2026,848927,849088,1,1160,680.56,2,2,2,2,2,0,-161,1,0
98338,7,2019,569974,576919,1,2380,242.4,2,4,2,2,2,7,-6945,0.99,-0.01
98229,7,2022,750064,698903,0.96,3220,217.05,2,4,3,2,2,4,43901,1.07,0.07
98146,7,1942,895066,977401,1.03,1580,618.61,1,2,2,1,2,84,-33595,0.92,-0.08
98029,0,1994,655057,655086,1,1250,524.07,1,2,2,1,2,32,-29,1,0
98531,7,1940,424906,409917,0.96,3580,114.5,2,3,2,1,2,86,14989,1.04,0.04
98662,0,1995,299084,299057,1,1070,279.49,2,2,2,2,2,31,27,1,0
98312,7,2014,509904,514950,1.01,1980,260.08,2,3,3,2,2,12,-5046,0.99,-0.01
98908,3,1992,49922,49923,1,1810,324.3,2,3,2,2,2,34,-1,1,0
98391,7,1975,525055,531085,1.01,1510,351.71,1,3,2,1,2,51,-6030,0.99,-0.01
98119,7,1909,1222787,1450088,1,2200,659.13,2,4,3,2,2,117,8,0.84,-0.16
98221,0,2007,773927,699938,0.96,2130,328.61,1,2,2,1,2,19,43901,1.11,0.11
98391,7,2016,569974,999975,1,3865,234.19,2,5,3,3,2,10,-33595,0.57,-0.43
98502,7,1986,748931,749093,1,1860,402.74,1,3,2,2,2,40,-162,1,0
98642,7,2023,519825,524846,1.01,1880,279.17,2,4,3,2,2,3,-5021,0.99,-0.01
98074,7,1992,1222787,1462187.5,1.03,2310,680.56,2,3,3,2,2,34,-33595,0.84,-0.16
98074,7,1988,1185064,1249902,1.03,2500,499.96,2,4,3,2,2,38,-33595,0.95,-0.05
98642,4,1988,575078,574940,1,1720,334.27,1,3,2,2,2,38,138,1,0
98027,7,1927,1199863,1179934,0.98,2330,506.41,2,3,3,1,2,99,19929,1.02,0.02
98136,7,2014,1222787,1462187.5,1.01,3240,489.95,2,4,4.5,2,2,12,-12376,0.84,-0.16
99337,3,1992,259844,189915,0.96,1810,324.3,2,3,0.5,2,2,34,43901,1.37,0.37
98229,7,2022,693908,699063,1.01,1710,408.81,2,3,3,2,2,4,-5155,0.99,-0.01
98503,4,1985,215079,208090,0.97,1960,106.17,1,3,3,2,2,41,6989,1.03,0.03
98374,7,2019,559099,569938,1.02,2220,256.73,2,4,3,2,2,7,-10839,0.98,-0.02
98007,7,1961,1222787,1462187.5,0.97,2040,680.56,2,4,3,1,2,65,43901,0.84,-0.16
98626,7,1915,340083,340079,1,1320,257.64,2,3,2,2,2,111,4,1,0
99205,7,1926,275095,274950,1,1790,153.6,2,3,1,1,2,100,145,1,0
98584,7,1995,516917,516911,1,2230,231.8,1,3,2,2,2,31,6,1,0
98226,0,1992,710066,700084,0.99,1760,397.78,2,2,3,2,2,34,9982,1.01,0.01
98418,7,1910,345076,345092,1,820,420.84,2,2,1,1,2,116,-16,1,0
98363,4,2002,569974,62564,1,1840,34,2,2,2,2,2,24,43901,9.11,8.11
98294,4,1998,569974,382430,1,1620,236.07,1,3,2,2,2,28,43901,1.49,0.49
98374,7,1997,609916,610095,1,2380,256.34,2,4,3,2,2,29,-179,1,0
98926,7,1997,195057,195053,1,1010,193.12,2,2,1,2,2,29,4,1,0
98520,7,1916,325084,325075,1,1830,177.64,1,3,3,2,2,110,9,1,0
98014,7,1992,569974,1390806,1,1810,324.3,2,3,0.5,2,2,34,-33595,0.41,-0.59
98019,7,1986,750065,750072,1,1240,604.9,2,3,2,1,2,40,-7,1,0
98616,7,1979,324948,325072,1,1440,225.74,2,3,1,1,2,47,-124,1,0
98229,7,2014,1049915,1049912,1,2400,437.46,2,3,2,1,2,12,3,1,0
98003,4,1991,190091,167060,0.96,1800,92.81,1,3,2,1,2,35,23031,1.14,0.14
99350,7,1995,674913,665095,0.99,2470,269.27,2,3,3,2,2,31,9818,1.01,0.01
98273,3,1992,280071,260095,0.96,1810,324.3,2,3,2,2,2,34,19976,1.08,0.08
98117,7,1921,700033,898059,1.03,1560,575.68,1,2,2,1,2,105,-33595,0.78,-0.22
98038,3,1992,569974,674099,1,1810,324.3,2,3,0.5,2,2,34,-33595,0.85,-0.15
99206,7,1955,415068,419937,1.01,2740,153.26,1,3,2,1,2,71,-4869,0.99,-0.01
98588,4,2003,384434,384448,1,1780,215.98,1,3,2,1,2,23,-14,1,0
98837,7,2025,359910,359780,1,1400,256.99,1,3,2,1,2,1,130,1,0
98012,7,2013,1100099,1075090,0.98,2010,534.87,1,3,2,2,2,13,25009,1.02,0.02
98226,7,1992,569974,820273,1,1810,324.3,2,3,0.5,2,2,34,-33595,0.69,-0.31
98026,7,1956,648942,710082,1.03,1110,639.71,1,3,2,2,2,70,-33595,0.91,-0.09
98837,7,1955,264094,254909,0.97,1300,196.08,1,3,1,1,2,71,9185,1.04,0.04
98166,7,1947,648943,649937,1,980,663.2,1,3,2,2,2,79,-994,1,0
98155,7,1975,980030,1006906,1.03,2060,488.79,2,4,3,1,2,51,-26876,0.97,-0.03
98177,7,1956,568942,549918,0.97,1270,433.01,1,3,1,1,2,70,19024,1.03,0.03
98032,7,1959,524932,529944,1.01,1030,514.51,1,3,1,1,2,67,-5012,0.99,-0.01
98445,7,1971,434917,438444,1.01,1280,342.53,1,4,1,1,2,55,-3527,0.99,-0.01
98264,0,2025,739100,739063,1,2010,367.69,2,3,3,1,2,1,37,1,0
98332,7,1988,1125100,1110053,0.99,3180,349.07,2,4,3,3,2,38,15047,1.01,0.01
98118,7,1909,899855,889936,0.99,1900,468.39,1,4,3,2,2,117,9919,1.01,0.01
99111,7,1959,299838,308900,1.03,1330,232.26,1,3,2,1,2,67,-9062,0.97,-0.03
98028,7,2025,1199936,1159938,0.97,2510,462.13,2,5.5,4,2,2,1,39998,1.03,0.03
98374,7,1989,500046,500032,1,1430,349.67,1,3,2,2,2,37,14,1,0
98422,0,1998,445097,435399,0.98,1440,302.36,2,3,3,1,2,28,9698,1.02,0.02
98360,7,2018,635064,645062,1.02,3090,208.76,2,5,4,3,2,8,-9998,0.98,-0.02
98520,7,1927,260050,254915,0.98,1550,164.46,1,3,2,1,2,99,5135,1.02,0.02
98037,0,1968,232583,218572,0.96,680,321.43,1,1.5,1,1,2,58,14011,1.06,0.06
98675,4,1999,564947,589936,1.03,1780,331.42,1,3,2,2,2,27,-24989,0.96,-0.04
98072,0,1983,300042,315098,1.03,600,525.16,1,1.5,1,1,2,43,-15056,0.95,-0.05
98506,7,2025,599893,600073,1,2530,237.18,2,5,3,1,2,1,-180,1,0
99352,7,1948,374925,369928,0.99,1600,231.2,1,4,2,2,2,78,4997,1.01,0.01
98277,7,1986,498945,470091,0.96,1550,303.28,3,3,3,1,2,40,28854,1.06,0.06
98004,0,2001,758083,747595,0.99,1000,680.56,1,2,2,2,2,25,10488,1.01,0.01
98029,0,2008,399568,399411,1,960,416.05,1,2,1,1,2,18,157,1,0
98121,0,1989,439923,440094,1,660,666.81,1,1.5,1,1,2,37,-171,1,0
99111,7,1948,259805,265834,1.02,2780,95.62,1,4,2,1,2,78,-6029,0.98,-0.02
98409,7,1925,415062,410067,0.99,1550,264.56,2,2,1,2,2,101,4995,1.01,0.01
98282,7,2015,875082,874939,1,2510,348.58,1,3,3,2,2,11,143,1,0
98245,7,1977,1222787,1224915,0.96,1700,680.56,2,2,2,1,2,49,43901,1,0
98512,7,2004,582071,570090,0.98,2140,266.4,2,4,3,2,2,22,11981,1.02,0.02
98198,7,1978,375099,389917,1.03,1100,354.47,2,2,2,1,2,48,-14818,0.96,-0.04
98312,7,2026,724918,725070,1,2790,259.88,2,4,4,3,2,0,-152,1,0
98006,0,1988,354927,345089,0.97,760,454.06,3,1.5,1,1,2,38,9838,1.03,0.03
98404,7,1925,384855,384891,1,1710,225.08,2,2,1,1,2,101,-36,1,0
99016,7,2015,390082,395068,1.01,1430,276.27,1,3,2,2,2,11,-4986,0.99,-0.01
98270,7,1959,530094,529914,1,1330,398.43,1,3,2,1,2,67,180,1,0
99109,7,1912,230090,237052,1.03,1550,152.94,1,2,1,1,2,114,-6962,0.97,-0.03
99224,0,1972,285086,300096,1.03,1270,236.3,2,2,2,1,2,54,-15010,0.95,-0.05
98042,7,2018,569974,925058,1,3210,288.18,2,4,3,2,2,8,-33595,0.62,-0.38
98011,0,1999,339880,339860,1,740,459.27,1,1.5,1,1,2,27,20,1,0
98374,0,1990,399856,395081,0.99,1370,288.38,2,2,3,2,2,36,4775,1.01,0.01
98513,7,1950,550081,549907,1,1330,413.46,1,1.5,1,1,2,76,174,1,0
98177,7,1941,794936,820089,1.03,1830,448.14,1,3,2,1,2,85,-25153,0.97,-0.03
99361,7,1909,409066,414924,1.01,2170,191.21,2,4,3,2,2,117,-5858,0.99,-0.01
98604,7,2008,569974,849912,1,3430,247.79,2,4,4.5,3.5,2,18,-33595,0.67,-0.33
99362,7,1946,279059,259933,0.96,1730,150.25,1,4,1,1,2,80,19126,1.07,0.07
98077,7,1995,1222787,1462187.5,1.02,3865,575.96,2,4,4,2,2,31,-33595,0.84,-0.16
98446,7,2025,595039,595046,1,1920,309.92,2,4,3,1,2,1,-7,1,0
98028,0,2025,649665,600044,0.96,1330,451.16,1,2,2,1,2,1,43901,1.08,0.08
98444,7,2001,479989,510068,1.03,1270,401.63,2,3,3,1,2,25,-30079,0.94,-0.06
98903,7,1991,375077,359950,0.96,1280,281.21,1,2,2,2,2,35,15127,1.04,0.04
98118,7,1953,425100,465077,1.03,1420,327.52,1,2,1,1,2,73,-33595,0.91,-0.09
98837,7,2025,398914,398901,1,1570,254.08,1,3,2,1,2,1,13,1,0
98203,7,1931,475094,500051,1.03,740,675.74,1,2,1,1,2,95,-24957,0.95,-0.05
98136,0,1989,299907,290078,0.97,590,491.66,1,1.5,1,1,2,37,9829,1.03,0.03
98665,7,1965,649940,649929,1,3720,174.71,2,4,2,2,2,61,11,1,0
98233,7,1993,554900,545089,0.98,1380,394.99,2,3,2,2,2,33,9811,1.02,0.02
98328,7,1975,399988,375061,0.96,1010,371.35,1,3,2,1,2,51,24927,1.07,0.07
98270,7,2003,609945,594942,0.98,1500,396.63,2,3,3,2,2,23,15003,1.03,0.03
99301,7,2025,457430,457534,1,1500,305.02,1,3,2,2,2,1,-104,1,0
98541,7,1966,399063,375070,0.96,1860,201.65,1,2,2,1,2,60,23993,1.06,0.06
98031,7,1969,599050,599074,1,1510,396.74,1,3,2,2,2,57,-24,1,0
98686,7,2025,660028,660056,1,2100,314.31,2,4,3,3,2,1,-28,1,0
98801,0,1953,199899,195073,0.98,500,390.15,2,1.5,1,1,2,73,4826,1.02,0.02
98512,7,2025,630024,630008,1,1940,324.75,1,3,2,2,2,1,16,1,0
98121,0,2003,584949,564915,0.97,1050,538.01,1,1.5,1,1,2,23,20034,1.04,0.04
98321,7,1997,625075,630053,1.01,1970,319.82,2,3,3,2,2,29,-4978,0.99,-0.01
99004,7,2025,385056,385078,1,1740,221.31,1,4,3,2,2,1,-22,1,0
98367,4,1981,69593,69417,1,980,70.83,1,2,1,1,2,45,176,1,0
98010,7,2026,548746,548862,1,1530,358.73,2,3,3,2,2,0,-116,1,0
98532,7,2025,459901,434910,0.96,1960,221.89,2,3,3,1,2,1,24991,1.06,0.06
98115,7,1947,569974,1024927,1,1030,680.56,1,2,1,1,2,79,-33595,0.56,-0.44
99156,4,1998,465050,464902,1,1440,322.85,2,3,2,2,2,28,148,1,0
99208,7,2025,569974,754936,1,3740,201.85,1,5,4,3.5,2,1,-33595,0.75,-0.25
98665,7,2007,369827,369804,1,1350,273.93,2,3,2,2,2,19,23,1,0
98011,8,2018,1000088,962419,0.96,2100,458.29,2,4,4,2,2,8,37669,1.04,0.04
98802,0,1974,239819,243412,1.01,920,264.58,2,2,1,1,2,52,-3593,0.99,-0.01
98108,7,1984,374760,315442,0.96,1250,252.35,1,4,1,1,2,42,43901,1.19,0.19
99019,7,2025,681208,681085,1,2170,313.86,1,3,2,2,2,1,123,1,0
98122,0,1988,497950,498087,1,790,630.49,1,2,1,2,2,38,-137,1,0
98277,7,1999,489944,485074,0.99,1300,373.13,1,3,2,1,2,27,4870,1.01,0.01
98136,7,1984,1222787,1462187.5,1.03,2360,680.56,2,3,3,1,2,42,-33595,0.84,-0.16
98444,7,1954,545070,547630,1,2760,198.42,2,5,2,2,2,72,-2560,1,0
98155,7,1975,724910,770066,1.03,2040,377.48,2,2,2,1,2,51,-33595,0.94,-0.06
99336,7,1956,569974,384072,1,2420,158.71,1,3,2,2,2,70,43901,1.48,0.48
98055,0,1984,368907,368156,1,970,379.54,1,2,2,1,2,42,751,1,0
98074,7,2007,569974,1462187.5,1,3865,680.56,2,3,4.5,3,2,19,-33595,0.39,-0.61
98133,7,2004,734881,699905,0.96,1420,492.89,2,3,3,2,2,22,34976,1.05,0.05
98258,8,2008,650088,664917,1.02,1870,355.57,2,3,3,2,2,18,-14829,0.98,-0.02
98937,7,1953,569974,313055,1,1500,208.7,1,3,1,1,2,73,43901,1.82,0.82
99208,7,1957,569974,269945,1,2060,131.04,1,3,2,2,2,69,43901,2.11,1.11
98362,7,2006,929088,929085,1,2660,349.28,2,3,3,2,2,20,3,1,0
98223,7,2008,994920,1109925,1.03,3700,299.98,2,4,4,2,2,18,-33595,0.9,-0.1
98038,7,2004,494911,484944,0.98,1180,410.97,2,2,2,1,2,22,9967,1.02,0.02
98502,7,1973,534824,534915,1,1210,442.08,1,3,2,1,2,53,-91,1,0
99004,7,2017,569974,490098,1,2050,239.07,1,3,2,2,2,9,43901,1.16,0.16
98011,0,1999,569974,340003,1,740,459.46,3,1.5,1,1,2,27,43901,1.68,0.68
98208,7,2003,1164901,1164908,1,2750,423.6,2,4,3,1,2,23,-7,1,0
99343,7,1975,569974,163067,1,1330,122.61,1,3,2,2,2,51,43901,3.5,2.5
99016,7,2025,569974,113070,1,1320,85.66,1,3,2,2,2,1,43901,5.04,4.04
98028,7,2016,569974,1319914,1,2160,611.07,2,4,3,2,2,10,-33595,0.43,-0.57
98512,7,2025,569974,629888,1,1920,328.07,1,4,3,2,2,1,-33595,0.9,-0.1
98564,7,1990,569974,65058,1,1510,43.08,2,3,2,2,2,36,43901,8.76,7.76
98391,7,2025,569974,928975,1,3380,274.84,2,4,2,3,2,1,-33595,0.61,-0.39
98391,7,2025,894609,928662,1.03,3310,280.56,1,4,1,1,2,1,-33595,0.96,-0.04
98444,7,1949,569974,200058,1,1150,173.96,1,3,1,1,2,77,43901,2.85,1.85
98597,7,2006,414935,435085,1.03,1720,252.96,2,3,3,1,2,20,-20150,0.95,-0.05
98327,8,2019,539909,529939,0.98,1620,327.12,2,3,3,1,2,7,9970,1.02,0.02
98685,7,1989,1222787,1462187.5,1,3865,289.16,2,3,4,3.5,2,37,1,0.84,-0.16
98004,7,1959,569974,1462187.5,1,2790,680.56,1,5.5,4,2,2,67,-33595,0.39,-0.61
99223,7,2016,1222787,1462187.5,1,3865,352.1,1,5.5,4.5,3.5,2,10,14,0.84,-0.16
98118,7,1951,875087,874930,1,2920,299.63,2,4,4.5,3.5,2,75,157,1,0
98121,0,1989,569974,439902,1,660,666.52,3.5,3,1,1,2,37,43901,1.3,0.3
98226,0,1992,569974,700204,1,1760,397.84,2,3,2,2,2,34,-33595,0.81,-0.19
98122,0,2003,349929,360903,1.03,630,572.86,1,1.5,1,1,2,23,-10974,0.97,-0.03
98021,7,1927,569974,849938,1,1310,648.81,1,2,1,1,2,99,-33595,0.67,-0.33
98532,7,2018,569974,605074,1,1810,334.3,2,3,0.5,2,2,8,-33595,0.94,-0.06
98240,7,1972,499097,515091,1.03,2030,253.74,1,3,1,2,2,54,-15994,0.97,-0.03
98007,0,1992,569974,471942,1,950,496.78,2,2,2,2,2,34,43901,1.21,0.21
98055,0,1984,569974,368167,1,970,379.55,2,2,2,2,2,42,43901,1.55,0.55
98007,7,1955,1222787,1274089,0.98,1520,680.56,1,3,2,1,2,71,25774,0.96,-0.04
98006,0,1988,569974,345084,1,760,454.06,3,1.5,1,1,2,38,43901,1.65,0.65
98136,0,1989,569974,289938,1,590,491.42,3.5,1.5,1,1,2,37,43901,1.97,0.97
98826,7,1992,569974,300091,1,1810,324.3,2,3,0.5,2,2,34,43901,1.9,0.9
99201,7,1909,285086,285092,1,1570,181.59,2,3,1,1,2,117,-6,1,0
98405,7,1943,295099,275064,0.96,780,352.65,1,2,1,1,2,83,20035,1.07,0.07
99337,7,1992,569974,374921,1,1810,324.3,2,3,0.5,2,2,34,43901,1.52,0.52
98371,7,1961,569974,296053,1,1060,279.3,1,3,1,1,2,65,43901,1.93,0.93
98122,8,2016,925061,924930,1,1520,608.51,2,3,3,1,2,10,131,1,0
99361,7,1977,569974,250057,1,1360,183.87,1,3,2,2,2,49,43901,2.28,1.28
98042,7,1992,569974,548878,1,1810,324.3,2,3,0.5,2,2,34,21096,1.04,0.04
98445,7,2002,525084,525077,1,1880,279.3,2,4,3,3,2,24,7,1,0
98662,7,2021,534089,534077,1,1970,271.11,2,4,2,2,2,5,12,1,0
99008,3,1992,158918,132084,0.96,1810,324.3,2,3,2,2,2,34,26834,1.2,0.2
98059,8,2003,568934,550097,0.97,1150,478.35,2,2,2,2,2,23,18837,1.03,0.03
98020,7,2001,569974,1462187.5,1,3060,680.56,1,5.5,4,3,2,25,-33595,0.39,-0.61
98638,7,1966,569974,599940,1,2440,245.88,1,3,1,2,2,60,-29966,0.95,-0.05
98577,7,1972,569974,415060,1,3240,128.1,1,4,2,2,2,54,43901,1.37,0.37
98801,7,1992,569974,605097,1,1810,324.3,2,3,0.5,2,2,34,-33595,0.94,-0.06
98391,7,2014,729925,735054,1.01,2670,275.3,2,5,4,3,2,12,-5129,0.99,-0.01
98823,7,1996,329925,334949,1.02,1160,288.75,1,3,2,1,2,30,-5024,0.98,-0.01
99208,7,1977,385055,389942,1.01,1990,195.95,2,3,2,2,2,49,-4887,0.99,-0.01
99206,7,1940,329946,329911,1,1810,324.3,2,3,1,1,2,86,35,1,0
98604,7,2020,749949,750079,1,2650,283.05,2,3,2,2,2,6,-130,1,0
98374,7,2003,550033,560096,1.02,2220,252.3,2,4,3,2,2,23,-10063,0.98,-0.02
98273,7,1961,659929,649940,0.98,2420,268.57,1,4,3,2,2,65,9989,1.02,0.02
98012,7,2021,1199856,1200020,1,2400,500.01,2,4,3,2,2,5,-164,1,0
98003,7,1977,1200085,1229922,1.02,3260,377.28,2,4,3,3,2,49,-29837,0.98,-0.02
98664,7,1961,547557,547447,1,1640,333.81,1,3,2,2,2,65,110,1,0
98321,7,2025,1222787,1462187.5,0.96,3380,535.5,2,4,3,2,2,1,43901,0.84,-0.16
98012,7,1992,1222787,1319909,0.96,3865,306.24,2,5,3,2,2,34,43901,0.93,-0.07
98642,7,2006,1099904,1099943,1,3710,296.48,2,4,3,3,2,20,-39,1,0
98584,7,2021,479952,481908,1,1440,334.66,1,3,2,2,2,5,-1956,1,0
98027,7,1979,1222787,1462187.5,1,3100,680.56,2,5,4,2,2,47,-487,0.84,-0.16
98407,7,1998,674949,679933,1.01,1860,365.56,2,3,3,2,2,28,-4984,0.99,-0.01
99021,4,2012,365071,373902,1.02,1000,373.9,2,3,2,2,2,14,-8831,0.98,-0.02
98922,7,2025,880099,880075,1,2340,376.1,3,4,4,1,2,1,24,1,0
98837,7,2015,450084,425061,0.96,2190,194.09,2,4,3,2,2,11,25023,1.06,0.06
98604,7,2018,880075,880091,1,3440,255.84,2,5,3,3,2,8,-16,1,0
98110,7,1978,1222787,1232914,0.96,2160,570.79,1,2,2,1,2,48,43901,0.99,-0.01
98277,0,1992,335068,335059,1,1120,299.16,1,3,2,1,2,34,9,1,0
98372,7,1993,898924,898916,1,2400,374.55,2,3,3,1,2,33,8,1,0
98012,7,2023,1222787,1250082,1,2400,520.87,2,4,3,1,2,3,-146,0.98,-0.02
98010,7,2023,885085,879936,0.99,2910,302.38,2,4,4,3,2,3,5149,1.01,0.01
98607,7,2023,1222787,1283429,1,3410,376.37,2,4,4,3.5,2,3,170,0.95,-0.05
98569,7,2008,335060,334908,1,1380,242.69,1,3,2,2,2,18,152,1,0
98312,7,1920,250062,219942,0.96,2000,109.97,1,2,2,1,2,106,30120,1.14,0.14
98837,7,1981,550056,549914,1,2150,255.77,2,3,3,1,2,45,142,1,0
98112,8,1997,569974,819092,1,1360,602.27,2,2,3,2,2,29,-33595,0.7,-0.3
98229,7,1981,524927,524903,1,1420,369.65,1,2,3,1,2,45,24,1,0
98662,7,2002,1200063,1075066,0.96,2590,415.08,2,4,4,3,2,24,43901,1.12,0.12
99361,7,1909,358939,359063,1,1660,216.3,2,3,2,1,2,117,-124,1,0
98106,7,1922,700053,700097,1,1730,404.68,1,4,3,1,2,104,-44,1,0
98632,7,1958,574925,550073,0.96,2390,230.16,1,4,3,2,2,68,24852,1.05,0.05
98177,7,1968,1150084,1150079,1,1780,646.11,2,4,2,1,2,58,5,1,0
98258,7,2023,1222787,1259924,0.98,3630,347.09,1,4,4,2,2,3,20127,0.97,-0.03
98056,7,2004,1222787,1462187.5,0.97,3865,526.3,2,4,4,3,2,22,43901,0.84,-0.16
98563,7,1995,564974,586081,1.03,1920,305.25,2,4,3,3,2,31,-21107,0.96,-0.04
98532,4,2000,249916,194929,0.96,1890,103.14,1,4,2,2,2,26,43901,1.28,0.28
98203,7,2018,759933,760069,1,2150,353.52,2,3,3,2,2,8,-136,1,0
99202,0,1909,224938,209930,0.96,780,269.14,1,1.5,1,1,2,117,15008,1.07,0.07
98321,7,2019,609057,609083,1,1870,325.71,1,3,2,2,2,7,-26,1,0
98004,7,2019,1222787,1462187.5,0.97,3865,680.56,2,5.5,4.5,2,2,7,43901,0.84,-0.16
98682,4,1986,145093,145078,1,1290,112.46,1,3,2,2,2,40,15,1,0
98103,7,1924,1222787,1462187.5,1.03,2800,641.04,2,4,3,3,2,102,-33595,0.84,-0.16
98155,7,1945,780076,850071,1.03,2280,372.84,1,4,2,1,2,81,-33595,0.92,-0.08
99163,7,2025,548914,548911,1,1490,368.4,1,3,2,1,2,1,3,1,0
98801,7,2019,592070,586070,0.99,1760,332.99,1,3,2,2,2,7,6000,1.01,0.01
98639,7,1973,624949,625071,1,2230,280.3,1,3,2,2,2,53,-122,1,0
98115,7,1927,1222787,1425052,1,3120,456.75,2,3,2,1,2,99,16,0.86,-0.14
98580,7,2004,948885,948863,1,3865,225.92,1,4,3,3,2,22,22,1,0
98011,8,2025,870033,869863,1,2150,404.59,2,3,4,2,2,1,170,1,0
98107,7,1911,1070100,1070054,1,1800,594.47,2,3,2,1,2,115,46,1,0
98512,7,1981,494900,495061,1,1850,267.6,1,3,3,1,2,45,-161,1,0
98321,7,1998,610938,610911,1,2140,285.47,2,4,3,2,2,28,27,1,0
98837,7,2019,734950,742406,1.01,3090,240.26,2,3,3,1,2,7,-7456,0.99,-0.01
99353,7,2015,624937,604929,0.97,2160,280.06,1,4,4,3,2,11,20008,1.03,0.03
98292,7,1991,794906,794930,1,3140,253.16,1,4,3,1,2,35,-24,1,0
98312,7,2017,560091,559925,1,2480,225.78,2,4,3,3,2,9,166,1,0
99352,7,2020,534945,527911,0.99,2480,212.87,2,4,3,2,2,6,7034,1.01,0.01
98003,7,1994,799058,810073,1.01,3460,234.13,2,5,4,2,2,32,-11015,0.99,-0.01
98580,7,1925,500028,420058,0.96,1480,283.82,2,3,1,1,2,101,43901,1.19,0.19
99338,7,2025,475083,464929,0.98,1470,316.28,1,3,2,1,2,1,10154,1.02,0.02
98506,7,1947,1222787,1462187.5,0.96,3865,349.06,2,3,4,3,2,79,43901,0.84,-0.16
98292,4,1989,550088,540084,0.98,1780,303.42,1,3,2,2,2,37,10004,1.02,0.02
98271,7,1987,574940,569943,0.99,1170,487.13,1,3,2,2,2,39,4997,1.01,0.01
98371,7,2011,625051,630081,1.01,2390,263.63,2,4,3,2,2,15,-5030,0.99,-0.01
98072,7,1974,940082,909944,0.97,2030,448.25,2,3,3,2,2,52,30138,1.03,0.03
98513,7,2025,730028,730049,1,2690,271.39,2,5,3,2,2,1,-21,1,0
98019,7,1980,1222787,1462187.5,0.99,2560,664.03,1,3,3,1,2,46,22985,0.84,-0.16
98682,7,1971,522421,522557,1,1600,326.6,1,3,2,2,2,55,-136,1,0
98367,7,2021,594925,598098,1.01,2770,215.92,2,5,3,3,2,5,-3173,0.99,-0.01
98277,7,2013,769065,774079,1.01,2800,276.46,2,4,3,3,2,13,-5014,0.99,-0.01
98674,7,1976,599054,599080,1,1570,381.58,1,3,2,2,2,50,-26,1,0
98660,7,1925,660094,660053,1,2210,298.67,2,3,2,2,2,101,41,1,0
98033,0,2006,649908,650059,1,850,680.56,1,1.5,1,1,2,20,-151,1,0
98506,7,1997,635058,634909,1,2290,277.25,2,3,2,2,2,29,149,1,0
99362,7,1978,679985,669827,0.99,2070,323.59,1,4,3,3,2,48,10158,1.02,0.02
98274,7,1996,545068,544919,1,1340,406.66,1,3,2,2,2,30,149,1,0
98445,7,1971,640022,640050,1,2140,299.09,2,3,2,1,2,55,-28,1,0
98632,7,1956,389093,375071,0.96,2400,156.28,1,4,2,2,2,70,14022,1.04,0.04
98424,7,2006,519858,499931,0.96,1990,251.22,2,3,3,2,2,20,19927,1.04,0.04
98258,7,1967,598941,598910,1,1260,475.33,1,3,2,1,2,59,31,1,0
98087,0,2002,399885,404947,1.01,1010,400.94,1,2,2,1,2,24,-5062,0.99,-0.01
98103,7,1957,1222787,1250073,1,2480,504.06,1,4,3,1,2,69,17,0.98,-0.02
98607,7,2003,784904,784907,1,2120,370.24,1,3,2,2,2,23,-3,1,0
98103,0,2022,1222787,1392439,0.96,2750,506.34,3,4,3,3,2,4,43901,0.88,-0.12
98036,7,2007,1222787,1462187.5,0.99,3810,505.23,2,4,3,2,2,19,25157,0.84,-0.16
98208,7,1989,775074,799926,1.03,1520,526.27,1,3,2,1,2,37,-24852,0.97,-0.03
99324,4,1994,269920,275053,1.02,940,292.61,1,2,1,1,2,32,-5133,0.98,-0.02
98953,7,1982,349953,337053,0.96,1240,271.82,1,3,2,1,2,44,12900,1.04,0.04
98273,7,1979,899084,875062,0.97,3865,193.6,1,5,3,2,2,47,24022,1.03,0.03
98052,7,1974,1222787,1300095,1.02,2100,619.09,3,3,3,2,2,52,-25011,0.94,-0.06
98087,7,1989,569974,799939,1,1700,470.55,1,3,2,2,2,37,-33595,0.71,-0.29
98661,7,2025,274910,274913,1,1500,183.28,2,3,2,2,2,1,-3,1,0
98004,0,1987,389902,380071,0.97,660,575.87,1,1.5,1,1,2,39,9831,1.03,0.03
98513,7,2006,639993,560088,0.96,2170,258.11,1,3,2,1,2,20,43901,1.14,0.14
98226,7,1946,425087,428066,1.01,1790,239.14,1,2,1,1,2,80,-2979,0.99,-0.01
98229,7,1987,649100,718094,1.03,1750,410.34,2,3,3,2,2,39,-33595,0.9,-0.1
98671,7,1932,484916,484932,1,2100,230.92,2,3,3,3,2,94,-16,1,0
98092,7,1983,1054916,1058090,1,2520,419.88,2,4,4,2,2,43,-3174,1,0
98541,7,2013,479077,478308,1,1720,278.09,1,3,2,1,2,13,769,1,0
98349,7,1995,365089,359928,0.99,1060,339.55,1,3,2,1,2,31,5161,1.01,0.01
98597,7,2022,439053,438916,1,1580,277.79,1,3,2,1,2,4,137,1,0
98177,7,2025,725075,724944,1,2170,334.08,2,2,3,1,2,1,131,1,0
98682,7,2024,424929,425075,1,1520,279.65,2,3,2,2,2,2,-146,1,0
99218,7,1946,274404,273068,1,1810,324.3,1,2,3,2,2,80,1336,1,0
98033,7,2026,1222787,1462187.5,1,3865,680.56,2,5,4.5,3,2,0,-45,0.84,-0.16
98032,7,2024,848207,859434,1.01,2490,345.15,2,4,3,2,2,2,-11227,0.99,-0.01
99019,7,2007,989891,935089,0.96,3700,252.73,1,4,3,3,2,19,43901,1.06,0.06
98550,7,1928,269805,260098,0.96,1660,156.69,2,3,1,1,2,98,9707,1.04,0.04
98338,7,1990,589906,590098,1,1680,351.25,2,3,3,1,2,36,-192,1,0
98333,7,1984,688938,676911,0.98,1630,415.28,1,3,3,1,2,42,12027,1.02,0.02
98012,7,1981,849906,829920,0.98,1610,515.48,2,3,2,2,2,45,19986,1.02,0.02
98409,7,1943,398925,398940,1,1280,311.67,1,2,2,1,2,83,-15,1,0
98040,7,1963,1222787,1462187.5,1,2590,680.56,2,3,3,2,2,63,190,0.84,-0.16
98092,7,1985,699913,699941,1,2400,291.64,1,3,3,2,2,41,-28,1,0
99205,7,1910,329051,329059,1,1130,291.2,2,3,2,2,2,116,-8,1,0
98632,7,1956,369840,369906,1,2010,184.03,1,4,2,1,2,70,-66,1,0
99205,7,1955,569974,300055,1,1380,217.43,2,2,1,1,2,71,43901,1.9,0.9
98004,0,2008,764940,749943,0.98,850,680.56,1,1.5,1,1,2,18,14997,1.02,0.02
98075,7,2005,1222787,1350076,1,2260,597.38,2,3,3,2,2,21,-132,0.91,-0.09
99352,7,2025,459801,459979,1,1620,283.94,1,3,2,2,2,1,-178,1,0
98020,7,1968,1222787,1225052,1,2150,569.79,2,4,3,2,2,58,42,1,0
98444,7,1950,384928,385431,1,1090,353.61,1,3,2,1,2,76,-503,1,0
98550,7,1938,285060,269939,0.96,1890,142.82,2,3,1,1,2,88,15121,1.06,0.06
98020,0,2018,1222787,1260065,0.99,1000,680.56,1,2,2,1,2,8,9994,0.97,-0.03
98249,7,1998,635096,615519,0.97,1460,421.59,1,3,2,1,2,28,19577,1.03,0.03
98074,7,1984,1063066,1082916,1.02,1720,629.6,3,3,3,1,2,42,-19850,0.98,-0.02
98422,7,1983,474950,484926,1.02,1080,449.01,1,3,2,1,2,43,-9976,0.98,-0.02
98052,7,2020,1222787,1462187.5,0.99,3865,597.12,3,5,4.5,3.5,2,6,22832,0.84,-0.16
98203,7,1951,559927,560050,1,1100,509.14,1,2,1,1,2,75,-123,1,0
98008,0,2025,1222787,1462187.5,1,2560,680.56,2,4,4,3,2,1,8,0.84,-0.16
98391,7,2003,589067,589096,1,2220,265.36,2,4,3,2,2,23,-29,1,0
98115,0,1974,440097,439926,1,1190,369.69,1,2,2,1,2,52,171,1,0
98043,4,1969,39918,39915,1,1440,27.72,1,2,2,2,2,57,3,1,0
98841,7,1978,173900,173928,1,940,185.03,1,2,1,1,2,48,-28,1,0
98683,7,2025,477688,477700,1,1480,322.77,2,3,2,2,2,1,-12,1,0
98249,7,1986,849083,844096,0.99,2590,325.91,2,3,3,2,2,40,4987,1.01,0.01
98108,7,1998,848932,878077,1.03,2240,392,2,5,3,3,2,28,-29145,0.97,-0.03
98409,7,1947,445080,450079,1.01,1300,346.21,2,4,2,1,2,79,-4999,0.99,-0.01
98631,7,1967,449912,410100,0.96,2080,197.16,2,3,2,2,2,59,39812,1.1,0.1
98569,7,2005,359934,359925,1,1460,246.52,2,3,2,1,2,21,9,1,0
99016,7,2025,439803,455431,1.03,1500,303.62,1,3,2,2,2,1,-15628,0.97,-0.03
98270,7,1959,569974,1275084,1,1870,680.56,2,3,3,2,2,67,-33595,0.45,-0.55
98840,4,2008,195095,174915,0.96,580,301.58,1,1.5,1,1,2,18,20180,1.12,0.12
98292,7,2002,588939,589062,1,1620,363.62,2,3,3,2,2,24,-123,1,0
98671,7,2016,1055086,1055087,1,3710,284.39,2,4,2,2,2,10,-1,1,0
98387,7,1999,479945,479947,1,1660,289.12,2,4,3,2,2,27,-2,1,0
98360,7,1967,569974,474934,1,1840,258.12,1,3,1,2,2,59,43901,1.2,0.2
98685,7,2006,725099,724907,1,2720,266.51,2,4,2,2,2,20,192,1,0
98683,7,1994,469243,469381,1,1280,366.7,1,3,2,2,2,32,-138,1,0
98569,7,1965,348906,339920,0.97,2350,144.65,2,4,2,2,2,61,8986,1.03,0.03
98136,8,2025,825071,786581,0.96,1550,507.47,2,3,3,1,2,1,38490,1.05,0.05
98058,7,1988,894885,879942,0.98,3010,292.34,2,4,3,2,2,38,14943,1.02,0.02
99301,7,1961,355053,354901,1,1600,221.81,1,3,1,1,2,65,152,1,0
98604,3,1992,1222787,1424935,1,1810,324.3,2,3,2,2,2,34,-19,0.86,-0.14
98296,8,2026,599909,599905,1,1660,361.39,2,2,3,1,2,0,4,1,0
98312,4,2001,460073,464900,1.01,1780,261.18,1,3,2,2,2,25,-4827,0.99,-0.01
98101,0,1970,570091,555062,0.97,1060,523.64,1,2,2,1,2,56,15029,1.03,0.03
98119,7,1918,999934,975082,0.98,790,680.56,1,2,1,1,2,108,24852,1.03,0.03
98546,4,2025,374078,369948,0.99,1200,308.29,1,3,2,2,2,1,4130,1.01,0.01
98513,7,2007,374936,367418,0.98,910,403.76,1,2,1,1,2,19,7518,1.02,0.02
98296,8,2025,750074,743072,0.99,1880,395.25,2,4,4,1,2,1,7002,1.01,0.01
98256,4,1998,374944,382553,1.02,1620,236.14,1,3,2,2,2,28,-7609,0.98,-0.02
98258,8,2021,575074,570084,0.99,1840,309.83,2,3,3,1,2,5,4990,1.01,0.01
98012,8,2006,765078,782901,1.02,2020,387.57,2,3,3,2,2,20,-17823,0.98,-0.02
98019,7,1999,865078,865054,1,1820,475.3,2,3,3,2,2,27,24,1,0
98012,8,2019,949072,925095,0.97,1700,544.17,2,3,3,2,2,7,23977,1.03,0.03
98103,8,2026,1198082,1197907,1,1640,680.56,2,3,3,1,2,0,175,1,0
98516,7,2020,579824,589923,1.02,2080,283.62,2,3,3,2,2,6,-10099,0.98,-0.02
98942,7,1920,412436,412405,1,1780,231.69,2,3,3,2,2,106,31,1,0
98116,0,2025,698940,698935,1,1090,641.22,2,2,3,1,2,1,5,1,0
98007,0,1977,350083,349914,1,720,485.99,1,1.5,1,1,2,49,169,1,0
98290,7,1970,550097,575085,1.03,1010,569.39,1,3,1,1,2,56,-24988,0.96,-0.04
98642,7,2024,604912,604921,1,1940,311.81,1,4,2,2,2,2,-9,1,0
98105,7,1979,739918,739908,1,1320,560.54,2,4,2,2,2,47,10,1,0
98258,4,1975,140096,122906,0.96,1440,85.35,1,2,2,2,2,51,17190,1.14,0.14
98597,7,1998,499905,499910,1,2050,243.86,2,4,3,2,2,28,-5,1,0
98029,8,2021,1222787,1350080,0.97,2300,586.99,2,4,4.5,3,2,5,43901,0.91,-0.09
98056,7,2003,745055,679901,0.96,1690,402.31,2,3,3,2,2,23,43901,1.1,0.1
98248,7,1993,498918,510078,1.02,1120,455.43,1,3,2,2,2,33,-11160,0.98,-0.02
98611,4,1979,198919,170082,0.96,920,184.87,1,3,1,1,2,47,28837,1.17,0.17
99338,7,1978,549936,550059,1,2330,236.08,2,4,3,1,2,48,-123,1,0
98445,7,1974,424857,429016,1.01,1120,383.05,1,3,2,1,2,52,-4159,0.99,-0.01
98321,7,2024,569974,864904,1,2540,340.51,1,3,2,2,2,2,-33595,0.66,-0.34
98604,7,1949,569974,964925,1,2130,453.02,1,3,1,1,2,77,-33595,0.59,-0.41
98056,7,2002,720024,720026,1,1870,385.04,2,3,3,2,2,24,-2,1,0
99353,7,2022,569974,620091,1,2750,225.49,2,3,0.5,2,2,4,-33595,0.92,-0.08
98626,7,2026,805377,805252,1,2540,317.03,2,3,3,3,2,0,125,1,0
98664,7,1950,459937,459937,1,1430,321.63,1,3,2,2,2,76,0,1,0
98270,7,2026,804882,805000,1,2500,322,2,4,3,2,2,0,-118,1,0
99336,7,1953,312563,312439,1,1000,312.44,1,3,1,1,2,73,124,1,0
98595,7,1953,254893,255026,1,880,289.8,1,3,1,1,2,73,-133,1,0
99202,7,1923,569974,399914,1,790,506.22,1,2,1,1,2,103,43901,1.43,0.43
98683,0,2000,569974,189934,1,1320,143.89,1,2,2,2,2,26,43901,3,2
98296,8,2025,740061,739923,1,1880,393.58,2,4,4,1,2,1,138,1,0
98360,7,1973,569974,395061,1,1700,232.39,2,3,2,2,2,53,43901,1.44,0.44
98112,7,1909,1222787,1462187.5,1.03,2900,680.56,2,4,3,1,2,117,-33595,0.84,-0.16
98801,7,2025,699815,699976,1,1990,351.75,1,4,2,1,2,1,-161,1,0
98388,7,1989,569974,614943,1,2790,220.41,2,4,2,2,2,37,-33595,0.93,-0.07
98178,7,1947,1222787,1462187.5,0.96,3865,430.05,1,3,3,1,2,79,43901,0.84,-0.16
98589,4,2025,499848,505833,1.01,1600,316.15,1,4,2,2,2,1,-5985,0.99,-0.01
98546,7,1970,325093,309906,0.96,1830,169.35,1,2,1,1,2,56,15187,1.05,0.05
98032,8,1980,308067,308063,1,900,342.29,2,2,2,1,2,46,4,1,0
98404,7,1960,355053,330094,0.96,1020,323.62,1,3,1,1,2,66,24959,1.08,0.08
98620,7,2009,569974,563835,1,1860,303.14,2,4,2,2,2,17,6139,1.01,0.01
99352,7,2026,520394,520392,1,2210,235.47,2,5,3,3,2,0,2,1,0
98366,7,1980,465058,475088,1.02,1370,346.78,2,4,2,2,2,46,-10030,0.98,-0.02
98258,7,2026,1222787,1273348,0.98,3340,381.24,2,4,4,3,2,0,26543,0.96,-0.04
98274,4,1991,314939,300073,0.96,1740,172.46,1,3,2,1,2,35,14866,1.05,0.05
99301,7,2025,523918,524053,1,1970,266.02,1,4,2,2,2,1,-135,1,0
98107,7,1984,1222787,1462187.5,1.03,2590,650.61,2,4,4,1,2,42,-33595,0.84,-0.16
98375,3,1992,240056,235081,0.98,1810,324.3,2,3,2,2,2,34,4975,1.02,0.02
99336,7,1954,299850,249944,0.96,1710,146.17,1,4,2,1,2,72,43901,1.2,0.2
98146,8,2025,800030,790067,0.99,2500,316.03,2,5,4,1,2,1,9963,1.01,0.01
98640,7,1992,569974,141415,1,1810,324.3,2,3,0.5,2,2,34,43901,4.03,3.03
98387,7,1999,569974,479922,1,1660,289.11,2,4,2,2,2,27,43901,1.19,0.19
98144,8,2023,739051,739100,1,1060,680.56,2,2,2,1,2,3,-49,1,0
98661,8,2006,335067,335061,1,1450,231.08,3,3,2,2,2,20,6,1,0
98445,4,1990,120063,129911,1.03,1280,101.49,1,3,2,2,2,36,-9848,0.92,-0.08
98671,7,1993,569974,760071,1,2330,326.21,2,3,3,2,2,33,-33595,0.75,-0.25
98321,7,1980,675100,674939,1,1410,478.68,2,3,2,1,2,46,161,1,0
98312,4,2025,415084,415098,1,1510,274.9,1,3,2,1,2,1,-14,1,0
98103,7,1920,649904,599919,0.96,880,680.56,1,2,1,1,2,106,43901,1.08,0.08
98020,0,2005,975059,974923,1,1580,617.04,2,2,2,1,2,21,136,1,0
99223,7,2002,468060,452525,0.97,1240,364.94,1,2,2,2,2,24,15535,1.03,0.03
98290,7,1960,569974,500094,1,1530,326.86,1,3,1,1,2,66,43901,1.14,0.14
98034,0,1979,385065,365051,0.96,930,392.53,1,2,2,2,2,47,20014,1.05,0.05
98258,7,2008,580093,575055,0.99,1560,368.62,2,3,2,2,2,18,5038,1.01,0.01
98606,7,2020,1222787,1249941,0.96,3830,326.36,2,4,4,2,2,6,43901,0.98,-0.02
98155,0,2005,475060,474917,1,1160,409.41,1,2,2,1,2,21,143,1,0
99206,7,1956,374907,369945,0.99,1780,207.83,2,4,1,1,2,70,4962,1.01,0.01
99362,7,1910,155048,162090,1.03,610,265.72,1,1.5,1,1,2,116,-7042,0.96,-0.04
98597,7,1964,569974,511841,1,950,538.78,1,2,1,1,2,62,43901,1.11,0.11
98502,7,1972,569974,602859,1,1760,342.53,1,2,3,2,2,54,-32885,0.95,-0.05
98607,7,1997,858944,859090,1,3440,249.74,2,4,3,3,2,29,-146,1,0
98802,7,1992,569974,754906,1,1810,324.3,2,3,0.5,2,2,34,-33595,0.76,-0.24
98640,7,1992,569974,141564,1,1810,324.3,2,3,0.5,2,2,34,43901,4.03,3.03
99206,0,1974,199983,199847,1,1620,123.36,1,4,2,2,2,52,136,1,0
98292,7,1922,560021,545088,0.97,1960,278.11,1,2,2,1,2,104,14933,1.03,0.03
99352,7,2025,708810,698828,0.99,2330,299.93,1,4,3,1,2,1,9982,1.01,0.01
98611,4,2018,440093,414902,0.96,1890,219.52,1,3,2,2,2,8,25191,1.06,0.06
98682,7,1979,719830,719841,1,1960,367.27,1,3,3,3,2,47,-11,1,0
98391,7,2026,1222787,1450029,1,3770,384.62,1,4,4,2,2,0,-173,0.84,-0.16
99224,7,2010,587555,587556,1,2870,204.72,1,3,3,1,2,16,-1,1,0
98604,7,2021,1065055,1065074,1,2760,385.9,1,3,2,2,2,5,-19,1,0
98034,7,1979,1222787,1462187.5,0.97,3830,430.8,2,3,3,1,2,47,43901,0.84,-0.16
98642,7,2020,843921,844088,1,2860,295.14,2,5,3,3,2,6,-167,1,0
99109,7,1996,299072,309920,1.03,1090,284.33,1,2,1,1,2,30,-10848,0.96,-0.04
98607,0,2026,795107,794996,1,2120,375,3,4,3,3,2,0,111,1,0
98119,0,2002,350064,344925,0.99,700,492.75,1,1.5,1,1,2,24,5139,1.01,0.01
98372,7,1941,569974,326929,1,970,337.04,1,3,1,1,2,85,43901,1.74,0.74
98382,3,1992,229859,206916,0.96,1810,324.3,2,3,2,2,2,34,22943,1.11,0.11
98584,4,1976,569974,180075,1,720,250.1,1,2,1,1,2,50,43901,3.17,2.17
99022,7,2019,1222787,1280073,0.98,3865,268.92,2,5,4,3.5,2,7,19897,0.96,-0.04
98663,7,1943,569974,330092,1,1410,234.11,1,2,2,2,2,83,43901,1.73,0.73
99224,7,1993,550058,555076,1.01,2160,256.98,2,5,3,3,2,33,-5018,0.99,-0.01
98584,7,2023,1222787,1462187.5,0.96,2470,627.57,1,2,3,2,2,3,43901,0.84,-0.16
98513,7,2005,544828,544805,1,2050,265.76,2,4,3,2,2,21,23,1,0
99224,7,2022,749979,720093,0.96,2940,244.93,2,5,3,3,2,4,29886,1.04,0.04
98036,7,1965,569974,634902,1,1730,367,1,3,2,1,2,61,-33595,0.9,-0.1
98569,7,2025,429070,429085,1,1340,320.21,1,2,2,1,2,1,-15,1,0
99338,7,2009,557168,545078,0.98,2910,187.31,2,4,3,3,2,17,12090,1.02,0.02
98052,7,1980,1222787,1399923,1,2320,603.42,2,4,3,1,2,46,-14,0.87,-0.13
98387,7,2011,569974,485060,1,1710,283.66,2,3,2,2,2,15,43901,1.18,0.18
99217,7,1927,569974,171102,1,1040,164.52,1,2,1,1,2,99,43901,3.33,2.33
98275,7,1989,999921,999905,1,2510,398.37,2,4,3,1,2,37,16,1,0
98199,7,2005,1222787,1462187.5,1.01,3850,493.53,2,5,4,3,2,21,-25000,0.84,-0.16
98087,7,1978,569974,1300085,1,2420,537.23,2,3,3,2,2,48,-33595,0.44,-0.56
99223,7,1979,699937,704926,1.01,3865,162.43,2,5,3,3,2,47,-4989,0.99,-0.01
98409,7,2006,399866,400015,1,1300,307.7,2,3,2,1,2,20,-149,1,0
98199,7,2025,1222787,1462187.5,0.96,3865,668.63,2,5,4.5,3.5,2,1,43901,0.84,-0.16
99016,7,2012,779972,775087,0.99,3865,193.77,2,5,4,3,2,14,4885,1.01,0.01
99003,7,1991,700065,720094,1.03,3140,229.33,1,5,3,3,2,35,-20029,0.97,-0.03
99352,7,1978,569974,374921,1,2140,175.2,2,3,2,2,2,48,43901,1.52,0.52
99371,7,1992,569974,249924,1,1810,324.3,2,3,0.5,2,2,34,43901,2.28,1.28
98370,7,1992,569974,500363,1,1810,324.3,2,3,0.5,2,2,34,43901,1.14,0.14
99216,5,1996,675064,650053,0.96,3200,203.14,2,5.5,4,3.5,2,30,25011,1.04,0.04
98258,7,2008,799051,775086,0.97,2980,260.1,2,4,3,2,2,18,23965,1.03,0.03
98368,7,2025,439867,439889,1,1660,264.99,2,3,3,2,2,1,-22,1,0
98661,7,1966,690084,690054,1,2100,328.6,1,4,2,2,2,60,30,1,0
99206,7,2016,995057,935089,0.96,3865,214.96,2,5,4,2,2,10,43901,1.06,0.06
99016,7,2025,374939,385071,1.03,1020,377.52,2,2,2,2,2,1,-10132,0.97,-0.03
98901,7,1994,610055,593055,0.97,2220,267.14,1,2,4,3,2,32,17000,1.03,0.03
98506,7,2016,548930,548925,1,2580,212.76,2,3,3,2,2,10,5,1,0
98033,8,2025,1222787,1462187.5,1,2400,680.56,2,3,3,1,2,1,-129,0.84,-0.16
98055,0,2004,434915,434950,1,1170,371.75,1,2,2,1,2,22,-35,1,0
98037,7,1972,569974,719920,1,1910,376.92,2,3,3,2,2,54,-33595,0.79,-0.21
99349,3,1992,139910,120070,0.96,1810,324.3,2,3,2,2,2,34,19840,1.17,0.17
99223,7,1992,879406,854906,0.97,3865,208.51,2,4,4,3,2,34,24500,1.03,0.03
98023,7,2026,1098914,1099055,1,3420,321.36,2,5.5,4.5,2,2,0,-141,1,0
98126,7,1927,744902,875907,1.03,1900,461,2,3,2,1,2,99,-33595,0.85,-0.15
98198,0,1981,549097,548950,1,1170,469.19,1,2,2,1,2,45,147,1,0
98201,7,1925,649898,642088,0.99,1800,356.72,2,4,1,1,2,101,7810,1.01,0.01
98380,7,2000,740067,749911,1.01,2040,367.6,2,3,3,1,2,26,-9844,0.99,-0.01
98020,7,1973,1222787,1462187.5,0.97,3420,680.56,1,4,4,3,2,53,43901,0.84,-0.16
98116,0,1997,1222787,1294936,1,1740,680.56,1,2,2,1,2,29,-3,0.94,-0.06
98332,7,2003,984913,984943,1,2270,433.9,2,4,3,3,2,23,-30,1,0
98092,7,1927,897911,898067,1,1770,507.38,2,3,3,1,2,99,-156,1,0
98662,7,1995,488100,488084,1,1540,316.94,1,3,2,2,2,31,16,1,0
98121,0,2021,628934,619914,0.99,760,680.56,1,1.5,1,1,2,5,9020,1.01,0.01
98802,7,1972,615067,615059,1,3560,172.77,1,5,2,1,2,54,8,1,0
98466,7,1988,1222787,1462187.5,1.02,3470,462.62,2,4,3,2,2,38,-30249,0.84,-0.16
99166,7,1960,299964,291278,0.97,2400,121.37,1,3,2,2,2,66,8686,1.03,0.03
98040,0,1980,697936,679921,0.97,1330,511.22,2,2,2,2,2,46,18015,1.03,0.03
98642,7,2015,889973,889800,1,2450,363.18,1,4,3,3,2,11,173,1,0
98498,7,1990,540021,540038,1,1770,305.11,2,3,3,2,2,36,-17,1,0
98501,4,1990,399093,398922,1,1140,349.93,1,2,2,2,2,36,171,1,0
99006,7,2024,519989,529980,1.02,2430,218.1,2,4,3,3,2,2,-9991,0.98,-0.02
98367,7,2025,765037,764868,1,2280,335.47,1,3,3,2,2,1,169,1,0
98055,0,2000,569974,482073,1,1340,359.76,2,2,2,2,2,26,43901,1.18,0.18
98258,7,2020,775074,782834,1.01,2560,305.79,2,5,3,2,2,6,-7760,0.99,-0.01
98366,7,1976,520087,519941,1,1940,268.01,3,4,3,1,2,50,146,1,0
98036,7,2023,1222787,1462187.5,1,3865,554.32,2,5,4.5,3.5,2,3,-154,0.84,-0.16
98030,7,2014,850071,897093,1.03,2620,342.4,2,4,3,2,2,12,-33595,0.95,-0.05
98837,7,2004,699087,716072,1.02,3220,222.38,2,4,3,2,2,22,-16985,0.98,-0.02
98110,7,2019,1222787,1462187.5,1.03,3865,520.03,2,5,4.5,2,2,7,-33595,0.84,-0.16
98226,0,1990,599093,584925,0.98,1360,430.09,2,3,2,2,2,36,14168,1.02,0.02
98033,7,1973,1222787,1462187.5,1.01,2590,680.56,2,4,3,2,2,53,-20212,0.84,-0.16
98258,7,2022,1222787,1250058,1,3865,321.35,2,5,4,3,2,4,-128,0.98,-0.02
98011,7,2011,998069,998067,1,1790,557.58,2,3,3,2,2,15,2,1,0
98502,7,1990,624916,614919,0.98,2890,212.77,3,5,3,3,2,36,9997,1.02,0.02
98008,7,1961,1222787,1239915,0.99,2300,539.09,1,5,3,2,2,65,10014,0.99,-0.01
98312,7,1992,569974,1249093,1,1810,324.3,2,3,0.5,2,2,34,-33595,0.46,-0.54
98513,7,1978,749719,763055,1.02,2520,302.8,2,4,3,1,2,48,-13336,0.98,-0.02
98057,7,2005,1222787,1462187.5,1.03,3510,470.06,2,5,4,3,2,21,-33595,0.84,-0.16
98362,7,1951,448938,448918,1,2300,195.18,2,2,2,2,2,75,20,1,0
98248,7,2005,575076,575089,1,2020,284.7,2,4,3,3,2,21,-13,1,0
98404,7,1974,569595,569550,1,1460,390.1,3,3,2,1,2,52,45,1,0
98501,7,1950,464911,464950,1,1410,329.75,1,3,2,2,2,76,-39,1,0
98674,7,1999,998926,969931,0.97,3865,249.34,2,5,4,3,2,27,28995,1.03,0.03
98374,7,1991,625099,610078,0.98,1420,429.63,1,3,2,2,2,35,15021,1.02,0.02
98031,7,2025,829851,829900,1,2200,377.23,2,4,3,2,2,1,-49,1,0
98203,0,1979,319928,320058,1,950,336.9,1,2,2,2,2,47,-130,1,0
98237,7,2004,569974,100241,1,1810,324.3,2,3,0.5,2,2,22,43901,5.69,4.69
98404,7,1955,489932,490063,1,2030,241.41,1,4,4.5,2,2,71,-131,1,0
98257,7,2020,795094,725086,0.96,3865,177.28,2,4,4,2,2,6,43901,1.1,0.1
98203,7,1929,1222787,1462187.5,0.98,3800,486.83,2,4,3,1,2,97,43901,0.84,-0.16
98155,7,1978,984937,1094905,1.03,1900,576.27,3,3,3,1,2,48,-33595,0.9,-0.1
98503,7,1961,449833,444835,0.99,1720,258.62,1,3,2,1,2,65,4998,1.01,0.01
98513,7,2005,529092,523072,0.99,2090,250.27,2,3,3,2,2,21,6020,1.01,0.01
98366,7,1974,443765,420100,0.96,2390,175.77,1,3,3,2,2,52,23665,1.06,0.06
98312,7,1950,464909,459917,0.99,1630,282.16,2,2,1,1,2,76,4992,1.01,0.01
98014,7,1986,1222787,1224900,1,3590,341.2,1,3,3,1,2,40,46,1,0
98023,7,1964,679075,720051,1.03,2800,257.16,1,5,4,2,2,62,-33595,0.94,-0.06
98029,7,1987,1175070,1149914,0.98,1440,680.56,2,3,3,1,2,39,25156,1.02,0.02
98106,7,2019,899072,865053,0.96,2720,318.03,2,5,3,2,2,7,34019,1.04,0.04
98823,7,2025,448298,453321,1.01,2010,225.53,2,4,3,2,2,1,-5023,0.99,-0.01
98106,7,1944,630053,599934,0.96,1980,303,1,4,2,1,2,82,30119,1.05,0.05
98391,7,2009,780067,780089,1,2290,340.65,2,4,3,2,2,17,-22,1,0
98019,7,1998,1050073,1050056,1,2430,432.12,2,4,3,2,2,28,17,1,0
98059,7,2001,1222787,1462187.5,0.96,3865,425.55,2,4,4.5,3.5,2,25,43901,0.84,-0.16
98136,7,1919,600023,724926,1.03,1360,533.03,1,1.5,1,1,2,107,-33595,0.83,-0.17
99352,7,2025,634962,634076,1,2460,257.75,2,3,2,2,2,1,886,1,0
98367,7,2005,524937,525079,1,1760,298.34,2,3,3,2,2,21,-142,1,0
98226,0,2006,335081,335051,1,980,341.89,3,1.5,1,1,2,20,30,1,0
98908,7,2006,599927,594935,0.99,2520,236.09,1,3,3,2,2,20,4992,1.01,0.01
98901,7,1986,545595,544914,1,3510,155.25,2,5.5,4,2,2,40,681,1,0
98502,7,2006,849928,865099,1.02,3010,287.41,2,3,3,3,2,20,-15171,0.98,-0.02
98908,7,2018,899078,914900,1.02,3070,298.01,2,4,3,2,2,8,-15822,0.98,-0.02
98237,7,1983,399553,374923,0.96,1550,241.89,1,3,1,1,2,43,24630,1.07,0.07
99016,7,1920,414941,415063,1,1740,238.54,2,3,2,2,2,106,-122,1,0
98391,7,1980,750093,749926,1,1920,390.59,2,3,3,2,2,46,167,1,0
98077,7,1988,1222787,1462187.5,0.99,2750,538.16,2,4,4,2,2,38,19140,0.84,-0.16
98033,7,1960,1222787,1462187.5,0.96,3620,680.56,2,5,4.5,3,2,66,43901,0.84,-0.16
99301,7,1975,394920,381932,0.97,1430,267.09,1,3,2,1,2,51,12988,1.03,0.03
98006,7,1972,1222787,1462187.5,1.03,2380,638.62,2,4,3,1,2,54,-33595,0.84,-0.16
98027,7,1984,1199925,1250069,1.03,1360,680.56,1,3,2,1,2,42,-33595,0.96,-0.04
98012,7,2026,1222787,1270001,1,2550,498.04,2,5,3,2,2,0,16,0.96,-0.04
98166,7,1927,1222787,1462187.5,1.03,3865,293.2,2,4,4.5,2,2,99,-33595,0.84,-0.16
98012,7,1986,1222787,1281083,1.02,2370,540.54,2,4,3,2,2,40,-31012,0.95,-0.05
98503,7,2018,504928,504931,1,1940,260.27,2,3,3,1,2,8,-3,1,0
98528,7,2016,440009,440032,1,1570,280.28,2,3,3,2,2,10,-23,1,0
98029,7,2006,1222787,1462187.5,1,3420,548.27,2,4,3,2,2,20,-20,0.84,-0.16
98604,7,2025,588912,588903,1,2270,259.43,2,4,2,2,2,1,9,1,0
98408,7,1909,414937,420090,1.01,1030,407.85,2,3,1,1,2,117,-5153,0.99,-0.01
98391,7,2017,725094,714921,0.99,2930,244,2,4,3,2,2,9,10173,1.01,0.01
98203,7,1969,874869,885051,1.01,2910,304.14,2,5,3,1,2,57,-10182,0.99,-0.01
98042,0,1991,379089,389076,1.03,1150,338.33,1,3,2,1,2,35,-9987,0.97,-0.03
98003,7,1955,525053,525091,1,1260,416.74,1,4,1,1,2,71,-38,1,0
98443,7,1909,574911,574907,1,1310,438.86,2,2,1,2,2,117,4,1,0
98375,7,2002,596062,604911,1.01,2320,260.74,2,4,3,3,2,24,-8849,0.99,-0.01
98029,7,1988,1222787,1144900,0.96,1690,677.46,2,3,3,2,2,38,43901,1.07,0.07
98337,7,1920,454909,442424,0.97,1970,224.58,1,2,1,1,2,106,12485,1.03,0.03
98682,7,2016,550062,550055,1,2200,250.02,2,4,2,2,2,10,7,1,0
98632,7,1978,308463,308325,1,1060,290.87,1,3,1,1,2,48,138,1,0
98126,7,1986,1222787,1294934,1,2480,522.15,2,2,3,1,2,40,13,0.94,-0.06
98503,7,1959,465079,478408,1.03,1380,346.67,1,4,1,1,2,67,-13329,0.97,-0.03
98644,0,2005,415089,407589,0.98,1190,342.51,3,2,2,2,2,21,7500,1.02,0.02
98930,7,2025,352830,352829,1,1310,269.34,1,3,2,2,2,1,1,1,0
98686,7,2024,540058,540069,1,1610,335.45,2,3,2,2,2,2,-11,1,0
98375,7,2010,570016,570008,1,2370,240.51,2,4,3,2,2,16,8,1,0
99207,7,1946,220070,209948,0.96,1020,205.83,1,2,1,1,2,80,10122,1.05,0.05
98027,7,1979,1222787,1462187.5,1.03,2920,678.06,2,5,3,1,2,47,-33595,0.84,-0.16
98406,7,1970,524844,536062,1.02,1300,412.36,1,2,2,1,2,56,-11218,0.98,-0.02
98327,7,1913,465067,460063,0.99,1260,365.13,2,3,1,1,2,113,5004,1.01,0.01
98312,7,2021,547918,547900,1,2050,267.27,2,4,3,2,2,5,18,1,0
98501,7,1932,435062,424916,0.98,2100,202.34,1,2,2,1,2,94,10146,1.02,0.02
98198,7,1959,524905,562922,1.03,1920,293.19,1,3,2,1,2,67,-33595,0.93,-0.07
98008,7,1969,1222787,1462187.5,0.98,2310,636.39,1,4,3,2,2,57,29845,0.84,-0.16
99216,7,2022,420019,420042,1,1410,297.9,1,3,2,1,2,4,-23,1,0
98597,7,2008,490088,505082,1.03,2120,238.25,2,4,3,2,2,18,-14994,0.97,-0.03
98136,7,1931,1222787,1462187.5,1.03,2430,680.56,2,4,3,2,2,95,-33595,0.84,-0.16
98408,7,1909,399866,400023,1,1510,264.92,2,3,1,1,2,117,-157,1,0
98908,7,1945,569974,440078,1,1840,239.17,2,3,3,2,2,81,43901,1.3,0.3
98023,7,2019,864948,864908,1,2750,314.51,2,4,3,2,2,7,40,1,0
98092,0,1997,279932,288636,1.03,1360,212.23,2,3,3,2,2,29,-8704,0.97,-0.03
98387,7,2022,635056,645074,1.02,2600,248.11,2,5,4,2,2,4,-10018,0.98,-0.02
98373,7,1992,498936,501084,1,2010,249.3,3,3,3,2,2,34,-2148,1,0
98274,0,2006,420032,415097,0.99,1460,284.31,1,2,2,1,2,20,4935,1.01,0.01
98012,7,2026,1090075,1079934,0.99,1710,631.54,2,3,3,2,2,0,10141,1.01,0.01
98103,7,1987,1222787,1299905,0.96,1850,680.56,2,3,3,1,2,39,43901,0.94,-0.06
99206,7,2025,440045,440075,1,1800,244.49,1,4,2,2,2,1,-30,1,0
98103,7,1941,999939,1004941,1,1900,528.92,1,3,2,2,2,85,-5002,1,0
98037,7,1986,924927,914901,0.99,1920,476.51,3,3,3,2,2,40,10026,1.01,0.01
98391,7,1990,600089,584916,0.97,2030,288.14,2,4,3,1,2,36,15173,1.03,0.03
99337,7,1977,339932,335069,0.99,1470,227.94,1,3,2,2,2,49,4863,1.01,0.01
98532,7,1920,399064,398940,1,1730,230.6,2,4,2,1,2,106,124,1,0
98052,7,1973,1222787,1462187.5,1.03,3170,615.11,2,5,3,1,2,53,-33595,0.84,-0.16
98026,7,1964,1174947,1175091,1,2170,541.52,2,4,3,1,2,62,-144,1,0
98512,7,2014,515061,505052,0.98,1860,271.53,2,4,3,2,2,12,10009,1.02,0.02
98028,7,1955,825051,850082,1.03,1280,664.13,1,3,2,2,2,71,-25031,0.97,-0.03
98229,0,1992,569974,1462187.5,1,1810,324.3,2,3,0.5,2,2,34,-33595,0.39,-0.61
98321,7,1971,690072,699935,1.01,1610,434.74,1,3,2,2,2,55,-9863,0.99,-0.01
98198,0,1994,799920,774578,0.97,1610,481.1,1,2,2,1,2,32,25342,1.03,0.03
98229,0,1992,569974,1462187.5,1,1810,324.3,2,3,0.5,2,2,34,-33595,0.39,-0.61
98848,7,1969,409930,410076,1,2760,148.58,2,4,3,1,2,57,-146,1,0
98837,7,2005,369906,364929,0.99,2220,164.38,2,4,3,3,2,21,4977,1.01,0.01
98338,7,2001,584904,536921,0.96,1230,436.52,2,3,1,1,2,25,43901,1.09,0.09
98360,7,2002,480055,479910,1,1450,330.97,1,3,2,2,2,24,145,1,0
98374,7,1996,799854,779943,0.98,2440,319.65,2,3,3,2,2,30,19911,1.03,0.03
98033,7,1976,1199940,1049910,0.96,1680,624.95,2,3,3,1,2,50,43901,1.14,0.14
98626,7,1927,325062,324939,1,1300,249.95,2,3,2,2,2,99,123,1,0
99016,7,2019,599923,604949,1.01,2150,281.37,1,3,2,2,2,7,-5026,0.99,-0.01
99005,7,1988,674949,659928,0.98,2140,308.38,1,3,3,3,2,38,15021,1.02,0.02
98661,7,1942,569974,1462187.5,1,3865,358.41,2,4,4,3.5,2,84,-33595,0.39,-0.61
98404,7,2023,624941,599941,0.96,2650,226.39,2,5,3,3,2,3,25000,1.04,0.04
98467,7,1964,649926,639929,0.98,1800,355.52,2,3,2,1,2,62,9997,1.02,0.02
99352,7,1949,340091,339906,1,1480,229.67,1,4,2,1,2,77,185,1,0
99016,7,1978,399997,410079,1.03,2270,180.65,2,4,2,2,2,48,-10082,0.98,-0.02
98005,0,1979,749060,748913,1,1560,480.07,2,2,2,1,2,47,147,1,0
98642,7,2020,575077,575057,1,1560,368.63,1,3,2,2,2,6,20,1,0
98038,7,2012,665074,665053,1,1880,353.75,2,3,3,2,2,14,21,1,0
98284,7,2024,569974,671847,1,2480,270.91,1,3,0.5,2,2,2,-33595,0.85,-0.15
98103,0,1988,269082,259089,0.96,340,680.56,1,1.5,1,1,2,38,9993,1.04,0.04
98115,7,1947,894900,886905,0.99,1990,445.68,2,3,1,1,2,79,7995,1.01,0.01
98146,7,1909,472930,459945,0.97,650,680.56,1,1.5,1,1,2,117,12985,1.03,0.03
98579,7,1970,400003,411926,1.03,1650,249.65,1,3,2,2,2,56,-11923,0.97,-0.03
98629,7,2023,479904,479930,1,1760,272.69,2,4,3,2,2,3,-26,1,0
98367,7,1976,490094,474913,0.97,1930,246.07,2,3,2,1,2,50,15181,1.03,0.03
98374,7,2025,599924,599930,1,2220,270.24,2,3,3,2,2,1,-6,1,0
98672,7,1955,422075,421926,1,880,479.46,1,2,1,1,2,71,149,1,0
98110,7,1989,1222787,1462187.5,1,3620,438.7,2,4,3,1,2,37,-186,0.84,-0.16
98258,7,2025,1125065,1125063,1,3340,336.85,2,4,4,2,2,1,2,1,0
98802,7,2004,668474,673911,1.01,2090,322.45,2,4,3,2,2,22,-5437,0.99,-0.01
98166,7,1971,600097,600081,1,1280,468.81,1,3,2,1,2,55,16,1,0
98133,7,1940,815092,872420,1.03,1780,490.12,1,3,2,2,2,86,-33595,0.93,-0.07
98338,7,1989,649075,650063,1,1960,331.66,1,3,2,2,2,37,-988,1,0
98126,0,2025,714892,690075,0.97,1080,638.96,2,2,3,1,2,1,24817,1.04,0.04
99301,7,1962,510071,490062,0.96,1330,368.47,1,3,2,2,2,64,20009,1.04,0.04
98004,0,1977,569866,520097,0.96,1050,495.33,2,3,2,1,2,49,43901,1.1,0.1
98403,7,1923,1130013,1126100,1,3650,308.52,2,4,3,2,2,103,3913,1,0
98499,7,1958,449923,455924,1.01,1300,350.71,1,4,2,1,2,68,-6001,0.99,-0.01
99161,7,2015,363917,345094,0.96,1290,267.51,1,3,2,2,2,11,18823,1.05,0.05
98155,7,1952,874946,875086,1,1880,465.47,2,2,2,2,2,74,-140,1,0
98052,7,1978,1222787,1462187.5,1.03,2080,680.56,3,4,3,1,2,48,-33595,0.84,-0.16
98105,0,2000,620087,609947,0.98,1080,564.77,1,2,2,1,2,26,10140,1.02,0.02
99201,7,1909,219060,214944,0.98,1030,208.68,2,3,2,1,2,117,4116,1.02,0.02
98550,7,1909,170077,158553,0.96,1390,114.07,2,3,1,1,2,117,11524,1.07,0.07
98530,7,1909,329914,304949,0.96,1450,210.31,2,3,1,1,2,117,24965,1.08,0.08
99206,7,2025,429952,410092,0.96,1500,273.39,1,3,2,2,2,1,19860,1.05,0.05
98058,7,1944,451918,414942,0.96,900,461.05,1,3,1,1,2,82,36976,1.09,0.09
99009,7,2013,569974,734950,1,3620,203.02,2,3,3,3,2,13,-33595,0.78,-0.22
99362,0,1960,298070,294903,0.99,1030,286.31,1,3,1,1,2,66,3167,1.01,0.01
98346,7,1981,445083,445064,1,1010,440.66,1,3,1,1,2,45,19,1,0
98513,0,1980,69950,65091,0.96,1810,324.3,1,1.5,2,2,2,46,4859,1.07,0.07
98387,7,2003,454950,444902,0.98,1370,324.75,1,3,2,2,2,23,10048,1.02,0.02
98101,0,2020,458928,449924,0.98,580,680.56,2,1.5,1,1,2,6,9004,1.02,0.02
98110,0,1978,569974,540138,1,1050,514.42,1,2,2,2,2,48,29836,1.06,0.06
98424,7,2006,619950,619901,1,2120,292.41,2,3,3,1,2,20,49,1,0
99320,7,1920,569974,272057,1,1340,203.03,1,3,1,1,2,106,43901,2.1,1.1
98019,7,2025,899942,899938,1,1990,452.23,2,4,3,1,2,1,4,1,0
98418,7,1947,449925,475068,1.03,1270,374.07,2,3,2,1,2,79,-25143,0.95,-0.05
98223,7,2006,1039929,999922,0.96,2500,399.97,1,4,4,2,2,20,40007,1.04,0.04
99338,7,2016,485072,479910,0.99,1990,241.16,1,3,2,2,2,10,5162,1.01,0.01
98229,0,1992,569974,1462187.5,1,1810,324.3,2,3,0.5,2,2,34,-33595,0.39,-0.61
98802,7,1960,475088,479941,1.01,3200,149.98,1,4,3,2,2,66,-4853,0.99,-0.01
98409,7,1920,434936,447935,1.03,1310,341.94,1,3,2,1,2,106,-12999,0.97,-0.03
98292,7,1993,524911,523063,1,1230,425.25,1,3,2,2,2,33,1848,1,0
98673,7,1950,100083,100097,1,2220,45.09,2,3,1,1,2,76,-14,1,0
98837,7,1953,295078,285070,0.97,1540,185.11,1,3,2,1,2,73,10008,1.04,0.04
98375,7,1999,576015,580094,1.01,2010,288.6,1,3,2,2,2,27,-4079,0.99,-0.01
98908,7,2010,569974,367448,1,1430,256.96,1,3,2,2,2,16,43901,1.55,0.55
98513,7,1986,894900,889445,0.99,3800,234.06,2,4,4.5,1,2,40,5455,1.01,0.01
98155,0,1983,312097,311910,1,900,346.57,1,2,1,1,2,43,187,1,0
99224,7,2012,364904,360062,0.99,1130,318.64,1,3,2,2,2,14,4842,1.01,0.01
98597,7,1990,569974,359946,1,1490,241.57,1,3,3,2,2,36,43901,1.58,0.58
99362,7,1925,410079,401580,0.98,2670,150.4,1,5,2,1,2,101,8499,1.02,0.02
98801,7,2025,829970,829057,1,2350,352.79,2,5,3,2,2,1,913,1,0
98597,7,1992,569974,506678,1,2290,221.26,1,3,3,2,2,34,43901,1.12,0.12
98274,7,1947,459098,459070,1,1480,310.18,1,3,1,1,2,79,28,1,0
99403,7,1955,245094,235078,0.96,1010,232.75,2,4,1,1,2,71,10016,1.04,0.04
98942,7,1997,569974,379336,1,1220,310.93,1,3,3,2,2,29,43901,1.5,0.5
98198,7,1962,600016,599871,1,1340,447.66,1,3,2,1,2,64,145,1,0
98837,7,2025,477586,462051,0.97,1500,308.03,1,3,2,2,2,1,15535,1.03,0.03
98349,7,1980,219088,159936,0.96,960,166.6,2,1.5,1,2,2,46,43901,1.37,0.37
98374,7,2025,825057,789933,0.96,3290,240.1,2,5,4.5,3,2,1,35124,1.04,0.04
98201,0,1979,244944,231936,0.96,860,269.69,1,1.5,1,1,2,47,13008,1.06,0.06
98520,7,2024,344944,350078,1.01,1370,255.53,1,3,2,1,2,2,-5134,0.99,-0.01
98801,7,2023,924984,924961,1,3260,283.73,2,3,3,2,2,3,23,1,0
99218,7,1971,447073,437082,0.98,1950,224.14,1,4,3,3,2,55,9991,1.02,0.02
98021,7,1976,1179925,1100097,0.96,2020,544.6,1,3,2,2,2,50,43901,1.07,0.07
98059,7,2005,1222787,1300083,1,2900,448.3,2,5,3,2,2,21,8,0.94,-0.06
98642,7,2025,964950,964931,1,3030,318.46,2,4,2,2,2,1,19,1,0
98251,4,1989,353088,362928,1.03,1050,345.65,1,2,1,1,2,37,-9840,0.97,-0.03
98626,3,1992,170063,170079,1,1810,324.3,2,3,2,2,2,34,-16,1,0
99353,8,2025,414947,414936,1,1900,218.39,2,4,3,1,2,1,11,1,0
98584,3,1992,84902,77935,0.96,1810,324.3,2,3,2,2,2,34,6967,1.09,0.09
98001,7,1961,499875,509949,1.02,900,566.61,1,3,1,1,2,65,-10074,0.98,-0.02
98107,8,2025,1135066,1124915,0.99,2060,546.08,2,3,3,3,2,1,10151,1.01,0.01
98503,4,1989,140061,123483,0.96,1320,93.55,1,2,2,2,2,37,16578,1.13,0.13
98168,8,2025,548941,560879,1.02,1250,448.7,2,2,3,1,2,1,-11938,0.98,-0.02
98686,0,2004,284900,285081,1,920,309.87,1,2,1,1,2,22,-181,1,0
98686,8,2006,519941,520053,1,1540,337.7,1,3,2,2,2,20,-112,1,0
98072,8,2025,1089072,1088918,1,1840,591.8,2,3,4,2,2,1,154,1,0
98266,7,1992,569974,199913,1,1810,324.3,2,3,0.5,2,2,34,43901,2.85,1.85
99021,7,2002,529816,520050,0.98,3100,167.76,2,4,4,3,2,24,9766,1.02,0.02
98026,7,1953,898092,987087,1.03,1420,680.56,1,3,2,1,2,73,-33595,0.91,-0.09
98229,0,1992,569974,1462187.5,1,1810,324.3,2,3,0.5,2,2,34,-33595,0.39,-0.61
98597,4,2025,400038,412063,1.03,1180,349.21,1,3,2,2,2,1,-12025,0.97,-0.03
98221,0,1980,358922,324915,0.96,930,349.37,1,2,1,1,2,46,34007,1.1,0.1
98294,7,2026,590062,587058,0.99,1910,307.36,2,4,3,2,2,0,3004,1.01,0.01
98229,0,1992,569974,1462187.5,1,1810,324.3,2,3,0.5,2,2,34,-33595,0.39,-0.61
99344,7,2013,329940,320098,0.97,1260,254.05,1,3,2,2,2,13,9842,1.03,0.03
98229,0,1992,569974,1462187.5,1,1810,324.3,2,3,0.5,2,2,34,-33595,0.39,-0.61
98577,7,1930,114948,84945,0.96,750,113.26,1,2,1,1,2,96,30003,1.35,0.35
98370,7,2025,654144,669006,1.02,2350,284.68,2,3,3,2,2,1,-14862,0.98,-0.02
99139,7,1992,40073,38059,0.96,660,57.67,1,1.5,1,1,2,34,2014,1.05,0.05
98056,7,1964,569974,920079,1,2840,323.97,1,5,3,2,2,62,-33595,0.62,-0.38
98043,7,1953,559909,564929,1.01,700,680.56,1,2,1,1,2,73,-5020,0.99,-0.01
98022,7,1995,874901,830088,0.96,3865,208.04,2,3,3,2,2,31,43901,1.05,0.05
98005,7,1967,1222787,1462187.5,1.03,1900,680.56,1,3,3,2,2,59,-33595,0.84,-0.16
98444,7,1960,374946,406940,1.03,1160,350.81,1,4,1,1,2,66,-31994,0.92,-0.08
98229,0,1992,569974,1462187.5,1,1810,324.3,2,3,0.5,2,2,34,-33595,0.39,-0.61
98229,0,1992,569974,1462187.5,1,1810,324.3,2,3,0.5,2,2,34,-33595,0.39,-0.61
98367,7,2025,625070,627042,1,1950,321.56,1,3,2,2,2,1,-1972,1,0
98922,7,2025,1087573,1087435,1,1500,680.56,2,2,3,2,2,1,138,1,0
98229,0,1992,569974,1462187.5,1,1810,324.3,2,3,0.5,2,2,34,-33595,0.39,-0.61
98229,0,1992,569974,1462187.5,1,1810,324.3,2,3,0.5,2,2,34,-33595,0.39,-0.61
98237,7,1970,569974,155603,1,770,202.08,1,2,1,1,2,56,43901,3.66,2.66
98374,7,2025,569974,789903,1,3340,236.5,2,5,3,3,2,1,-33595,0.72,-0.28
98229,0,1992,569974,1462187.5,1,1810,324.3,2,3,0.5,2,2,34,-33595,0.39,-0.61
98229,0,1992,569974,1462187.5,1,1810,324.3,2,3,0.5,2,2,34,-33595,0.39,-0.61
98092,7,2025,569974,720038,1,1960,367.37,2,3,3,2,2,1,-33595,0.79,-0.21
98118,7,1909,969906,975073,1.01,3020,322.87,2,4,2,1,2,117,-5167,0.99,-0.01
98229,0,1992,569974,1462187.5,1,1810,324.3,2,3,0.5,2,2,34,-33595,0.39,-0.61
98922,7,2002,569974,1225065,1,2720,450.39,2,3,3,3,2,24,-33595,0.47,-0.53
98501,7,1981,569974,550059,1,2520,218.28,2,4,4,2,2,45,19915,1.04,0.04
98105,7,2006,569974,1462187.5,1,3865,324.3,2,4,4.5,3,2,20,-33595,0.39,-0.61
98229,0,1992,569974,1462187.5,1,1810,324.3,2,3,0.5,2,2,34,-33595,0.39,-0.61
98229,0,1992,569974,1462187.5,1,1810,324.3,2,3,0.5,2,2,34,-33595,0.39,-0.61
98033,7,1988,1222787,1462187.5,0.96,2150,680.56,2,4,3,2,2,38,43901,0.84,-0.16
98229,7,1992,569974,350410,1,1810,324.3,2,3,0.5,2,2,34,43901,1.63,0.63
98502,7,1990,569974,614933,1,2840,216.53,1,5,4,2,2,36,-33595,0.93,-0.07
98229,0,1992,569974,1462187.5,1,1810,324.3,2,3,0.5,2,2,34,-33595,0.39,-0.61
99362,7,1992,569974,401586,1,1810,324.3,1,3,0.5,2,2,34,43901,1.42,0.42
98229,0,1992,569974,1462187.5,1,1810,324.3,2,3,0.5,2,2,34,-33595,0.39,-0.61
98229,0,1992,569974,1462187.5,1,1810,324.3,2,3,0.5,2,2,34,-33595,0.39,-0.61
98074,7,1978,1222787,1175098,0.96,2520,466.31,1,5,3,2,2,48,43901,1.04,0.04
98229,0,1992,569974,1462187.5,1,1810,324.3,2,3,0.5,2,2,34,-33595,0.39,-0.61
98105,7,1992,569974,929062,1,1810,324.3,2,3,0.5,2,2,34,-33595,0.61,-0.39
98229,0,1992,569974,1462187.5,1,1810,324.3,2,3,0.5,2,2,34,-33595,0.39,-0.61
98033,7,1933,569974,1462187.5,1,1860,680.56,2,3,3,2,2,93,-33595,0.39,-0.61
98229,0,1992,569974,1462187.5,1,1810,324.3,2,3,0.5,2,2,34,-33595,0.39,-0.61
98391,7,1979,664969,664944,1,2120,313.65,1,4,3,1,2,47,25,1,0
98229,0,1992,569974,1462187.5,1,1810,324.3,2,3,0.5,2,2,34,-33595,0.39,-0.61
98607,7,2025,1222787,1462187.5,1,2500,606.57,1,3,2,2,2,1,11,0.84,-0.16
98953,7,1920,240070,245091,1.02,960,255.3,1,3,1,1,2,106,-5021,0.98,-0.02
98642,7,1997,999935,1000050,1,3200,312.52,2,4,3,3,2,29,-115,1,0
98229,0,1992,569974,1462187.5,1,1810,324.3,2,3,0.5,2,2,34,-33595,0.39,-0.61
98229,0,1992,569974,1462187.5,1,1810,324.3,2,3,0.5,2,2,34,-33595,0.39,-0.61
98115,0,1972,569974,610096,1,1080,564.9,3.5,3,0.5,2,2,54,-33595,0.93,-0.07
99109,7,1996,569974,309916,1,1090,284.33,2,2,1,1,2,30,43901,1.84,0.84
98105,7,2004,1222787,1462187.5,1,3540,680.56,2,5,4,2,2,22,-157,0.84,-0.16
98229,0,1992,569974,1462187.5,1,1810,324.3,2,3,0.5,2,2,34,-33595,0.39,-0.61
98118,7,1951,569974,640052,1,1470,435.41,1,3,3,2,2,75,-33595,0.89,-0.11
98604,7,2025,569974,588910,1,2260,260.58,2,3,3,2,2,1,-18936,0.97,-0.03
98006,7,1960,569974,1462187.5,1,1690,680.56,1,3,3,2,2,66,-33595,0.39,-0.61
98229,0,1992,569974,1462187.5,1,1810,324.3,2,3,0.5,2,2,34,-33595,0.39,-0.61
98229,0,1992,569974,1462187.5,1,1810,324.3,2,3,0.5,2,2,34,-33595,0.39,-0.61
98229,0,1992,569974,1462187.5,1,1810,324.3,2,3,0.5,2,2,34,-33595,0.39,-0.61
98229,7,1972,569974,425374,1,780,545.35,1,2,1,1,2,54,43901,1.34,0.34
98229,0,1992,569974,1462187.5,1,1810,324.3,2,3,0.5,2,2,34,-33595,0.39,-0.61
98277,7,1978,569974,350392,1,1680,208.57,1,3,2,2,2,48,43901,1.63,0.63
98233,7,1968,489884,515086,1.03,1060,485.93,1,3,2,1,2,58,-25202,0.95,-0.05
98531,7,2003,569974,374905,1,1380,271.67,1,3,2,2,2,23,43901,1.52,0.52
98229,0,1992,569974,1462187.5,1,1810,324.3,2,3,0.5,2,2,34,-33595,0.39,-0.61
98229,0,1992,569974,1462187.5,1,1810,324.3,2,3,0.5,2,2,34,-33595,0.39,-0.61
98229,7,1998,569974,350367,1,1540,227.51,2,3,3,2,2,28,43901,1.63,0.63
98229,0,1992,569974,1462187.5,1,1810,324.3,2,3,0.5,2,2,34,-33595,0.39,-0.61
98229,0,1992,569974,1462187.5,1,1810,324.3,2,3,0.5,2,2,34,-33595,0.39,-0.61
98229,0,1992,569974,1462187.5,1,1810,324.3,2,3,0.5,2,2,34,-33595,0.39,-0.61
98367,7,1991,569974,732556,1,1800,406.98,2,3,2,2,2,35,-33595,0.78,-0.22
98003,0,1979,569974,226875,1,600,378.12,1,1.5,1,1,2,47,43901,2.51,1.51
98229,0,1992,569974,1462187.5,1,1810,324.3,2,3,0.5,2,2,34,-33595,0.39,-0.61
98074,7,1978,569974,519431,1,2880,180.36,2,4,4.5,3,2,48,43901,1.1,0.1
98229,0,1992,569974,1462187.5,1,1810,324.3,2,3,0.5,2,2,34,-33595,0.39,-0.61
98229,0,1992,569974,1462187.5,1,1810,324.3,2,3,0.5,2,2,34,-33595,0.39,-0.61
98229,0,1992,569974,1462187.5,1,1810,324.3,2,3,0.5,2,2,34,-33595,0.39,-0.61
98029,0,1992,569974,1250065,1,2190,570.81,2,4,4.5,3,2,34,-33595,0.46,-0.54
99362,7,1955,569974,525066,1,1180,444.97,1,2,2,2,2,71,43901,1.09,0.09
98229,0,1992,569974,1462187.5,1,1810,324.3,2,3,0.5,2,2,34,-33595,0.39,-0.61
98006,7,1969,569974,1050070,1,2610,402.33,2,4,4.5,2,2,57,-33595,0.54,-0.46
98296,7,1980,569974,879923,1,2240,392.82,2,3,2,2,2,46,-33595,0.65,-0.35
98626,7,1960,569974,300063,1,1750,171.46,1,3,1,1,2,66,43901,1.9,0.9
98229,0,1992,569974,1462187.5,1,1810,324.3,2,3,0.5,2,2,34,-33595,0.39,-0.61
98229,0,1992,569974,1462187.5,1,1810,324.3,0,3,2,2,2,34,-33595,0.39,-0.61
98270,7,1938,569974,435085,1,1280,339.91,2,3,1,1,2,88,43901,1.31,0.31
98221,7,1955,569974,405223,1,1440,281.4,1,3,3,2,2,71,43901,1.41,0.41
98903,7,2006,569974,437599,1,2500,175.04,1,3,2,2,2,20,43901,1.3,0.3
98229,0,1992,569974,1462187.5,1,1810,324.3,2,3,0.5,2,2,34,-33595,0.39,-0.61
98201,7,1930,569974,484905,1,870,557.36,1,2,1,1,2,96,43901,1.18,0.18
98229,0,1992,569974,1462187.5,1,1810,324.3,2,3,0.5,2,2,34,-33595,0.39,-0.61
98229,0,1992,569974,1462187.5,1,1810,324.3,2,3,0.5,2,2,34,-33595,0.39,-0.61
98391,7,2025,690549,690558,1,1860,371.27,1,4,2,2,2,1,-9,1,0
98498,7,1917,569974,1399919,1,2160,648.11,1,3,1,1,2,109,-33595,0.41,-0.59
99301,7,1940,569974,119938,1,1300,92.26,1,2,1,1,2,86,43901,4.75,3.75
98229,0,1992,569974,1462187.5,1,1810,324.3,2,3,0.5,2,2,34,-33595,0.39,-0.61
98684,7,2025,525080,524943,1,1930,271.99,2,4,2,2,2,1,137,1,0
98229,0,1992,569974,1462187.5,1,1810,324.3,2,3,0.5,2,2,34,-33595,0.39,-0.61
98276,4,2007,375051,364425,0.97,1510,241.34,1,4,2,1,2,19,10626,1.03,0.03
98117,8,2025,649078,612060,0.96,1140,536.89,2,2,2,1,2,1,37018,1.06,0.06
98837,3,1992,195064,170067,0.96,1810,324.3,2,3,2,2,2,34,24997,1.15,0.15
99403,7,2005,569974,450056,1,2220,202.73,2,3,0.5,2,2,21,43901,1.27,0.27
98223,8,1997,479425,479411,1,1370,349.94,2,3,3,2,2,29,14,1,0
98498,7,1954,569974,299902,1,1090,275.14,1,3,2,2,2,72,43901,1.9,0.9
98671,8,2017,499904,485055,0.97,1750,277.17,2,3,3,2,2,9,14849,1.03,0.03
98248,7,1999,827436,811438,0.98,2840,285.72,2,3,3,2,2,27,15998,1.02,0.02
98229,0,1992,569974,1462187.5,1,1810,324.3,2,3,0.5,2,2,34,-33595,0.39,-0.61
98277,4,1990,60097,57906,0.96,1340,43.21,1,3,2,1,2,36,2191,1.04,0.04
98273,4,1979,64911,52089,0.96,1440,36.17,1,2,2,1,2,47,12822,1.25,0.25
99337,7,1930,569974,101164,1,1810,324.3,1,4,1,1,2,96,43901,5.63,4.63
98502,7,1979,569974,639907,1,2370,270,1,5,4,2,2,47,-33595,0.89,-0.11
98626,7,1946,251096,251069,1,920,272.9,1,2,1,1,2,80,27,1,0
98122,7,1914,1000055,949905,0.96,2970,319.83,2,3,1,1,2,112,43901,1.05,0.05
99337,7,2005,250080,556405,1.03,3240,171.73,2,4,4,3.5,2,21,-33595,0.45,-0.55
98908,7,2008,699936,689939,0.99,2560,269.51,1,3,3,2,2,18,9997,1.01,0.01
99019,7,2025,369880,389897,1.03,1420,274.58,2,2,2,2,2,1,-20017,0.95,-0.05
99403,7,2019,440062,443424,1.01,1710,259.31,1,2,2,2,2,7,-3362,0.99,-0.01
98382,7,1978,525060,499912,0.96,1830,273.18,2,3,2,2,2,48,25148,1.05,0.05
99217,7,2018,698928,694907,0.99,3520,197.42,1,5,3,3,2,8,4021,1.01,0.01
98133,8,2021,499996,497843,1,1250,398.27,2,2,2,1,2,5,2153,1,0
98382,3,1992,174928,158947,0.96,1810,324.3,2,3,0.5,2,2,34,15981,1.1,0.1
99208,7,2025,583377,583386,1,2550,228.78,2,3,3,3,2,1,-9,1,0
99223,7,1995,525062,517564,0.99,3180,162.76,2,2,3,3,2,31,7498,1.01,0.01
98860,3,1992,37976,34051,0.96,1810,324.3,2,3,2,2,2,34,3925,1.12,0.12
99019,7,2025,449865,435062,0.97,1950,223.11,2,4,3,2,2,1,14803,1.03,0.03
98601,7,1961,599938,599913,1,2020,296.99,3,3,2,2,2,65,25,1,0
99320,7,1978,579079,595094,1.03,2540,234.29,1,3,2,2,2,48,-16015,0.97,-0.03
99223,7,1994,474914,462554,0.97,3150,146.84,2,3,2,2,2,32,12360,1.03,0.03
98640,7,1964,385076,389927,1.01,1420,274.6,2,2,2,2,2,62,-4851,0.99,-0.01
99206,7,2013,730064,729940,1,3865,174.63,2,5,3,2,2,13,124,1,0
99350,7,1995,510078,455084,0.96,3260,139.6,1,5,3,3,2,31,43901,1.12,0.12
99206,7,1937,315090,324089,1.03,900,360.1,2,2,1,1,2,89,-8999,0.97,-0.03
99202,7,1978,425061,422099,0.99,2320,181.94,2,4,2,2,2,48,2962,1.01,0.01
98626,7,1969,440921,441068,1,1440,306.3,1,3,1,1,2,57,-147,1,0
98664,7,1964,713584,713565,1,2530,282.04,2,4,3,3,2,62,19,1,0
99006,7,1956,428934,428935,1,3200,134.04,2,5,2,1,2,70,-1,1,0
99205,7,1954,318931,308912,0.97,1780,173.55,1,5,2,2,2,72,10019,1.03,0.03
98499,7,1954,549995,519072,0.96,1170,443.65,1,3,2,1,2,72,30923,1.06,0.06
98665,7,2022,589068,589051,1,1900,310.03,2,3,2,2,2,4,17,1,0
98908,7,1989,849820,819902,0.96,3865,173.34,2,5,4.5,3.5,2,37,29918,1.04,0.04
98935,3,1992,89843,89845,1,1810,324.3,2,3,0.5,2,2,34,-2,1,0
99205,7,1912,349997,330097,0.96,2150,153.53,2,4,2,2,2,114,19900,1.06,0.06
99324,4,1991,132080,126058,0.96,1150,109.62,1,3,2,2,2,35,6022,1.05,0.05
98272,8,1998,444912,435077,0.98,1110,391.96,2,3,3,2,2,28,9835,1.02,0.02
98662,8,2006,387920,387935,1,1460,265.71,2,3,2,2,2,20,-15,1,0
98374,7,1999,514932,514915,1,1700,302.89,2,3,3,2,2,27,17,1,0
98144,8,2025,488967,488830,1,1120,436.46,2,3,2,1,2,1,137,1,0
99019,7,2026,459865,445882,0.97,1950,228.66,2,4,3,2,2,0,13983,1.03,0.03
98059,4,1980,190043,185574,0.98,1340,138.49,1,2,2,1,2,46,4469,1.02,0.02
98682,7,1999,519056,518901,1,1560,332.63,1,3,2,2,2,27,155,1,0
98816,0,1992,569974,650062,1,1290,503.92,2,3,0.5,2,2,34,-33595,0.88,-0.12
99037,7,2025,415642,416611,1,1670,249.47,1,3,2,3,2,1,-969,1,0
98115,7,1927,859945,840053,0.98,1420,591.59,1,2,2,2,2,99,19892,1.02,0.02
98620,7,2003,239945,240087,1,580,413.94,2,2,1,1,2,23,-142,1,0
99205,7,1943,330085,340084,1.03,1600,212.55,1,4,2,2,2,83,-9999,0.97,-0.03
98382,0,1977,448092,432419,0.96,1540,280.79,2,2,2,2,2,49,15673,1.04,0.04
99205,7,1921,265070,277051,1.03,2610,106.15,2,3,1,1,2,105,-11981,0.96,-0.04
98671,7,2004,1222787,1462187.5,1,3865,312.75,2,4,3,3,2,22,172,0.84,-0.16
98292,7,1951,569974,1462187.5,1,810,324.3,1,1.5,1,1,2,75,-33595,0.39,-0.61
99141,7,1963,648934,648902,1,3865,164.7,2,4,3,3,2,63,32,1,0
98801,7,2004,569974,829997,1,3440,241.28,2,3,2,2,2,22,-33595,0.69,-0.31
99021,7,1998,1222787,1225063,0.96,3865,246.49,2,5,4.5,3.5,2,28,43901,1,0
99354,7,1971,495864,495886,1,2830,175.22,1,4,3,1,2,55,-22,1,0
99114,7,1979,698926,630070,0.96,3865,137.87,1,4,3,3,2,47,43901,1.11,0.11
98512,4,1986,94928,84920,0.96,1140,74.49,1,3,2,2,2,40,10008,1.12,0.12
98144,8,2015,699724,673934,0.96,1560,432.01,2,3,2,1,2,11,25790,1.04,0.04
98362,7,2001,724963,729983,1.01,1950,374.35,2,3,2,2,2,25,-5020,0.99,-0.01
98632,3,1992,164916,139902,0.96,1810,324.3,2,3,2,2,2,34,25014,1.18,0.18
98601,7,1999,749915,750083,1,3340,224.58,3,5,3,3,2,27,-168,1,0
98908,4,1993,62560,55096,0.96,920,59.89,2,2,2,2,2,33,7464,1.14,0.14
98675,6,1992,569974,93028,1,1810,324.3,2,3,0.5,2,2,34,43901,6.13,5.13
98812,4,1986,250052,199944,0.96,1150,173.86,1,2,2,2,2,40,43901,1.25,0.25
99338,7,2020,443961,443099,1,1620,273.52,1,3,2,2,2,6,862,1,0
98370,7,2025,938100,900091,0.96,2530,355.77,2,5,3,1,2,1,38009,1.04,0.04
99371,3,1992,668925,500071,0.96,1810,324.3,2,3,2,2,2,34,43901,1.34,0.34
99352,3,1992,159919,159920,1,1810,324.3,2,3,0.5,2,2,34,-1,1,0
98362,7,2001,559095,569919,1.02,1520,374.95,2,3,2,2,2,25,-10824,0.98,-0.02
99021,7,2025,580085,606807,1.03,2800,216.72,2,4,3,1,2,1,-26722,0.96,-0.04
99212,7,1992,1222787,1299910,0.96,3865,157.95,2,5,4.5,3.5,2,34,43901,0.94,-0.06
98683,7,1996,549086,548945,1,1720,319.15,2,3,2,2,2,30,141,1,0
98570,3,1992,99075,94950,0.96,1810,324.3,2,3,2,2,2,34,4125,1.04,0.04
98665,7,2000,535082,535062,1,1860,287.67,2,4,2,2,2,26,20,1,0
99338,7,2023,659964,649924,0.98,3200,203.1,2,5,3,3,2,3,10040,1.02,0.02
98908,7,2002,810095,810093,1,3730,217.18,2,4,3,2,2,24,2,1,0
99360,3,1992,325059,300083,0.96,1810,324.3,2,3,0.5,2,2,34,24976,1.08,0.08
98221,3,1992,279095,257056,0.96,1810,324.3,2,3,2,2,2,34,22039,1.09,0.09
98686,7,1917,829994,829814,1,3865,198.52,3,5.5,3,3,2,109,180,1,0
98682,7,2016,1222787,1299927,1,2780,467.6,2,3,3,3,2,10,16,0.94,-0.06
99208,3,1992,200086,200068,1,1810,324.3,2,3,2,2,2,34,18,1,0
99206,7,1974,459100,434911,0.96,2180,199.5,2,4,3,3,2,52,24189,1.06,0.06
98629,7,2017,698921,698935,1,2400,291.22,2,3,2,2,2,9,-14,1,0
98391,4,1974,225067,205081,0.96,1060,193.47,1,3,1,1,2,52,19986,1.1,0.1
98087,7,1986,825094,840059,1.02,2070,405.83,2,3,3,2,2,40,-14965,0.98,-0.02
98640,3,1992,39924,40069,1,1810,324.3,2,3,2,2,2,34,-145,1,0
99338,7,2019,749844,725078,0.97,3080,235.41,1,4,3,2,2,7,24766,1.03,0.03
99360,3,1992,325062,299919,0.96,1810,324.3,2,3,2,2,2,34,25143,1.08,0.08
98003,7,1999,649866,650096,1,1780,365.22,2,3,3,2,2,27,-230,1,0
98908,7,2013,1195073,1194936,1,3865,297.25,2,5,4.5,3.5,2,13,137,1,0
98513,7,2024,740011,749855,1.01,2050,365.78,1,2,2,1,2,2,-9844,0.99,-0.01
99009,4,1974,569974,97909,1,1640,59.7,1,2,2,2,2,52,43901,5.82,4.82
99206,7,2022,474944,474932,1,2000,237.47,1,4,2,2,2,4,12,1,0
98125,7,1950,775061,765057,0.99,1240,616.98,1,3,1,1,2,76,10004,1.01,0.01
98674,6,1942,569974,1462187.5,1,2830,680.56,1,3,0.5,2,2,84,-33595,0.39,-0.61
98277,7,1977,698948,698917,1,3020,231.43,3,5,4,1,2,49,31,1,0
98038,7,2009,999881,999860,1,2810,355.82,2,5,3,3,2,17,21,1,0
98371,7,1970,649096,650081,1,1820,357.19,1,4,3,2,2,56,-985,1,0
99352,7,2021,789903,784914,0.99,3110,252.38,1,4,4,3,2,5,4989,1.01,0.01
98272,8,1998,569974,434945,1,1110,391.84,2,3,3,2,2,28,43901,1.31,0.31
98513,8,2007,320066,319925,1,1580,202.48,2,3,3,2,2,19,141,1,0
98284,5,1979,525053,525094,1,2560,205.11,2,4,2,2,2,47,-41,1,0
99163,7,2020,649091,648931,1,2330,278.51,2,4,3,2,2,6,160,1,0
99006,7,2026,975069,975095,1,1810,324.3,1,4,3,3,2,0,-26,1,0
99223,7,2002,450088,450056,1,1650,272.76,2,4,3,2,2,24,32,1,0
98105,7,1951,1222787,1462187.5,0.96,3865,668.74,2,5,4.5,2,2,75,43901,0.84,-0.16
99362,7,2007,674984,655090,0.97,2440,268.48,1,5,2,2,2,19,19894,1.03,0.03
98107,8,2025,779871,779869,1,1370,569.25,2,2,3,1,2,1,2,1,0
98571,3,1992,149854,115081,0.96,1810,324.3,2,3,2,2,2,34,34773,1.3,0.3
98446,7,2017,740005,735097,0.99,2730,269.27,1,4,2,2,2,9,4908,1.01,0.01
98382,3,1992,174930,158931,0.96,1810,324.3,2,3,2,2,2,34,15999,1.1,0.1
98052,7,2026,1222787,1462187.5,0.98,3865,680.56,2,5,4.5,2,2,0,43901,0.84,-0.16
98226,7,2025,848931,848904,1,2910,291.72,2,4,4,3,2,1,27,1,0
98387,7,1997,498917,510055,1.02,2150,237.23,2,4,3,2,2,29,-11138,0.98,-0.02
98042,3,1992,524942,499917,0.96,1810,324.3,2,3,2,2,2,34,25025,1.05,0.05
98642,6,1992,569974,1350063,1,1810,324.3,2,3,0.5,2,2,34,-33595,0.42,-0.58
98284,3,1992,39836,39803,1,1810,324.3,2,3,2,2,2,34,33,1,0
98674,7,2024,1222787,1329901,1,3180,418.21,2,3,2,2,2,2,20,0.92,-0.08
98103,3,1992,1099906,1099926,1,1810,324.3,2,3,2,2,2,34,-20,1,0
98225,7,1958,1222787,1300077,0.96,3250,400.02,1,3,2,2,2,68,43901,0.94,-0.06
98271,5,2008,900074,779927,0.96,3220,242.21,2,5.5,4,2,2,18,43901,1.15,0.15
98034,7,1978,1222787,1450071,1,1960,680.56,2,4,3,1,2,48,-12,0.84,-0.16
98118,7,1950,1195067,1195097,1,2140,558.46,2,3,3,2,2,76,-30,1,0
99362,3,1992,498907,480064,0.96,1810,324.3,2,3,2,2,2,34,18843,1.04,0.04
98632,7,2017,899961,865098,0.96,2430,356.01,2,3,2,2,2,9,34863,1.04,0.04
98136,7,1953,1222787,1462187.5,1.03,2760,634.09,1,3,2,1,2,73,-33595,0.84,-0.16
99324,7,1998,398926,374902,0.96,1040,360.48,1,2,2,1,2,28,24024,1.06,0.06
98122,5,1909,1222787,1462187.5,0.97,3865,319.55,2,5.5,4.5,2,2,117,43901,0.84,-0.16
98248,7,1969,550086,549909,1,1520,361.78,1,3,2,1,2,57,177,1,0
98512,7,1991,903932,874926,0.97,2270,385.43,1,3,3,2,2,35,29006,1.03,0.03
98843,7,1999,775014,769927,0.99,2590,297.27,1,3,3,2,2,27,5087,1.01,0.01
98199,7,1955,1222787,1462187.5,1.03,3010,680.56,2,5,4,2,2,71,-33595,0.84,-0.16
98168,0,1979,299088,299060,1,1370,218.29,1,2,2,1,2,47,28,1,0
98125,7,2008,1222787,1462187.5,0.97,3865,429.28,2,5,4,3,2,18,43901,0.84,-0.16
98233,7,1995,519082,529931,1.02,1330,398.44,1,3,2,1,2,31,-10849,0.98,-0.02
98328,6,1920,569974,1462187.5,1,1450,680.56,1,4,1,2,2,106,-33595,0.39,-0.61
98506,8,2026,465085,465092,1,1420,327.53,2,3,2,2,2,0,-7,1,0
98036,7,1984,1150063,1204085,1.03,2200,547.31,2,4,3,1,2,42,-33595,0.96,-0.04
98443,7,1950,569974,547593,1,1990,275.17,1,4,2,2,2,76,22381,1.04,0.04
98126,5,1958,569974,809924,1,2660,304.48,2,3,0.5,2,2,68,-33595,0.7,-0.3
98303,3,1992,17918,15912,0.96,1810,324.3,2,3,2,2,2,34,2006,1.13,0.13
99004,7,2016,359082,358950,1,1620,221.57,1,3,2,2,2,10,132,1,0
99353,5,1950,569974,149903,1,1050,142.76,1,3,1,1,2,76,43901,3.8,2.8
98248,7,2006,697589,686906,0.98,2460,279.23,2,4,3,2,2,20,10683,1.02,0.02
98229,0,1992,569974,1462187.5,1,1810,324.3,2,3,0.5,2,2,34,-33595,0.39,-0.61
99338,6,1992,569974,422154,1,1810,324.3,2,3,0.5,2,2,34,43901,1.35,0.35
99353,7,2022,1222787,1462187.5,1.03,3865,314.83,2,4,4.5,2,2,4,-33595,0.84,-0.16
98284,7,1909,650099,650080,1,2960,219.62,3,4,3,1,2,117,19,1,0
98110,6,1992,569974,350390,1,1810,324.3,2,3,0.5,2,2,34,43901,1.63,0.63
98107,6,2000,569974,464941,1,1060,438.62,1,2,2,1,2,26,43901,1.23,0.23
98008,7,2026,1222787,1462187.5,1,3865,680.56,2,5,4.5,3.5,2,0,-134,0.84,-0.16
98682,7,2009,499830,499968,1,1570,318.45,1,3,2,2,2,17,-138,1,0
99005,7,2005,598931,582433,0.97,3260,178.66,2,5,3,3,2,21,16498,1.03,0.03
98115,7,1945,1222787,1462187.5,1,2850,614.06,2,3,3,1,2,81,-113,0.84,-0.16
98107,0,2007,510062,500098,0.98,920,543.58,1,1.5,1,1,2,19,9964,1.02,0.02
98632,7,1938,449080,461059,1.03,2240,205.83,2,3,2,1,2,88,-11979,0.97,-0.03
98107,8,2025,569974,1125096,1,2000,562.55,3,3,4.5,3,2,1,-33595,0.51,-0.49
98604,7,2025,569974,535099,1,1910,280.16,2,3,3,2,2,1,34875,1.07,0.07
99362,7,1969,569974,449935,1,1570,286.58,1,3,2,2,2,57,43901,1.27,0.27
98355,7,1980,450077,449915,1,1670,269.41,1,3,2,1,2,46,162,1,0
98230,7,2015,569974,825190,1,2380,346.72,1,3,3,2,2,11,-33595,0.69,-0.31
98801,7,1950,425090,425077,1,2500,170.03,1,2,1,1,2,76,13,1,0
98042,3,1992,569974,500085,1,1810,324.3,2,3,0.5,2,2,34,43901,1.14,0.14
99301,7,2025,569974,250056,1,3865,49.81,1,4,4,3.5,2,1,43901,2.28,1.28
99207,7,1909,569974,280076,1,1200,233.4,2,3,2,2,2,117,43901,2.04,1.04
98022,3,1992,569974,777924,1,1810,324.3,2,3,0.5,2,2,34,-33595,0.73,-0.27
98012,7,2017,1222787,1349922,0.96,2920,462.3,2,4,3,2,2,9,43901,0.91,-0.09
98858,6,1992,569974,174902,1,1810,324.3,2,3,0.5,2,2,34,43901,3.26,2.26
99005,4,2012,569974,373908,1,800,467.38,1,3,2,2,2,14,43901,1.52,0.52
98312,6,1992,569974,120232,1,1810,324.3,2,3,0.5,2,2,34,43901,4.74,3.74
98023,7,1967,875079,874930,1,3360,260.4,2,5.5,4,2,2,59,149,1,0
98005,7,2023,1222787,1462187.5,0.96,3865,680.56,2,5,4.5,2,2,3,43901,0.84,-0.16
98563,7,1986,599936,600051,1,1880,319.18,1,3,2,2,2,40,-115,1,0
98010,7,1994,594913,590078,0.99,1250,472.06,1,3,2,2,2,32,4835,1.01,0.01
98058,7,1962,674919,680062,1.01,1870,363.67,1,3,2,2,2,64,-5143,0.99,-0.01
98640,7,2024,444062,444095,1,1440,308.4,1,2,2,1,2,2,-33,1,0
98513,7,1978,730094,730089,1,2050,356.14,3,4,3,2,2,48,5,1,0
98597,7,2006,399850,440096,1.03,1580,278.54,2,3,3,2,2,20,-33595,0.91,-0.09
98208,7,2010,778919,779100,1,2270,343.22,2,4,3,2,2,16,-181,1,0
98303,3,1992,569974,16070,1,1810,324.3,2,3,0.5,2,2,34,43901,35.47,34.47
98674,6,1992,569974,1462187.5,1,1810,324.3,2,3,0.5,2,2,34,-33595,0.39,-0.61
98021,8,2024,569974,1074869,1,2360,455.45,2,4,4.5,3.5,2,2,-33595,0.53,-0.47
98418,5,1963,569974,344929,1,1500,229.95,1,4,2,2,2,63,43901,1.65,0.65
98311,7,2017,512907,530064,1.03,2070,256.07,2,3,3,2,2,9,-17157,0.97,-0.03
98506,7,1966,735076,744914,1.01,3720,200.25,1,3,4,1,2,60,-9838,0.99,-0.01
98248,7,2025,798938,769927,0.96,2230,345.26,2,3,2,2,2,1,29011,1.04,0.04
98405,3,1992,569974,499902,1,1810,324.3,2,3,0.5,2,2,34,43901,1.14,0.14
98548,7,1960,309932,250061,0.96,1740,143.71,1,3,2,2,2,66,43901,1.24,0.24
98036,4,1952,569974,1462187.5,1,1820,324.3,2,3,2,1,2,74,-33595,0.39,-0.61
98382,7,1989,460086,449923,0.98,1290,348.78,1,3,2,2,2,37,10163,1.02,0.02
98506,6,1992,569974,80096,1,1810,324.3,2,3,0.5,2,2,34,43901,7.12,6.12
98550,7,1978,559442,564921,1.01,1970,286.76,2,3,3,1,2,48,-5479,0.99,-0.01
99202,3,1992,98085,92053,0.96,1810,324.3,2,3,2,2,2,34,6032,1.07,0.07
98247,7,1990,519058,514933,0.99,1600,321.83,1,3,2,1,2,36,4125,1.01,0.01
98115,7,2015,1222787,1462187.5,1.03,3230,680.56,2,5,4,3,2,11,-33595,0.84,-0.16
98221,7,1984,800074,850063,1.03,2000,425.03,2,3,3,1,2,42,-33595,0.94,-0.06
98682,7,1980,740079,740067,1,1820,406.63,2,3,2,2,2,46,12,1,0
98072,7,1996,1222787,1462187.5,0.98,3580,474.6,2,4,3,1,2,30,25871,0.84,-0.16
98597,7,2016,900059,898914,1,3520,255.37,1,4,4,3,2,10,1145,1,0
98133,7,1952,676938,669943,0.99,1530,437.87,1,3,1,1,2,74,6995,1.01,0.01
98328,6,1992,569974,1462187.5,1,1810,324.3,2,3,0.5,2,2,34,-33595,0.39,-0.61
98922,7,2008,1222787,1462187.5,0.96,3865,661.78,2,5,4.5,3.5,2,18,43901,0.84,-0.16
98223,7,2001,598171,599905,1,1570,382.11,1,2,2,1,2,25,-1734,1,0
98372,7,2012,699932,699939,1,2210,316.71,2,4,3,2,2,14,-7,1,0
98059,7,2002,1222787,1462187.5,1.03,3310,567.96,2,5,3,2,2,24,-33595,0.84,-0.16
98532,7,1994,775933,759944,0.98,2260,336.26,2,3,3,3,2,32,15989,1.02,0.02
98277,7,1973,649979,651363,1,3270,199.19,2,5,3,2,2,53,-1384,1,0
98387,7,1996,650051,650100,1,2760,235.54,2,4,3,2,2,30,-49,1,0
99362,7,2015,529919,512065,0.97,1690,303,1,3,2,2,2,11,17854,1.03,0.03
98661,7,2025,274919,274937,1,1500,183.29,2,3,2,2,2,1,-18,1,0
98258,0,2020,835029,829930,0.99,3420,242.67,3,4,4,3,2,6,5099,1.01,0.01
98023,7,2005,734919,699905,0.96,3010,232.53,2,4,3,2,2,21,35014,1.05,0.05
98362,4,1995,685091,625077,0.96,1780,351.17,2,3,2,2,2,31,43901,1.1,0.1
98251,7,1909,389897,369919,0.96,1380,268.06,2,3,2,2,2,117,19978,1.05,0.05
98065,7,1958,1049058,1048911,1,2690,389.93,1,3,2,1,2,68,147,1,0
99301,8,2003,309934,310086,1,1160,267.32,1,2,2,1,2,23,-152,1,0
98837,7,2013,424915,385420,0.96,1600,240.89,1,3,2,1,2,13,39495,1.1,0.1
98034,7,1976,1222787,1462187.5,1,2310,640.66,2,4,3,1,2,50,-5017,0.84,-0.16
98465,7,1976,874904,950077,1.03,3100,306.48,1,5,4,2,2,50,-33595,0.92,-0.08
98362,7,2000,538921,522059,0.97,1830,285.28,2,3,2,2,2,26,16862,1.03,0.03
98383,7,1998,799020,794929,0.99,3865,195.8,2,3,4.5,2,2,28,4091,1.01,0.01
98422,7,1977,749929,759907,1.01,2390,317.95,2,3,3,2,2,49,-9978,0.99,-0.01
98006,7,1974,1222787,1462187.5,1,3010,557.29,1,5,3,1,2,52,-2395,0.84,-0.16
98034,7,1991,1222787,1349908,1,2040,661.72,2,4,3,1,2,35,19,0.91,-0.09
98375,0,2006,510076,530078,1.03,2290,231.48,2,4,3,2,2,20,-20002,0.96,-0.04
98629,7,1997,818940,818933,1,2460,332.9,2,4,3,2,2,29,7,1,0
98582,7,2006,569089,550055,0.97,1750,314.32,1,2,2,1,2,20,19034,1.03,0.03
98942,4,1979,569974,177588,1,1460,121.64,1,3,2,2,2,47,43901,3.21,2.21
98133,0,1984,359935,347550,0.97,980,354.64,1,2,2,1,2,42,12385,1.04,0.04
98546,7,2025,889904,877923,0.99,2700,325.16,2,4,3,2,2,1,11981,1.01,0.01
98226,0,1993,325055,324942,1,1020,318.57,1,2,2,1,2,33,113,1,0
98236,7,1993,1222787,1274904,0.96,3865,263.96,2,4,4,2,2,33,43901,0.96,-0.04
98198,7,1955,880089,880059,1,3370,261.15,1,4,2,2,2,71,30,1,0
98862,7,1970,749939,665090,0.96,1610,413.1,2,2,2,2,2,56,43901,1.13,0.13
98584,7,2020,484917,449921,0.96,1550,290.27,1,3,2,2,2,6,34996,1.08,0.08
98092,7,2010,597565,597448,1,1580,378.13,2,3,3,2,2,16,117,1,0
98660,5,1942,400090,400086,1,1790,223.51,1,2,2,2,2,84,4,1,0
98177,0,2026,1222787,1462187.5,1,3440,484.04,3,5,4,2,2,0,-36,0.84,-0.16
98103,7,2021,1222787,1462187.5,0.97,2240,680.56,2,4,4,3,2,5,43901,0.84,-0.16
98342,7,1986,625065,550099,0.96,1520,361.91,2,2,2,2,2,40,43901,1.14,0.14
98383,7,1971,525060,499090,0.96,1650,302.48,1,3,2,1,2,55,25970,1.05,0.05
98029,0,1995,485066,467087,0.96,930,502.24,1,2,2,2,2,31,17979,1.04,0.04
98072,7,1991,1222787,1426067,1.02,2490,572.72,2,4,3,2,2,35,-28147,0.86,-0.14
98229,7,2017,725082,743056,1.02,1440,516.01,1,3,2,2,2,9,-17974,0.98,-0.02
98362,7,1963,438922,438929,1,1920,228.61,2,4,2,2,2,63,-7,1,0
98116,7,1928,1222787,1462187.5,1.03,3130,511.21,2,4,3,2,2,98,-33595,0.84,-0.16
98541,7,1976,449940,449921,1,2530,177.83,1,5,3,2,2,50,19,1,0
98332,7,2017,1222787,1462187.5,1.03,2420,680.56,2,3,3,2,2,9,-33595,0.84,-0.16
99338,7,2004,499838,499811,1,2550,196,1,3,2,2,2,22,27,1,0
99336,7,1994,364055,356067,0.98,1270,280.37,1,3,2,1,2,32,7988,1.02,0.02
98501,7,1995,479073,509949,1.03,1530,333.3,1,2,2,2,2,31,-30876,0.94,-0.06
98359,4,1990,469050,503595,1.03,1770,284.52,1,3,2,1,2,36,-33595,0.93,-0.07
98387,7,2000,579932,580080,1,2200,263.67,2,4,3,2,2,26,-148,1,0
99201,0,2014,384907,384922,1,1480,260.08,2,3,2,2,2,12,-15,1,0
98116,0,2022,1222787,1462187.5,1,2170,680.56,1,3,4,3,2,4,16,0.84,-0.16
98531,7,1940,400085,400093,1,2740,146.02,2,3,2,2,2,86,-8,1,0
98272,7,2025,896676,896839,1,2990,299.95,2,5,4,2,2,1,-163,1,0
99362,7,1962,1149932,1080084,0.96,3865,225.96,1,4,4,3,2,64,43901,1.06,0.06
98007,7,2025,1222787,1462187.5,0.99,3865,680.56,2,5,4.5,2,2,1,19006,0.84,-0.16
98296,4,1985,749920,774936,1.03,1340,578.31,1,3,2,1,2,41,-25016,0.97,-0.03
98632,5,1965,739966,739814,1,3865,186.35,2,5.5,4.5,2,2,61,152,1,0
98374,7,2012,525011,525049,1,1980,265.18,2,3,3,2,2,14,-38,1,0
98346,7,2003,875096,849939,0.97,2430,349.77,2,3,3,2,2,23,25157,1.03,0.03
98075,7,1993,1222787,1462187.5,0.96,3865,504.1,2,5,4.5,2,2,33,43901,0.84,-0.16
98541,4,2000,275098,260084,0.96,400,650.21,1,1.5,1,1,2,26,15014,1.06,0.06
98110,7,1991,1222787,1462187.5,0.97,3230,534.03,2,3,3,2,2,35,43901,0.84,-0.16
98001,4,1999,539900,539901,1,2160,249.95,1,3,2,1,2,27,-1,1,0
98037,8,2026,710058,710060,1,1800,394.48,2,3,4,3,2,0,-2,1,0
98569,8,1997,394922,395061,1,1600,246.91,2,3,2,2,2,29,-139,1,0
98045,8,2023,849081,819944,0.97,2140,383.15,2,3,4,3,2,3,29137,1.04,0.04
98926,7,1970,1222787,1025093,0.96,2490,411.68,2,3,2,2,2,56,43901,1.19,0.19
98011,8,1992,569974,962416,1,2100,458.29,2,4,4.5,3,2,34,-33595,0.59,-0.41
98579,4,1979,329924,343321,1.03,1340,256.21,1,3,2,1,2,47,-13397,0.96,-0.04
98117,8,2021,778917,784071,1.01,1470,533.38,2,3,2,1,2,5,-5154,0.99,-0.01
98513,7,2011,924887,900070,0.97,2520,357.17,1,4,3,2,2,15,24817,1.03,0.03
98122,8,2015,949089,939097,0.99,1660,565.72,2,3,3,1,2,11,9992,1.01,0.01
98074,8,2001,978082,925084,0.96,1690,547.39,2,2,2,2,2,25,43901,1.06,0.06
98107,8,2024,569974,598099,1,1010,592.18,3,2,4,2,2,2,-28125,0.95,-0.05
98011,8,2025,1222787,1298420,1.01,2200,590.19,2,4,4,1,2,1,-8617,0.94,-0.06
98802,8,2008,429948,430089,1,1890,227.56,2,3,3,1,2,18,-141,1,0
98106,8,2019,766917,765078,1,1710,447.41,2,3,2,1,2,7,1839,1,0
98230,6,1982,569974,69250,1,1810,324.3,2,3,0.5,2,2,44,43901,8.23,7.23
98103,8,2008,949083,944083,0.99,1520,621.11,2,3,3,1,2,18,5000,1.01,0.01
98682,4,2004,569974,648456,1,1620,400.28,1,3,2,2,2,22,-33595,0.88,-0.12
98223,4,2005,569974,386576,1,1080,357.94,1,3,2,2,2,21,43901,1.47,0.47
98107,8,2026,597917,597949,1,940,636.12,2,2,2,1,2,0,-32,1,0
98247,6,1992,569974,80214,1,1810,324.3,2,3,0.5,2,2,34,43901,7.11,6.11
98226,8,2006,548915,524908,0.96,1390,377.63,2,3,3,2,2,20,24007,1.05,0.05
98199,5,1959,1222787,1174933,0.96,3020,389.05,2,5,3,2,2,67,43901,1.04,0.04
98133,8,2007,620020,613575,0.99,1440,426.09,2,3,4,2,2,19,6445,1.01,0.01
98168,8,2025,698060,549944,0.96,1250,439.96,2,2,3,1,2,1,43901,1.27,0.27
98626,4,2000,484939,480097,0.99,2660,180.49,1,4,2,1,2,26,4842,1.01,0.01
98117,8,2026,969819,969839,1,1870,518.63,2,4,3,1,2,0,-20,1,0
98642,8,2025,461413,461559,1,1800,256.42,2,3,2,2,2,1,-146,1,0
99324,5,1980,319947,320929,1,1920,167.15,2,5,3,2,2,46,-982,1,0
98312,6,1992,569974,120249,1,1810,324.3,2,3,0.5,2,2,34,43901,4.74,3.74
98087,8,2026,694896,694913,1,1560,445.46,2,3,3,1,2,0,-17,1,0
98103,8,2025,996037,985100,0.99,1800,547.28,2,3,2,1,2,1,10937,1.01,0.01
98115,5,1940,800038,745093,0.96,2380,313.06,2,4,2,2,2,86,43901,1.07,0.07
98632,3,1992,94940,90077,0.96,1810,324.3,2,3,2,2,2,34,4863,1.05,0.05
99206,3,1992,119947,99944,0.96,1810,324.3,2,3,2,2,2,34,20003,1.2,0.2
98074,7,1979,1222787,1462187.5,1.03,3360,672.65,2,4,4,2,2,47,-33595,0.84,-0.16
98823,3,1992,154907,135063,0.96,1810,324.3,2,3,2,2,2,34,19844,1.15,0.15
98596,3,1992,29925,25096,0.96,1810,324.3,2,3,2,2,2,34,4829,1.19,0.19
99109,6,1992,569974,75300,1,1810,324.3,2,3,0.5,2,2,34,43901,7.57,6.57
98674,3,1992,350074,339924,0.97,1810,324.3,2,3,2,2,2,34,10150,1.03,0.03
98320,3,1992,15074,13572,0.96,1810,324.3,2,3,2,2,2,34,1502,1.11,0.11
99338,6,1992,569974,1462187.5,1,1810,324.3,2,3,0.5,2,2,34,-33595,0.39,-0.61
98801,4,1992,569974,129942,1,1810,324.3,2,3,0.5,2,2,34,43901,4.39,3.39
98274,4,1992,180072,160078,0.96,1400,114.34,1,3,2,2,2,34,19994,1.12,0.12
98837,3,1992,120080,127430,1.03,1810,324.3,2,3,2,2,2,34,-7350,0.94,-0.06
98371,3,1992,95096,94907,1,1810,324.3,2,3,2,2,2,34,189,1,0
98531,4,1974,569974,580074,1,1620,358.07,2,3,2,2,2,52,-10100,0.98,-0.02
98501,4,1985,464908,464901,1,1570,296.12,1,3,2,2,2,41,7,1,0
98248,4,1999,665077,620065,0.96,1300,476.97,1,3,2,2,2,27,43901,1.07,0.07
99301,6,1992,569974,1000066,1,3865,33.69,2,3,0.5,2,2,34,-33595,0.57,-0.43
99173,3,1992,198427,165051,0.96,1810,324.3,2,3,2,2,2,34,33376,1.2,0.2
99114,3,1992,15082,12087,0.96,1810,324.3,2,3,0.5,2,2,34,2995,1.25,0.25
98296,8,2002,467934,472947,1.01,1220,387.66,2,2,3,2,2,24,-5013,0.99,-0.01
98356,6,2001,569974,349936,1,1940,180.38,1,3,0.5,2,2,25,43901,1.63,0.63
98077,7,1986,569974,1462187.5,1,2660,558.23,2,4,3,2,2,40,-33595,0.39,-0.61
99224,3,1992,225081,220081,0.98,1810,324.3,2,3,2,2,2,34,5000,1.02,0.02
98002,5,1969,659090,658922,1,1850,356.17,2,4,2,2,2,57,168,1,0
98660,5,1975,525072,525091,1,1800,291.72,1,4,2,2,2,51,-19,1,0
98632,3,1992,95071,89911,0.96,1810,324.3,2,3,2,2,2,34,5160,1.06,0.06
98056,0,1997,464934,465095,1,1450,320.76,2,3,3,2,2,29,-161,1,0
98446,7,2002,484987,489817,1.01,1560,313.99,2,3,3,2,2,24,-4830,0.99,-0.01
98349,7,2007,995080,995072,1,3040,327.33,1,4,3,2,2,19,8,1,0
99021,4,1978,104924,104944,1,1440,72.88,1,3,2,2,2,48,-20,1,0
98582,4,1982,165051,155068,0.96,1100,140.97,1,3,2,2,2,44,9983,1.06,0.06
98579,4,1979,569974,343485,1,1340,256.33,0,3,2,2,2,47,43901,1.66,0.66
98029,7,1992,1222787,1454938,1.01,2310,629.84,2,3,3,2,2,34,-19988,0.84,-0.16
99156,3,1992,128907,115056,0.96,1810,324.3,2,3,2,2,2,34,13851,1.12,0.12
98901,7,1979,445053,445053,1,1790,248.63,2,3,3,2,2,47,0,1,0
98406,3,1992,349552,315068,0.96,1810,324.3,2,3,2,2,2,34,34484,1.11,0.11
98367,7,2007,714911,719939,1.01,2860,251.73,2,5,3,2,2,19,-5028,0.99,-0.01
98366,7,1996,450076,470094,1.03,1510,311.32,2,3,3,1,2,30,-20018,0.96,-0.04
98103,8,2020,748935,749069,1,1600,468.17,2,3,3,2,2,6,-134,1,0
98338,7,1998,738919,738929,1,3700,199.71,1,3,3,3,2,28,-10,1,0
98105,7,2026,834938,835070,1,1080,680.56,2,3,3,2,2,0,-132,1,0
99344,7,1956,219940,234566,1.03,750,312.75,1,2,1,1,2,70,-14626,0.94,-0.06
99208,0,1979,236593,231621,0.98,920,251.76,2,2,2,2,2,47,4972,1.02,0.02
98365,7,1993,624905,610087,0.98,2000,305.04,2,2,3,1,2,33,14818,1.02,0.02
98003,7,1966,524911,524942,1,2240,234.35,1,5,3,1,2,60,-31,1,0
98503,7,1959,384941,388440,1.01,1030,377.13,1,3,1,1,2,67,-3499,0.99,-0.01
98038,7,1979,629922,633546,1.01,1680,377.11,2,3,3,1,2,47,-3624,0.99,-0.01
98367,7,2022,624855,599937,0.96,2540,236.2,2,5,3,2,2,4,24918,1.04,0.04
98642,7,2026,649802,649983,1,2450,265.3,2,4,3,3,2,0,-181,1,0
98371,4,1999,299912,280097,0.96,1690,165.74,1,2,2,1,2,27,19815,1.07,0.07
98038,0,2000,549944,537574,0.98,2280,235.78,1,4,2,2,2,26,12370,1.02,0.02
99006,7,2024,675062,675054,1,2170,311.08,1,4,3,2,2,2,8,1,0
98802,7,2005,924961,880052,0.96,3865,212.06,1,4,4,2,2,21,43901,1.05,0.05
98405,7,1950,535057,534929,1,1230,434.9,1,3,1,2,2,76,128,1,0
98239,7,1998,764058,743937,0.97,2420,307.41,2,5,4,2,2,28,20121,1.03,0.03
98026,7,1980,700066,710079,1.01,1440,493.11,2,3,1,1,2,46,-10013,0.99,-0.01
98053,7,2003,1222787,1364723,0.98,2700,505.45,1,3,3,2,2,23,33355,0.9,-0.1
98828,7,2025,524930,510061,0.97,1300,392.35,1,3,2,2,2,1,14869,1.03,0.03
98831,7,2000,849071,849078,1,1960,433.2,1,2,3,1,2,26,-7,1,0
98122,8,2026,1198938,1224064,1.02,2060,594.21,2,3,3,2,2,0,-25126,0.98,-0.02
98146,7,1955,674943,680068,1.01,1370,496.4,1,4,3,1,2,71,-5125,0.99,-0.01
98387,5,1982,725100,713061,0.98,3420,208.5,2,5.5,3,2,2,44,12039,1.02,0.02
98513,7,2010,525080,525052,1,2190,239.75,2,4,3,2,2,16,28,1,0
98264,7,1957,569974,950213,1,3290,288.82,1,3,2,1,2,69,-33595,0.6,-0.4
98201,5,1977,1222787,1359934,1.01,3840,354.15,2,5.5,4,2,2,49,-10025,0.9,-0.1
98012,7,1997,1050092,1025095,0.98,2530,405.18,2,4,4,2,2,29,24997,1.02,0.02
98632,7,1926,299801,299805,1,980,305.92,1,3,1,1,2,100,-4,1,0
98002,7,1959,539941,539928,1,1320,409.04,1,3,2,1,2,67,13,1,0
99353,7,1995,379918,380064,1,1120,339.34,1,3,2,2,2,31,-146,1,0
98258,7,2010,649901,634929,0.98,1790,354.71,2,4,3,2,2,16,14972,1.02,0.02
98584,4,1993,279091,285081,1.02,1130,252.28,1,3,2,2,2,33,-5990,0.98,-0.02
98248,7,1972,578939,584931,1.01,1520,384.82,1,3,2,2,2,54,-5992,0.99,-0.01
98390,7,1910,429855,433088,1.01,1110,390.17,1,2,1,2,2,116,-3233,0.99,-0.01
98119,0,1963,559879,545099,0.97,910,599.01,1,1.5,1,1,2,63,14780,1.03,0.03
98642,4,1995,420074,419930,1,1520,276.27,1,3,2,2,2,31,144,1,0
98119,7,1909,949922,949945,1,1950,487.15,2,5,3,2,2,117,-23,1,0
99301,7,2021,538911,539056,1,2020,266.86,1,3,3,1,2,5,-145,1,0
98059,0,1996,545056,544906,1,1180,461.78,1,2,2,1,2,30,150,1,0
98513,7,1978,545027,530071,0.97,1970,269.07,2,3,2,1,2,48,14956,1.03,0.03
98042,7,2026,969809,969834,1,3080,314.88,2,5,3,2,2,0,-25,1,0
98604,7,2022,660077,660081,1,2010,328.4,1,4,2,2,2,4,-4,1,0
98498,7,1972,599841,599875,1,1550,387.02,1,4,2,1,2,54,-34,1,0
98683,7,1978,495052,494929,1,1420,348.54,1,3,2,2,2,48,123,1,0
98106,7,1927,499078,510066,1.02,1280,398.49,1,2,1,1,2,99,-10988,0.98,-0.02
98387,7,2001,489865,474857,0.97,1680,282.65,1,3,2,2,2,25,15008,1.03,0.03
98026,7,1978,844922,894946,1.03,2070,432.34,3,3,2,2,2,48,-33595,0.94,-0.06
98466,7,1958,499901,504907,1.01,1790,282.07,2,4,2,2,2,68,-5006,0.99,-0.01
98133,7,1948,675080,639924,0.96,1300,492.25,1,2,1,1,2,78,35156,1.05,0.05
98203,7,2016,784875,799949,1.02,2000,399.97,1,3,3,2,2,10,-15074,0.98,-0.02
98122,0,2007,360052,350061,0.97,520,673.19,1,1.5,1,1,2,19,9991,1.03,0.03
98023,7,1942,569921,550084,0.97,900,611.2,1,3,1,1,2,84,19837,1.04,0.04
98118,8,2026,799958,799988,1,1610,496.89,2,3,2,1,2,0,-30,1,0
98926,7,1999,664814,664841,1,1800,369.36,1,3,2,2,2,27,-27,1,0
98230,0,1996,384058,365083,0.96,980,372.53,1,2,2,2,2,30,18975,1.05,0.05
98026,7,1956,1222787,1462187.5,0.99,2720,582.68,1,4,3,2,2,70,14954,0.84,-0.16
98366,7,1909,769835,759915,0.99,2170,350.19,2,2,2,1,2,117,9920,1.01,0.01
98360,7,2002,569974,499865,1,1210,413.11,1,3,2,2,2,24,43901,1.14,0.14
98926,7,1920,615057,599941,0.98,2320,258.6,2,3,3,1,2,106,15116,1.03,0.03
98008,8,1981,1200060,1200082,1,2670,449.47,2,4,3,2,2,45,-22,1,0
98021,7,1969,730097,729914,1,1200,608.26,1,3,2,1,2,57,183,1,0
98126,7,1930,995064,1114945,1.03,1930,577.69,2,4,3,2,2,96,-33595,0.89,-0.11
98683,7,2015,549924,549935,1,2120,259.4,2,3,2,2,2,11,-11,1,0
99019,7,2017,690100,674905,0.98,2280,296.01,1,4,3,2,2,9,15195,1.02,0.02
98260,7,2017,899081,899900,1,1460,616.37,2,2,2,2,2,9,-819,1,0
98072,7,1977,1222787,1349942,1,2390,564.83,2,3,3,2,2,49,110,0.91,-0.09
98908,7,1962,569974,824913,1,3865,152.76,2,4,4.5,3.5,2,64,-33595,0.69,-0.31
98034,7,1976,1222787,1462187.5,0.97,3040,491.75,1,3,3,1,2,50,43901,0.84,-0.16
98288,7,1910,414936,400080,0.96,450,680.56,1,1.5,1,1,2,116,14856,1.04,0.04
98011,7,1958,760062,760076,1,1060,680.56,1,3,1,1,2,68,-14,1,0
98422,7,2007,789875,764906,0.97,2250,339.96,2,4,3,1,2,19,24969,1.03,0.03
99337,7,1960,365069,365072,1,1900,192.14,1,4,2,1,2,66,-3,1,0
98801,7,2000,700064,649920,0.96,2030,320.16,2,3,2,2,2,26,43901,1.08,0.08
99163,3,1992,899929,600084,0.96,1810,324.3,2,3,0.5,2,2,34,43901,1.5,0.5
98823,7,2020,489967,472578,0.96,2240,210.97,1,4,2,2,2,6,17389,1.04,0.04
98373,0,2009,294939,289906,0.98,840,345.13,1,2,2,2,2,17,5033,1.02,0.02
99207,7,1953,324927,334938,1.03,1760,190.31,1,5,2,2,2,73,-10011,0.97,-0.03
98388,7,1963,529098,529098,1,1010,523.86,1,3,2,1,2,63,0,1,0
98327,7,2005,544925,544916,1,1720,316.81,2,3,3,2,2,21,9,1,0
98383,7,2006,674580,690902,1.02,2560,269.88,2,3,3,2,2,20,-16322,0.98,-0.02
98270,7,1991,875100,1000069,1.03,2310,432.93,2,4,2,2,2,35,-33595,0.88,-0.12
98026,7,1960,1222787,1462187.5,1,3110,480.68,1,4,3,1,2,66,155,0.84,-0.16
98272,7,2001,600061,614948,1.02,1590,386.76,2,4,3,2,2,25,-14887,0.98,-0.02
98270,7,2019,785070,785097,1,2920,268.87,2,5,3,3,2,7,-27,1,0
98225,7,1922,895074,924909,1.03,2320,398.67,2,4,2,1,2,104,-29835,0.97,-0.03
98374,7,2022,418926,411935,0.98,1340,307.41,3,2,3,1,2,4,6991,1.02,0.02
98208,7,1990,799933,799948,1,1930,414.48,2,3,3,3,2,36,-15,1,0
99217,7,2025,480050,483830,1.01,2020,239.52,2,4,3,3,2,1,-3780,0.99,-0.01
99216,7,2025,464067,460084,0.99,1500,306.72,1,3,2,2,2,1,3983,1.01,0.01
98012,7,2005,1074096,1069924,1,2480,431.42,2,5,3,2,2,21,4172,1,0
98346,7,1969,558914,568943,1.02,2660,213.89,1,3,2,1,2,57,-10029,0.98,-0.02
98059,7,1967,825092,835096,1.01,1800,463.94,1,3,3,1,2,59,-10004,0.99,-0.01
98029,7,1986,1222787,1300072,1.03,2300,565.25,2,4,3,2,2,40,-33595,0.94,-0.06
98055,7,1968,615071,630914,1.03,1300,485.32,1,3,2,1,2,58,-15843,0.97,-0.03
98310,7,1918,825079,805093,0.98,1940,415,2,4,2,2,2,108,19986,1.02,0.02
98029,7,1988,1222787,1350077,1.03,2100,642.89,2,3,3,2,2,38,-33595,0.91,-0.09
98284,7,1971,470021,470004,1,1200,391.67,1,3,1,1,2,55,17,1,0
99208,7,1992,529832,522905,0.99,2590,201.89,2,4,3,1,2,34,6927,1.01,0.01
98229,7,1978,624948,635084,1.02,1530,415.09,1,3,2,1,2,48,-10136,0.98,-0.02
98837,7,2023,337993,332095,0.98,1260,263.57,1,3,2,1,2,3,5898,1.02,0.02
98003,7,1988,580097,605081,1.03,1630,371.22,2,3,3,2,2,38,-24984,0.96,-0.04
98005,7,1974,1222787,1462187.5,1.03,2150,680.56,2,4,3,2,2,52,-33595,0.84,-0.16
98155,7,1954,625021,600094,0.96,1120,535.8,1,3,1,1,2,72,24927,1.04,0.04
98043,0,1978,418924,399940,0.96,1180,338.93,1,2,2,2,2,48,18984,1.05,0.05
98024,7,1930,569974,740058,1,1020,680.56,1,2,1,1,2,96,-33595,0.77,-0.23
98028,7,1954,774900,764942,0.99,1280,597.61,1,3,2,2,2,72,9958,1.01,0.01
98606,7,2021,565071,565090,1,2340,241.49,2,4,2,2,2,5,-19,1,0
98112,7,1909,999912,1000062,1,1360,680.56,2,3,3,1,2,117,-150,1,0
98107,0,2025,1200047,1245072,1.03,1870,665.81,2,3,3,1,2,1,-33595,0.96,-0.04
99344,7,2025,395947,395945,1,1500,263.96,1,3,2,1,2,1,2,1,0
98446,7,1996,849886,859929,1.01,2990,287.6,1,3,3,2,2,30,-10043,0.99,-0.01
98226,7,1993,624909,612947,0.98,1570,390.41,1,3,2,1,2,33,11962,1.02,0.02
98312,7,1953,484929,494932,1.02,2610,189.63,1,4,2,1,2,73,-10003,0.98,-0.02
98033,7,2025,999050,990054,0.99,1320,680.56,2,2,3,1,2,1,8996,1.01,0.01
98335,7,1994,795088,721931,0.96,1600,451.21,2,3,3,1,2,32,43901,1.1,0.1
98501,7,2014,600092,604913,1.01,2280,265.31,2,4,3,2,2,12,-4821,0.99,-0.01
99161,7,1909,399067,394424,0.99,3780,104.34,2,3,2,1,2,117,4643,1.01,0.01
98008,7,1975,1222787,1462187.5,0.96,2140,680.56,2,3,3,1,2,51,43901,0.84,-0.16
99016,7,2017,569974,674945,1,2280,296.03,2,4,2,2,2,9,-33595,0.84,-0.16
99326,7,1976,344945,339912,0.99,1820,186.76,2,3,3,1,2,50,5033,1.01,0.01
98103,7,1918,1222787,1300071,0.96,2060,631.1,2,4,3,2,2,108,43901,0.94,-0.06
98107,7,1909,974949,1139936,1.03,2530,450.57,2,3,2,1,2,117,-33595,0.86,-0.14
98116,7,1952,900078,1088083,1.03,1920,566.71,1,3,2,1,2,74,-33595,0.83,-0.17
98674,7,2018,495050,495056,1,1630,303.72,1,3,2,2,2,8,-6,1,0
98166,0,2008,315085,300075,0.96,530,566.18,1,1.5,1,1,2,18,15010,1.05,0.05
98499,7,1944,450095,449929,1,2380,189.05,1,2,2,1,2,82,166,1,0
98045,7,2026,1222787,1370053,1,2770,494.6,2,5,3,2,2,0,-140,0.89,-0.11
98221,7,1958,569974,626182,1,3180,196.91,1,3,2,2,2,68,-33595,0.91,-0.09
98662,7,2024,535092,535068,1,1850,289.23,2,3,3,2,2,2,24,1,0
98672,7,1975,690099,690052,1,2670,258.45,2,4,2,2,2,51,47,1,0
98802,7,1947,378907,369928,0.98,760,486.75,1,2,1,1,2,79,8979,1.02,0.02
98045,7,2025,1222787,1375094,1,3010,456.84,2,5.5,3,2,2,1,-38,0.89,-0.11
98816,7,1961,578922,565084,0.98,1820,310.49,1,4,2,2,2,65,13838,1.02,0.02
98229,7,2025,989859,977082,0.99,2550,383.17,2,3,3,2,2,1,12777,1.01,0.01
98282,7,2001,539065,539095,1,1370,393.5,1,3,2,2,2,25,-30,1,0
98802,7,2008,510084,539946,1.03,1790,301.65,2,3,3,3,2,18,-29862,0.94,-0.06
98229,7,1981,549949,550078,1,2030,270.97,2,3,3,1,2,45,-129,1,0
98118,7,2005,795094,800066,1.01,1720,465.15,2,3,3,2,2,21,-4972,0.99,-0.01
98273,7,1909,358919,346916,0.97,860,403.39,1,2,1,1,2,117,12003,1.03,0.03
98604,7,2025,584913,584907,1,2270,257.67,2,4,2,2,2,1,6,1,0
98103,7,2025,569974,930003,1,2810,330.96,2,4,4.5,3.5,2,1,-33595,0.61,-0.39
99301,7,2025,447934,454053,1.01,1800,252.25,1,4,2,2,2,1,-6119,0.99,-0.01
98203,0,1978,446022,446048,1,950,469.52,1,2,1,1,2,48,-26,1,0
99336,7,2011,469993,459575,0.98,1930,238.12,1,4,2,2,2,15,10418,1.02,0.02
98208,7,1975,714942,736066,1.03,1680,438.13,1,3,2,1,2,51,-21124,0.97,-0.03
98388,7,1974,649991,649957,1,2140,303.72,1,4,2,1,2,52,34,1,0
98901,7,1990,435064,421068,0.97,1960,214.83,1,3,2,2,2,36,13996,1.03,0.03
98119,7,1909,1150029,1105050,0.96,2100,526.21,1,2,1,1,2,117,43901,1.04,0.04
98346,7,1978,585075,585239,1,2260,258.96,2,3,2,2,2,48,-164,1,0
98072,7,1977,1049915,1029941,0.98,1970,522.81,2,3,3,1,2,49,19974,1.02,0.02
99216,7,1978,369808,355396,0.96,1960,181.32,2,4,2,1,2,48,14412,1.04,0.04
98117,0,1938,999883,1000049,1,1950,512.85,2,4,2,2,2,88,-166,1,0
98662,7,1973,569974,124910,1,1180,105.86,1,3,2,2,2,53,43901,4.56,3.56
99025,7,1980,406071,406097,1,2010,202.04,2,5,2,2,2,46,-26,1,0
98366,0,1979,258031,261012,1.01,860,303.5,1,2,1,1,2,47,-2981,0.99,-0.01
98001,7,1944,689088,670064,0.97,1950,343.62,1,4,2,1,2,82,19024,1.03,0.03
98274,7,1949,461912,455064,0.99,750,606.75,1,2,1,1,2,77,6848,1.02,0.02
98626,7,2008,469933,470078,1,1740,270.16,1,3,2,2,2,18,-145,1,0
99138,3,1992,75097,74941,1,1810,324.3,2,3,2,2,2,34,156,1,0
98683,7,2025,454941,455057,1,1350,337.08,2,3,2,2,2,1,-116,1,0
98027,7,1998,1222787,1462187.5,0.96,3865,556.17,2,5,4,3,2,28,43901,0.84,-0.16
98607,7,2010,529951,529833,1,1850,286.4,2,3,2,2,2,16,118,1,0
99301,7,2024,436898,436906,1,1800,242.73,1,4,2,2,2,2,-8,1,0
98684,7,2025,430054,429934,1,1930,222.76,2,4,2,2,2,1,120,1,0
98604,7,1992,569974,1262403,1,3080,409.87,2,3,4,3,2,34,-33595,0.45,-0.55
98133,7,1962,834909,839915,1.01,1840,456.48,2,3,3,1,2,64,-5006,0.99,-0.01
99217,7,2025,329906,324088,0.98,1380,234.85,2,3,2,2,2,1,5818,1.02,0.02
98391,7,2012,698902,701924,1,3040,230.9,2,4,3,2,2,14,-3022,1,0
98370,7,2016,500002,499854,1,1490,335.47,2,3,3,2,2,10,148,1,0
98272,0,1998,294930,294932,1,840,351.11,3,2,2,2,2,28,-2,1,0
98023,0,1978,255075,252074,0.99,1210,208.33,1,2,2,1,2,48,3001,1.01,0.01
98686,0,1979,249985,249847,1,1100,227.13,2,2,1,1,2,47,138,1,0
98327,0,2005,409081,403058,0.99,1590,253.5,2,3,3,2,2,21,6023,1.01,0.01
98360,7,2017,600028,600089,1,2670,224.75,2,5,3,2,2,9,-61,1,0
98368,7,2025,525015,525016,1,2220,236.49,2,3,4,3,2,1,-1,1,0
99037,7,2021,500054,504955,1.01,2350,214.87,2,4,3,2,2,5,-4901,0.99,-0.01
98144,7,1924,589928,519936,0.96,1200,433.28,1,3,2,2,2,102,43901,1.13,0.13
98126,0,1981,274937,270067,0.98,1010,267.39,1,2,2,1,2,45,4870,1.02,0.02
98292,7,2025,649917,651759,1,2340,278.53,2,5,3,1,2,1,-1842,1,0
98225,7,1909,539590,585054,1.03,1520,384.9,2,4,1,1,2,117,-33595,0.92,-0.08
98012,7,2014,1000077,984949,0.98,2380,413.84,2,4,3,3,2,12,15128,1.02,0.02
98371,7,2026,925074,924909,1,3260,283.71,2,5.5,3,2,2,0,165,1,0
99336,7,1989,104552,104557,1,1510,69.24,1,2,2,2,2,37,-5,1,0
98021,7,2026,1222787,1462187.5,1,2970,493.29,2,5,4,3.5,2,0,11,0.84,-0.16
98026,7,1984,824928,840084,1.02,1750,480.05,2,3,3,1,2,42,-15156,0.98,-0.02
98642,7,2026,674456,674324,1,2630,256.4,2,4,3,3,2,0,132,1,0
98662,7,1997,468060,467944,1,1590,294.3,2,3,2,2,2,29,116,1,0
98944,7,2021,395089,399914,1.01,1700,235.24,1,3,2,2,2,5,-4825,0.99,-0.01
98366,7,2023,562596,562448,1,2270,247.77,2,4,4,3,2,3,148,1,0
99205,7,1909,289975,270061,0.96,1500,180.04,2,4,2,2,2,117,19914,1.07,0.07
98226,0,1998,324901,310055,0.96,920,337.02,1,2,2,1,2,28,14846,1.05,0.05
98367,7,1962,394059,399924,1.01,960,416.59,1,3,2,1,2,64,-5865,0.99,-0.01
99354,7,1962,379835,388085,1.02,1510,257.01,1,3,2,1,2,64,-8250,0.98,-0.02
98136,7,1912,1199097,1199083,1,2250,532.93,2,4,4,1,2,114,14,1,0
98902,7,1947,259942,264943,1.02,1210,218.96,2,2,1,1,2,79,-5001,0.98,-0.02
98077,7,1978,1099917,1109933,1.01,2280,486.81,2,4,3,2,2,48,-10016,0.99,-0.01
99004,7,2006,340061,345057,1.01,1380,250.04,1,3,2,2,2,20,-4996,0.99,-0.01
98105,7,1943,875066,854433,0.98,900,680.56,1,2,1,1,2,83,20633,1.02,0.02
98942,7,2013,499074,483939,0.97,1760,274.97,1,3,2,2,2,13,15135,1.03,0.03
98660,7,1910,911373,911354,1,2590,351.87,2,4,3,3,2,116,19,1,0
98012,7,1983,785094,824912,1.03,1500,549.94,1,3,2,1,2,43,-33595,0.95,-0.05
98418,7,1925,435099,434909,1,1800,241.62,2,3,2,2,2,101,190,1,0
98272,7,2026,1019875,962560,0.96,3130,307.53,2,5,3,3,2,0,43901,1.06,0.06
98390,7,2019,730075,740050,1.01,2720,272.08,2,4,3,2,2,7,-9975,0.99,-0.01
98108,7,2012,800002,799899,1,1800,444.39,2,3,3,2,2,14,103,1,0
98604,7,2003,450061,451093,1,1190,379.07,1,3,2,2,2,23,-1032,1,0
99217,7,2013,1099948,1025096,0.96,3865,262.17,2,5,4,3,2,13,43901,1.07,0.07
98372,7,1967,800043,830060,1.03,2630,315.61,1,4,2,2,2,59,-30017,0.96,-0.04
99301,7,2026,540789,546094,1.01,2350,232.38,1,4,3,2,2,0,-5305,0.99,-0.01
98229,7,1973,384933,385077,1,900,427.86,1,2,1,1,2,53,-144,1,0
98682,7,1972,494192,494159,1,1820,271.52,2,3,2,2,2,54,33,1,0
98405,7,1942,429914,485065,1.03,1220,397.59,1,3,2,1,2,84,-33595,0.89,-0.11
99362,7,1946,339419,339437,1,1830,185.48,1,5,2,1,2,80,-18,1,0
98201,0,1985,298949,299088,1,800,373.86,1,2,1,2,2,41,-139,1,0
98503,7,2005,499872,494941,0.99,1950,253.82,2,3,3,2,2,21,4931,1.01,0.01
98070,7,1994,698922,680059,0.97,1260,539.73,1,3,2,2,2,32,18863,1.03,0.03
98204,0,1979,249934,250914,1,1350,185.86,2,2,3,1,2,47,-980,1,0
98007,7,2025,1222787,1462187.5,1,3865,656.82,2,5,4.5,3,2,1,-152,0.84,-0.16
98632,7,1968,430097,430062,1,1580,272.19,1,3,2,2,2,58,35,1,0
98686,7,2023,675063,674909,1,2560,263.64,2,5,3,3,2,3,154,1,0
98002,7,1916,299834,312097,1.03,850,367.17,1,2,1,1,2,110,-12263,0.96,-0.04
98362,7,1928,394934,400078,1.01,1500,266.72,2,3,2,2,2,98,-5144,0.99,-0.01
98112,8,1993,750092,750092,1,1400,535.78,2,2,2,1,2,33,0,1,0
98382,0,2019,434947,430092,0.99,1340,320.96,1,2,2,2,2,7,4855,1.01,0.01
98408,7,1945,489095,509920,1.03,2190,232.84,2,3,1,1,2,81,-20825,0.96,-0.04
98126,0,1997,379089,379092,1,780,486.02,1,1.5,1,1,2,29,-3,1,0
98502,7,2025,635024,634900,1,2600,244.19,2,5,3,3,2,1,124,1,0
99301,7,2025,414979,436651,1.03,1440,303.23,1,3,2,2,2,1,-21672,0.95,-0.05
98310,7,1910,600045,569905,0.96,1740,327.53,1,1.5,1,1,2,116,30140,1.05,0.05
98033,0,2026,1222787,1450057,0.97,1810,680.56,2,3,3,2,2,0,43901,0.84,-0.16
99301,7,1946,239936,212913,0.96,1000,212.91,1,2,4.5,3.5,2,80,27023,1.13,0.13
99205,7,1952,339948,335071,0.99,2210,151.62,2,4,1,1,2,74,4877,1.01,0.01
98133,7,1953,569974,726710,1,1410,515.4,2,4,1,1,2,73,-33595,0.78,-0.22
98034,7,1986,1067943,1074917,1.01,1380,680.56,1,3,2,2,2,40,-6974,0.99,-0.01
98418,7,1922,390004,388553,1,1100,353.23,2,4,1,1,2,104,1451,1,0
98028,7,1956,1222787,1250067,1,1820,680.56,1,3,2,1,2,70,-167,0.98,-0.02
98033,7,2025,1222787,1462187.5,1,3670,674.41,2,5,3,2,2,1,-160,0.84,-0.16
98058,7,2004,949917,941904,0.99,2650,355.44,2,5,3,2,2,22,8013,1.01,0.01
98580,7,2011,935061,910091,0.97,2550,356.9,1,3,3,2,2,15,24970,1.03,0.03
98337,7,1927,474555,474095,1,1440,329.23,1,3,3,1,2,99,460,1,0
99362,7,1909,648947,637098,0.98,2290,278.21,2,3,3,1,2,117,11849,1.02,0.02
98682,7,2018,525068,525095,1,1340,391.86,1,3,2,2,2,8,-27,1,0
98408,7,2015,500049,492079,0.98,1670,294.66,2,3,3,2,2,11,7970,1.02,0.02
98801,7,1952,355071,360067,1.01,1070,336.51,1,3,2,2,2,74,-4996,0.99,-0.01
98902,7,1952,299966,290075,0.97,2340,123.96,2,3,2,1,2,74,9891,1.03,0.03
98026,7,1964,849874,914910,1.03,2000,457.46,2,5,3,1,2,62,-33595,0.93,-0.07
98902,7,1950,307080,307071,1,1140,269.36,1,3,1,1,2,76,9,1,0
98371,7,2002,614935,615092,1,2170,283.45,2,3,2,2,2,24,-157,1,0
98513,7,2006,459827,469915,1.02,1610,291.87,2,3,3,2,2,20,-10088,0.98,-0.02
98382,7,2025,584897,585010,1,2240,261.17,1,3,3,2,2,1,-113,1,0
98368,7,2026,400015,399854,1,1660,240.88,2,3,3,1,2,0,161,1,0
98387,7,1965,438901,449093,1.02,920,488.14,1,3,1,1,2,61,-10192,0.98,-0.02
98003,7,2016,810050,802580,0.99,3300,243.21,2,5,4,3.5,2,10,7470,1.01,0.01
98564,7,1967,424926,432059,1.02,1940,222.71,2,3,2,1,2,59,-7133,0.98,-0.02
98023,7,1967,600047,630061,1.03,3110,202.59,2,4,3,2,2,59,-30014,0.95,-0.05
98661,7,1943,364925,364908,1,720,506.82,1,2,1,1,2,83,17,1,0
98664,7,2025,510051,510045,1,1480,344.62,2,3,2,2,2,1,6,1,0
98382,7,1993,358994,358074,1,1090,328.51,2,2,2,2,2,33,920,1,0
98445,7,1971,440071,439919,1,1300,338.4,1,4,2,1,2,55,152,1,0
98335,7,1945,949581,859939,0.96,660,680.56,1,1.5,1,2,2,81,43901,1.1,0.1
98133,0,1979,460083,449906,0.98,1070,420.47,1,2,2,1,2,47,10177,1.02,0.02
99208,7,1962,329935,335076,1.02,2210,151.62,2,3,2,2,2,64,-5141,0.98,-0.02
98226,0,1990,525087,524947,1,1160,452.54,1,2,2,1,2,36,140,1,0
99338,7,2025,452925,452916,1,1510,299.94,1,3,2,1,2,1,9,1,0
98284,7,2025,589832,589970,1,1640,359.74,2,3,3,1,2,1,-138,1,0
98245,7,1972,995065,940061,0.96,2250,417.8,2,3,3,2,2,54,43901,1.06,0.06
98277,7,1978,568912,575097,1.01,1440,399.37,3,4,3,1,2,48,-6185,0.99,-0.01
98501,7,1951,569974,471087,1,1130,416.89,1,2,1,1,2,75,43901,1.21,0.21
98368,7,2025,523944,524075,1,1800,291.15,2,3,3,2,2,1,-131,1,0
99205,7,1951,313594,315577,1.01,1630,193.61,2,3,2,2,2,75,-1983,0.99,-0.01
98329,7,2020,934934,925061,0.99,2800,330.38,2,3,3,2,2,6,9873,1.01,0.01
98382,7,2025,549868,563622,1.02,2240,251.62,1,3,3,2,2,1,-13754,0.98,-0.02
99338,7,2025,530936,531718,1,1870,284.34,1,4,2,1,2,1,-782,1,0
98498,7,1960,444908,455050,1.02,1310,347.37,1,3,2,1,2,66,-10142,0.98,-0.02
98901,7,1938,344919,339930,0.99,1560,217.9,1,1.5,2,1,2,88,4989,1.01,0.01
99212,7,1958,350086,375079,1.03,2080,180.33,2,4,2,2,2,68,-24993,0.93,-0.07
98310,7,2011,430092,440055,1.02,1320,333.38,2,3,3,2,2,15,-9963,0.98,-0.02
99353,7,1950,269098,250089,0.96,760,329.06,1,2,1,1,2,76,19009,1.08,0.08
98941,7,1981,550051,543332,0.99,2080,261.22,2,2,2,2,2,45,6719,1.01,0.01
99217,7,2025,330082,330060,1,1380,239.17,2,3,2,2,2,1,22,1,0
98516,7,1976,449958,450080,1,1610,279.55,1,3,2,1,2,50,-122,1,0
99203,7,1953,574905,535065,0.96,1680,318.49,1,2,2,1,2,73,39840,1.07,0.07
98007,7,1973,975052,965083,0.99,1520,634.92,1,3,2,1,2,53,9969,1.01,0.01
98312,7,2016,515062,515057,1,1980,260.13,2,3,3,2,2,10,5,1,0
98405,7,1946,375059,384919,1.03,810,475.21,1,2,1,1,2,80,-9860,0.97,-0.03
99123,7,1936,248920,234948,0.96,2320,101.27,1,2,1,2,2,90,13972,1.06,0.06
98629,7,2024,647350,647450,1,1780,363.74,1,4,2,2,2,2,-100,1,0
98604,7,2002,444050,443938,1,1320,336.32,1,3,2,2,2,24,112,1,0
98125,7,1931,550075,559942,1.02,850,658.76,1,2,1,1,2,95,-9867,0.98,-0.02
98368,7,2025,449851,450025,1,2070,217.4,2,4,3,3,2,1,-174,1,0
98258,7,2021,695076,699942,1.01,2160,324.05,2,3,3,1,2,5,-4866,0.99,-0.01
98126,7,1951,585072,595062,1.02,1000,595.06,1,2,1,1,2,75,-9990,0.98,-0.02
98072,7,1971,749917,734946,0.98,940,680.56,1,3,1,1,2,55,14971,1.02,0.02
98387,7,2001,509922,489095,0.96,1680,291.13,1,3,2,1,2,25,20827,1.04,0.04
98146,4,2002,640019,635087,0.99,1900,334.26,1,4,2,1,2,24,4932,1.01,0.01
98108,7,1935,360080,350061,0.97,720,486.2,1,1.5,1,1,2,91,10019,1.03,0.03
98664,8,1955,488950,489056,1,1680,291.1,2,3,2,2,2,71,-106,1,0
98513,7,2025,674937,660092,0.98,1960,336.78,1,2,2,2,2,1,14845,1.02,0.02
98683,7,2002,574916,574916,1,2120,271.19,2,4,2,2,2,24,0,1,0
99111,7,1910,265067,269905,1.02,1040,259.52,1,2,1,2,2,116,-4838,0.98,-0.02
98034,7,1967,1222787,1429941,1.01,2130,671.33,2,4,3,2,2,59,-9939,0.86,-0.14
98506,7,2025,693051,677552,0.98,3010,225.1,2,5,3,2,2,1,15499,1.02,0.02
98660,7,1942,360094,360056,1,720,500.08,1,2,1,1,2,84,38,1,0
98036,0,2016,869934,879929,1.01,1800,488.85,2,3,3,2,2,10,-9995,0.99,-0.01
98930,7,2025,329951,328308,1,1100,298.46,1,3,2,2,2,1,1643,1.01,0.01
98177,7,2025,775087,774950,1,1310,591.56,2,2,2,1,2,1,137,1,0
98506,7,2016,548077,548075,1,2180,251.41,2,3,3,2,2,10,2,1,0
98244,4,1979,38427,35901,0.96,230,156.09,1,1.5,1,1,2,47,2526,1.07,0.07
98277,7,2017,569974,580998,1,2280,254.82,2,4,2,2,2,9,-11024,0.98,-0.02
98368,7,2025,500015,499862,1,2220,225.16,2,3,4,3,2,1,153,1,0
98023,7,1962,569974,489509,1,1080,453.25,1,3,1,1,2,64,43901,1.16,0.16
99362,7,1955,434913,414901,0.96,1680,246.96,1,3,2,1,2,71,20012,1.05,0.05
98055,8,2000,499919,481944,0.96,1340,359.66,2,2,3,2,2,26,17975,1.04,0.04
98374,7,2025,698960,683062,0.98,2590,263.73,2,4,3,2,2,1,15898,1.02,0.02
98418,7,1924,398816,410081,1.03,1300,315.45,2,3,1,1,2,102,-11265,0.97,-0.03
98001,7,1979,624913,624909,1,1960,318.83,2,3,3,1,2,47,4,1,0
99336,7,1993,85944,80089,0.96,980,81.72,1,3,2,2,2,33,5855,1.07,0.07
98133,7,1928,549942,575087,1.03,1500,383.39,1,2,1,1,2,98,-25145,0.96,-0.04
98502,0,1969,199816,199965,1,900,222.18,2,2,2,1,2,57,-149,1,0
98501,7,1975,569974,379932,1,2190,173.48,1,3,4,2,2,51,43901,1.5,0.5
98204,5,1997,1125094,1040054,0.96,3160,329.13,2,5.5,4,2,2,29,43901,1.08,0.08
98584,4,1997,289955,295066,1.02,1340,220.2,1,3,2,2,2,29,-5111,0.98,-0.02
98642,7,2025,818901,819057,1,2840,288.4,2,4,3,3,2,1,-156,1,0
99362,0,1990,569974,143653,1,1950,73.67,1,2,3,3,2,36,43901,3.97,2.97
98133,7,1942,689072,720054,1.03,900,680.56,1,2,1,1,2,84,-30982,0.96,-0.04
98683,5,1980,540063,540068,1,1970,274.15,2,4,4,3.5,2,46,-5,1,0
99353,7,2000,569974,419905,1,1590,264.09,1,3,2,2,2,26,43901,1.36,0.36
98802,7,1952,451912,461902,1.02,2800,164.96,1,3,3,2,2,74,-9990,0.98,-0.02
99352,4,1993,94812,98931,1.03,940,105.25,1,2,2,2,2,33,-4119,0.96,-0.04
98370,7,1960,569974,425239,1,1300,327.11,1,2,1,1,2,66,43901,1.34,0.34
98370,7,2008,609923,599924,0.98,1720,348.79,1,3,2,2,2,18,9999,1.02,0.02
98003,7,1986,509100,479909,0.96,1390,345.26,2,2,3,2,2,40,29191,1.06,0.06
98922,7,1974,415063,414911,1,1130,367.18,1,3,2,1,2,52,152,1,0
99206,7,2025,415080,414919,1,1470,282.26,1,3,2,2,2,1,161,1,0
98374,7,2007,485008,491932,1.01,1670,294.57,2,3,3,2,2,19,-6924,0.99,-0.01
98198,0,1962,495092,489068,0.99,820,596.42,1,2,1,1,2,64,6024,1.01,0.01
99163,7,1917,249058,225917,0.96,1800,125.51,2,3,1,1,2,109,23141,1.1,0.1
98683,7,1977,464935,455092,0.98,1240,367.01,1,3,2,2,2,49,9843,1.02,0.02
98042,7,2026,785023,803432,1.02,2630,305.49,3,5,4,1,2,0,-18409,0.98,-0.02
98841,7,1998,324932,330911,1.02,2050,161.42,2,4,3,2,2,28,-5979,0.98,-0.02
98528,7,2001,400058,415074,1.03,1410,294.38,1,3,2,1,2,25,-15016,0.96,-0.04
98374,7,1999,489418,488943,1,1830,267.18,2,4,3,2,2,27,475,1,0
99156,3,1992,235051,225054,0.96,1810,324.3,2,3,2,2,2,34,9997,1.04,0.04
98168,7,1948,549850,529933,0.96,1980,267.64,1,2,2,1,2,78,19917,1.04,0.04
98252,4,2018,438948,438938,1,1070,410.22,1,3,2,2,2,8,10,1,0
98520,7,1941,299933,274945,0.96,2350,117,2,3,2,2,2,85,24988,1.09,0.09
98104,0,2021,400047,400014,1,580,680.56,1,1.5,1,1,2,5,33,1,0
98270,7,2005,688943,674908,0.98,2390,282.39,2,4,3,2,2,21,14035,1.02,0.02
98501,8,2016,455053,465086,1.02,1830,254.15,2,3,3,1,2,10,-10033,0.98,-0.02
98661,7,1979,569974,306060,1,2650,115.49,1,4,3,3,2,47,43901,1.86,0.86
98683,5,1986,669947,669916,1,1810,324.3,2,3,2,2,2,40,31,1,0
99207,8,2012,569974,313927,1,1390,225.85,3,3,2,2,2,14,43901,1.82,0.82
98503,4,1990,380073,384912,1.01,1230,312.94,1,3,2,2,2,36,-4839,0.99,-0.01
98056,7,1962,825094,835062,1.01,1070,680.56,1,3,2,1,2,64,-9968,0.99,-0.01
98042,7,1968,569974,520053,1,1150,452.22,1,3,1,1,2,58,43901,1.1,0.1
99037,7,2025,510007,505015,0.99,2700,187.04,2,4,3,3,2,1,4992,1.01,0.01
98444,7,1973,509851,517100,1.01,2670,193.67,2,4,3,1,2,53,-7249,0.99,-0.01
98028,7,1961,1149912,1119922,0.97,2130,525.78,2,5,2,2,2,65,29990,1.03,0.03
98387,7,2026,710276,710232,1,3080,230.59,2,5.5,4,2,2,0,44,1,0
98105,0,1996,1049934,1000099,0.96,2000,500.05,2,3,3,3,2,30,43901,1.05,0.05
98052,0,1968,339880,335578,0.99,710,472.65,2,1.5,1,1,2,58,4302,1.01,0.01
98329,7,1970,448921,477077,1.03,1340,356.03,2,3,2,2,2,56,-28156,0.94,-0.06
98007,0,1980,465072,444913,0.96,1090,408.18,1,2,2,1,2,46,20159,1.05,0.05
98407,7,1975,674938,659941,0.98,1740,379.28,2,3,3,2,2,51,14997,1.02,0.02
98550,7,1926,158931,165580,1.03,710,233.21,1,2,1,1,2,100,-6649,0.96,-0.04
98012,7,2025,1222787,1354904,0.97,3000,451.63,2,4,4,3,2,1,38167,0.9,-0.1
98034,7,1970,569974,700072,1,1540,454.59,2,4,2,1,2,56,-33595,0.81,-0.19
98008,7,1956,975067,1109949,1.03,1680,660.68,1,4,2,1,2,70,-33595,0.88,-0.12
98632,7,1953,274816,264088,0.96,660,400.13,1,2,1,1,2,73,10728,1.04,0.04
98338,7,2022,600003,600037,1,2440,245.92,2,4,3,2,2,4,-34,1,0
98373,7,2026,600055,600077,1,1910,314.18,2,4,3,2,2,0,-22,1,0
99037,7,2025,540025,549867,1.02,3340,164.63,2,4,4,3,2,1,-9842,0.98,-0.02
98208,7,1969,619055,626556,1.01,1010,620.35,1,3,1,1,2,57,-7501,0.99,-0.01
98002,7,1950,404433,328945,0.96,960,342.65,1,2,2,1,2,76,43901,1.23,0.23
98501,7,1985,458922,459910,1,1190,386.48,1,3,2,1,2,41,-988,1,0
99224,7,2025,540084,557583,1.03,2250,247.81,2,4,3,2,2,1,-17499,0.97,-0.03
98027,0,1983,514841,514950,1,1260,408.69,1,3,2,2,2,43,-109,1,0
98034,0,1987,459072,444079,0.97,980,453.14,1,2,2,1,2,39,14993,1.03,0.03
98133,7,2025,569974,599875,1,3700,162.13,2,5.5,4.5,3.5,2,1,-29901,0.95,-0.05
99224,7,1949,338071,316933,0.96,1810,324.3,1,3,2,1,2,77,21138,1.07,0.07
98112,0,1999,575074,575082,1,920,625.09,1,2,2,2,2,27,-8,1,0
98391,7,2025,699860,650046,0.96,2720,238.99,2,4,3,3,2,1,43901,1.08,0.08
98257,7,1988,424428,353091,0.96,2320,152.19,2,3,3,2,2,38,43901,1.2,0.2
98258,7,2000,510903,516057,1.01,1670,309.02,1,3,3,2,2,26,-5154,0.99,-0.01
99217,7,1955,569974,213073,1,2000,106.54,1,3,2,2,2,71,43901,2.68,1.68
98059,8,2008,678052,659903,0.97,1910,345.5,2,3,3,2,2,18,18149,1.03,0.03
98125,7,2025,569974,769938,1,3865,129.84,2,5.5,4.5,3.5,2,1,-33595,0.74,-0.26
99208,7,1937,289968,296407,1.02,1630,181.84,1,3,2,2,2,89,-6439,0.98,-0.02
98108,7,1926,359941,350075,0.97,620,564.64,1,2,1,1,2,100,9866,1.03,0.03
98855,7,1909,180054,175076,0.97,1010,173.34,1,2,1,2,2,117,4978,1.03,0.03
98115,8,2019,779962,779838,1,1270,614.05,2,2,2,1,2,7,124,1,0
98503,5,1986,725099,724904,1,2680,270.49,2,5.5,3,2,2,40,195,1,0
98115,7,2025,699990,699976,1,1130,619.45,2,2,2,1,2,1,14,1,0
98391,7,2026,600000,600029,1,2210,271.51,2,3,3,2,2,0,-29,1,0
98374,7,2025,699854,689927,0.99,3020,228.45,2,4,4,3,2,1,9927,1.01,0.01
98424,7,2010,517940,500054,0.97,1420,352.15,2,3,3,2,2,16,17886,1.04,0.04
99037,7,2025,668020,570089,0.96,3340,170.69,3,4,4,3,2,1,43901,1.17,0.17
98625,7,2006,695066,694934,1,3700,187.82,2,3,2,2,2,20,132,1,0
98370,7,1989,410070,419938,1.02,1120,374.94,1,2,2,2,2,37,-9868,0.98,-0.02
99208,5,1967,490088,492411,1,1810,324.3,2,3,2,2,2,59,-2323,1,0
98292,7,1955,774914,775060,1,1640,472.6,1,3,2,1,2,71,-146,1,0
98409,7,1909,349920,340084,0.97,890,382.12,1,1.5,1,1,2,117,9836,1.03,0.03
99019,7,2025,439869,440024,1,2550,172.56,2,5,3,2,2,1,-155,1,0
99336,7,1979,415087,417410,1.01,1450,287.87,1,3,2,2,2,47,-2323,0.99,-0.01
98903,7,1928,206059,206052,1,700,294.36,1,2,1,1,2,98,7,1,0
99205,7,1939,309970,309811,1,1530,202.49,1,2,1,1,2,87,159,1,0
98118,8,2018,564055,563939,1,1400,402.81,2,3,2,1,2,8,116,1,0
98826,7,1996,546335,480094,0.96,510,680.56,1,1.5,1,1,2,30,43901,1.14,0.14
98021,8,2025,1222787,1249882,1,2350,531.86,2,4,3,2,2,1,-4,0.98,-0.02
98901,3,1992,125082,100050,0.96,1810,324.3,2,3,2,2,2,34,25032,1.25,0.25
98203,7,1928,569974,510074,1,3140,162.44,2,4,3,3,2,98,43901,1.12,0.12
98801,0,1965,199963,203052,1.02,670,303.06,1,1.5,1,1,2,61,-3089,0.98,-0.02
98855,3,1992,41943,34937,0.96,1810,324.3,2,3,2,2,2,34,7006,1.2,0.2
98531,5,1994,569974,1462187.5,1,3865,214.91,2,3,2,3.5,2,32,-33595,0.39,-0.61
98296,8,2026,689931,680078,0.99,1840,369.61,2,3,4,1,2,0,9853,1.01,0.01
99004,4,2006,39945,40086,1,920,43.57,1,2,1,1,2,20,-141,1,0
98004,7,1977,1222787,1462187.5,0.96,3260,680.56,2,4,3,2,2,49,43901,0.84,-0.16
98321,7,2025,629904,629927,1,2350,268.05,2,4,3,2,2,1,-23,1,0
98258,3,1992,325063,324923,1,1810,324.3,2,3,2,2,2,34,140,1,0
98201,7,1915,550100,544948,0.99,1360,400.7,2,3,2,2,2,111,5152,1.01,0.01
98012,7,2008,1222787,1250064,0.96,2760,452.92,2,4,3,2,2,18,43901,0.98,-0.02
98532,4,1992,280073,274914,0.98,1190,231.02,1,3,2,2,2,34,5159,1.02,0.02
98031,7,1986,569974,600053,1,1690,355.06,2,3,3,2,2,40,-30079,0.95,-0.05
98671,3,1992,550052,549932,1,1810,324.3,2,3,2,2,2,34,120,1,0
99019,3,1992,319075,297056,0.96,1810,324.3,2,3,2,2,2,34,22019,1.07,0.07
98368,7,2025,420021,419857,1,1800,233.25,2,3,3,2,2,1,164,1,0
99185,7,2024,348940,344922,0.99,1740,198.23,1,3,2,2,2,2,4018,1.01,0.01
98136,5,1955,865078,844322,0.98,2180,387.3,2,3,2,2,2,71,20756,1.02,0.02
98155,7,1954,569974,450084,1,960,468.84,1,3,1,1,2,72,43901,1.27,0.27
99037,7,2025,506035,505889,1,2500,202.36,2,4,3,3,2,1,146,1,0
99223,3,1992,299909,300052,1,1810,324.3,2,3,2,2,2,34,-143,1,0
99181,3,1992,45054,44930,1,1810,324.3,2,3,2,2,2,34,124,1,0
98012,7,1962,569974,385059,1,1230,313.06,1,3,2,1,2,64,43901,1.48,0.48
98103,7,2025,929867,929884,1,1110,680.56,2,3,2,1,2,1,-17,1,0
99205,5,1971,525053,515066,0.98,1810,324.3,1,5.5,4.5,3.5,2,55,9987,1.02,0.02
98597,7,2010,410069,415089,1.01,1420,292.32,2,3,2,2,2,16,-5020,0.99,-0.01
98058,4,1992,210063,184934,0.96,1150,160.81,1,3,2,1,2,34,25129,1.14,0.14
98367,7,2025,534898,534893,1,1960,272.9,2,3,3,1,2,1,5,1,0
98443,7,1940,349859,352048,1.01,480,680.56,1,1.5,1,1,2,86,-2189,0.99,-0.01
98362,7,1949,224928,244948,1.03,810,302.4,1,2,1,1,2,77,-20020,0.92,-0.08
99354,7,1944,569974,260060,1,3320,78.33,1,4,2,2,2,82,43901,2.19,1.19
98502,7,2025,600029,599883,1,2330,257.46,2,4,3,2,2,1,146,1,0
98258,8,2013,450094,462053,1.03,1610,286.99,2,3,3,2,2,13,-11959,0.97,-0.03
99163,7,1971,335100,309905,0.96,1900,163.11,2,4,2,1,2,55,25195,1.08,0.08
99353,8,2025,403930,403918,1,1900,212.59,2,3,3,1,2,1,12,1,0
98564,7,1930,330067,330089,1,1800,183.38,2,3,2,1,2,96,-22,1,0
98226,0,2025,309929,930994,1,1250,680.56,2,1.5,1,2,2,1,-33595,0.33,-0.67
98404,7,1955,419908,410076,0.98,1440,284.77,1,3,2,1,2,71,9832,1.02,0.02
99009,7,1946,195071,204944,1.03,710,288.65,2,2,1,1,2,80,-9873,0.95,-0.05
98801,7,1992,569974,137939,1,1810,324.3,2,3,0.5,2,2,34,43901,4.13,3.13
99001,7,1995,247559,221102,0.96,1130,195.67,1,2,2,2,2,31,26457,1.12,0.12
98382,7,2025,490050,489857,1,1440,340.18,1,2,2,2,2,1,193,1,0
98030,7,2024,980078,980060,1,2560,382.84,2,4,3,2,2,2,18,1,0
98604,7,2024,450056,449902,1,1600,281.19,2,3,2,2,2,2,154,1,0
98498,7,1968,675079,700054,1.03,1980,353.56,1,3,2,1,2,58,-24975,0.96,-0.04
98922,4,1992,569974,349938,1,1400,249.96,2,2,2,2,2,34,43901,1.63,0.63
98204,0,1985,400007,399920,1,1240,322.52,2,2,3,1,2,41,87,1,0
98208,0,2010,569974,779073,1,2270,343.2,2,4,3,2,2,16,-33595,0.73,-0.27
98408,7,1973,344905,339925,0.99,1030,330.02,1,3,1,1,2,53,4980,1.01,0.01
98251,7,1968,449858,449866,1,990,454.41,1,2,2,1,2,58,-8,1,0
98026,7,1953,524932,524947,1,2080,252.38,1,3,2,1,2,73,-15,1,0
98125,0,2025,775063,769915,0.99,1460,527.34,3,3,2,1,2,1,5148,1.01,0.01
99301,3,1992,299948,299907,1,1810,324.3,2,3,2,2,2,34,41,1,0
98383,7,2025,800077,800079,1,2810,284.73,2,4,3,2,2,1,-2,1,0
99343,6,1992,569974,163064,1,1810,324.3,2,3,0.5,2,2,34,43901,3.5,2.5
98002,7,2006,638895,625933,0.98,2240,279.43,2,3,3,2,2,20,12962,1.02,0.02
98033,0,1987,569974,559901,1,920,608.59,3,2,2,2,2,39,10073,1.02,0.02
98851,3,1992,28944,29090,1,1810,324.3,2,3,2,2,2,34,-146,0.99,-0.01
98010,7,2026,575046,575047,1,1700,338.26,2,3,3,2,2,0,-1,1,0
98367,7,2025,599933,599894,1,1960,306.07,1,3,3,3,2,1,39,1,0
98270,7,2025,699875,699878,1,1940,360.76,2,4,3,1,2,1,-3,1,0
98198,7,1964,399926,460056,1.03,1120,410.76,1,3,1,1,2,62,-33595,0.87,-0.13
98274,7,1910,450098,435061,0.97,2270,191.66,2,3,2,1,2,116,15037,1.03,0.03
98338,7,2025,504867,504885,1,1630,309.75,2,3,3,2,2,1,-18,1,0
98382,7,2026,490044,490042,1,1440,340.31,1,2,2,2,2,0,2,1,0
98258,7,2025,770030,769886,1,2570,299.57,2,4,3,2,2,1,144,1,0
98671,7,1994,400092,400068,1,920,434.86,1,2,2,2,2,32,24,1,0
98304,7,1969,569974,130093,1,530,245.46,2,3,1,1,2,57,43901,4.38,3.38
98373,7,2026,700083,700232,1,2580,271.41,2,5,3,2,2,0,-149,1,0
98024,7,2020,899070,875083,0.97,1560,560.95,2,2,3,2,2,6,23987,1.03,0.03
98422,7,1979,379969,400078,1.03,900,444.53,1,2,1,1,2,47,-20109,0.95,-0.05
99004,7,2025,340050,350050,1.03,1220,286.93,1,3,2,2,2,1,-10000,0.97,-0.03
98155,7,1941,749912,650074,0.96,1600,406.3,1,2,1,1,2,85,43901,1.15,0.15
98045,7,2026,1222787,1369924,0.96,2600,526.89,1,4,3,3,2,0,43901,0.89,-0.11
98902,7,1930,315079,314907,1,1410,223.34,2,3,2,1,2,96,172,1,0
98087,7,2016,850047,849850,1,2250,377.71,2,4,3,2,2,10,197,1,0
98532,7,2026,475076,475077,1,2160,219.94,2,3,3,1,2,0,-1,1,0
98270,7,2025,695037,679915,0.98,2070,328.46,2,3,3,1,2,1,15122,1.02,0.02
99362,7,2026,498049,495544,1,1570,315.63,1,3,2,2,2,0,2505,1.01,0.01
98003,0,1976,264922,259099,0.98,830,312.17,1,2,2,1,2,50,5823,1.02,0.02
98360,7,2025,651246,651246,1,2560,254.39,2,4,3,3,2,1,0,1,0
98270,7,2025,825038,794936,0.96,2920,272.24,2,5,3,2,2,1,30102,1.04,0.04
98930,7,2025,359998,359982,1,1430,251.74,1,3,2,2,2,1,16,1,0
98110,0,2019,399934,349938,0.96,440,680.56,1,1.5,2,2,2,7,43901,1.14,0.14
98664,7,1993,899935,899925,1,2870,313.56,2,5,3,3,2,33,10,1,0
98901,7,1910,253901,253928,1,1700,149.37,2,3,1,1,2,116,-27,1,0
98270,7,2025,569974,795100,1,3000,265.03,2,5,3,3,2,1,-33595,0.72,-0.28
98404,7,1925,424941,433922,1.02,2260,192,2,3,1,1,2,101,-8981,0.98,-0.02
98847,3,1992,549921,300098,0.96,1810,324.3,2,3,2,2,2,34,43901,1.83,0.83
98370,7,2025,650033,726040,1.03,2350,308.95,2,3,3,2,2,1,-33595,0.9,-0.1
98270,7,2025,694890,690093,0.99,2070,333.38,2,3,3,1,2,1,4797,1.01,0.01
98270,7,2025,775039,750008,0.97,2760,271.74,2,5,3,2,2,1,25031,1.03,0.03
98155,7,1948,524945,584911,1.03,1920,304.64,1,4,1,1,2,78,-33595,0.9,-0.1
98902,7,1950,284941,285062,1,900,316.74,1,2,1,1,2,76,-121,1,0
98391,7,2025,729029,707651,0.97,2350,301.13,2,3,3,1,2,1,21378,1.03,0.03
98662,7,1990,569974,374846,1,1260,297.5,1,3,2,2,2,36,43901,1.52,0.52
98570,7,2025,550028,524937,0.96,2000,262.47,1,3,2,2,2,1,25091,1.05,0.05
99019,7,2025,440043,425459,0.97,1850,229.98,2,3,3,2,2,1,14584,1.03,0.03
98597,7,2025,583940,583781,1,2510,232.58,2,4,3,2,2,1,159,1,0
98391,7,2024,1145070,1099916,0.96,3860,284.95,2,4,4,3,2,2,43901,1.04,0.04
98815,7,1930,569974,240050,1,860,279.13,1,2,1,1,2,96,43901,2.37,1.37
98837,7,2025,374903,375049,1,1740,215.55,2,3,3,1,2,1,-146,1,0
98560,7,1983,569974,224061,1,1860,120.46,2,2,2,2,2,43,43901,2.54,1.54
99336,7,1979,325082,325099,1,1460,222.67,1,3,2,2,2,47,-17,1,0
99207,7,1956,349927,344070,0.98,2200,156.4,1,4,2,1,2,70,5857,1.02,0.02
98155,7,1950,1199923,1174948,0.98,1420,680.56,1,3,1,2,2,76,24975,1.02,0.02
99301,7,2025,988007,1178716,1.03,2660,443.13,1,4,3,2,2,1,-33595,0.84,-0.16
98104,0,2023,473930,473902,1,610,680.56,1,1.5,1,2,2,3,28,1,0
98059,7,2008,1222787,1207422,0.97,3250,371.51,2,4,3,2,2,18,42662,1.01,0.01
98277,7,1992,569974,350384,1,1810,324.3,2,3,0.5,2,2,34,43901,1.63,0.63
98391,7,2026,758840,758694,1,2410,314.81,1,4,2,2,2,0,146,1,0
98604,7,1997,1222787,1462187.5,1,3865,434.76,2,4,4,3.5,2,29,-6,0.84,-0.16
98225,7,1923,1049921,1074945,1.02,2160,497.66,2,3,3,1,2,103,-25024,0.98,-0.02
98270,7,2025,569974,689903,1,2140,322.38,2,4,3,2,2,1,-33595,0.83,-0.17
98360,7,2025,639631,639592,1,2560,249.84,2,4,3,3,2,1,39,1,0
98531,7,1969,569974,474943,1,1420,334.47,1,3,2,2,2,57,43901,1.2,0.2
98370,7,1998,569974,720213,1,2410,298.84,2,3,3,2,2,28,-33595,0.79,-0.21
98926,7,1996,569974,324950,1,1150,282.57,1,3,2,2,2,30,43901,1.75,0.75
98117,7,1909,569974,829950,1,1430,580.38,2,3,1,1,2,117,-33595,0.69,-0.31
98382,7,2025,479858,479891,1,1440,333.26,1,2,2,2,2,1,-33,1,0
98823,7,1955,569974,1462187.5,1,1890,680.56,1,3,1,1,2,71,-33595,0.39,-0.61
98103,7,1972,1195087,925091,0.96,3865,181.04,2,5.5,4.5,3,2,54,43901,1.29,0.29
99208,7,1965,569974,300062,1,2180,137.64,1,3,2,1,2,61,43901,1.9,0.9
98258,7,2025,569974,770032,1,2700,285.2,3,4,3,2,2,1,-33595,0.74,-0.26
98002,8,2004,419419,419433,1,1380,303.94,2,3,2,2,2,22,-14,1,0
98391,7,2002,569974,335072,1,1630,205.57,2,3,2,2,2,24,43901,1.7,0.7
99350,7,2025,913245,913225,1,3080,296.5,2,4,3,2,2,1,20,1,0
98116,7,1930,569974,900095,1,850,680.56,1,2,1,1,2,96,-33595,0.63,-0.37
98445,7,2017,569974,787876,1,2270,347.08,2,4,2,3,2,9,-33595,0.72,-0.28
98391,7,2025,649892,650025,1,2350,276.61,2,4,3,3,2,1,-133,1,0
99109,7,1909,374850,355093,0.96,2590,137.1,1,4,2,2,2,117,19757,1.06,0.06
98223,7,2025,1149932,1149917,1,2970,387.18,2,4,3,2,2,1,15,1,0
98903,7,2026,489628,479943,0.98,2050,234.12,1,3,2,2,2,0,9685,1.02,0.02
98005,0,1997,569974,860059,1,1570,547.81,2,3,3,2,2,29,-33595,0.66,-0.34
98611,7,1998,569974,549933,1,1850,297.26,1,3,2,2,2,28,20041,1.04,0.04
98597,7,2025,521821,511954,0.98,1430,358.01,1,3,2,2,2,1,9867,1.02,0.02
98363,7,1965,424935,414915,0.98,1200,345.76,2,2,2,2,2,61,10020,1.02,0.02
98188,7,1960,660099,635075,0.96,1780,356.78,1,4,2,1,2,66,25024,1.04,0.04
98642,7,1920,432559,432552,1,1830,236.37,3,4,1,1,2,106,7,1,0
98270,7,2025,569974,749880,1,2800,267.81,2,5,3,2,2,1,-33595,0.76,-0.24
98548,7,2008,569974,50552,1,1080,46.81,2,2,1,1,2,18,43901,11.27,10.28
98685,7,2016,1222787,1462187.5,1,3865,551.09,2,5.5,4.5,3.5,2,10,27,0.84,-0.16
98466,7,1964,569974,764901,1,2240,341.47,1,4,2,2,2,62,-33595,0.75,-0.25
99324,7,2025,564900,565097,1,1430,395.17,1,3,2,2,2,1,-197,1,0
99212,7,2025,569974,799920,1,2140,373.79,1,3,2,2,2,1,-33595,0.71,-0.29
98029,7,2003,569974,1462187.5,1,2730,617.25,2,3,3,2,2,23,-33595,0.39,-0.61
98022,7,1998,569974,544902,1,1350,403.63,1,3,2,2,2,28,25072,1.05,0.05
98270,7,2025,569974,679918,1,2140,317.72,2,4,3,2,2,1,-33595,0.84,-0.16
98664,7,1958,569974,457271,1,1400,326.62,1,4,2,2,2,68,43901,1.25,0.25
98908,7,1959,569974,257599,1,1560,165.13,1,3,3,2,2,67,43901,2.21,1.21
98501,7,1953,569974,400071,1,980,408.24,1,3,1,1,2,73,43901,1.42,0.42
98038,7,1965,569974,324942,1,920,353.2,1,2,1,1,2,61,43901,1.75,0.75
98407,7,1955,569974,515055,1,1460,352.78,1,3,1,1,2,71,43901,1.11,0.11
98801,7,1992,569974,189922,1,1810,324.3,2,3,0.5,2,2,34,43901,3,2
98932,7,1940,569974,66909,1,620,107.92,1,1.5,1,1,2,86,43901,8.52,7.52
99208,7,2025,569974,704894,1,2900,243.07,1,4,3,3,2,1,-33595,0.81,-0.19
98057,0,1998,569974,275062,1,840,327.45,3,2,1,1,2,28,43901,2.07,1.07
98816,7,1992,569974,289923,1,1810,324.3,2,3,0.5,2,2,34,43901,1.97,0.97
98513,7,1978,569974,249926,1,1350,185.13,1,3,2,1,2,48,43901,2.28,1.28
99216,7,1975,569974,399924,1,1700,235.25,1,4,2,2,2,51,43901,1.43,0.43
98092,7,1992,569974,865538,1,1810,324.3,2,3,0.5,2,2,34,-33595,0.66,-0.34
98603,7,2001,924925,924900,1,3865,184.61,2,4,3,3,2,25,25,1,0
98850,7,1973,569974,488939,1,2240,218.28,1,2,1,1,2,53,43901,1.17,0.17
98663,7,1977,509490,509474,1,2060,247.32,3,4,3,3,2,49,16,1,0
98683,7,1975,569974,424919,1,1860,228.45,1,4,2,2,2,51,43901,1.34,0.34
99019,7,1974,569974,250063,1,1600,156.29,1,4,2,2,2,52,43901,2.28,1.28
98582,7,1997,569974,474941,1,1460,325.3,2,3,0.5,2,2,29,43901,1.2,0.2
98045,7,1992,569974,1374943,1,1810,324.3,2,3,0.5,2,2,34,-33595,0.41,-0.59
98007,7,1956,569974,1341934,1,1230,680.56,1,3,2,2,2,70,-33595,0.42,-0.58
98107,7,1929,569974,1350062,1,2480,544.38,2,4,4.5,3.5,2,97,-33595,0.42,-0.58
98579,7,1975,569974,169941,1,1280,132.77,1,3,1,1,2,51,43901,3.35,2.35
99301,7,2025,393678,393692,1,1250,314.95,1,3,2,1,2,1,-14,1,0
98028,7,1992,569974,1249915,1,1810,324.3,2,3,0.5,2,2,34,-33595,0.46,-0.54
98007,7,1955,569974,1300092,1,1490,680.56,1,3,3,2,2,71,-33595,0.44,-0.56
98033,0,1992,569974,990076,1,1320,680.56,2,2,4,2,2,34,-33595,0.58,-0.42
98201,7,1909,569974,534947,1,1420,376.72,1,3,2,2,2,117,35027,1.07,0.07
98392,7,1937,569974,249913,1,740,337.72,1,2,1,1,2,89,43901,2.28,1.28
99016,7,2025,569974,519943,1,2720,191.16,2,4,2,2,2,1,43901,1.1,0.1
98604,7,1991,569974,1462187.5,1,1850,680.56,1,3,3,2,2,35,-33595,0.39,-0.61
98841,7,1928,569974,71922,1,1540,46.7,1,4,1,2,2,98,43901,7.92,6.92
99353,7,1940,224933,225071,1,1280,175.84,1,3,2,2,2,86,-138,1,0
98036,7,1951,569974,859935,1,1080,680.56,1,2,1,1,2,75,-33595,0.66,-0.34
98851,7,2018,569974,275099,1,1360,202.28,1,3,2,2,2,8,43901,2.07,1.07
98408,7,2003,569974,475054,1,1340,354.52,2,3,2,2,2,23,43901,1.2,0.2
98045,0,1992,569974,729848,1,1810,324.3,2,3,0.5,2,2,34,-33595,0.78,-0.22
98370,7,1992,569974,695201,1,1810,324.3,2,3,0.5,2,2,34,-33595,0.82,-0.18
98405,7,1947,569974,300071,1,1140,263.22,1,4,1,1,2,79,43901,1.9,0.9
98822,7,2001,569974,1180090,1,2540,464.6,2,3,4.5,3.5,2,25,-33595,0.48,-0.52
98225,7,1924,569974,585332,1,1080,541.97,1,2,1,1,2,102,-15358,0.97,-0.03
98513,7,2015,569974,305886,1,2480,123.34,2,4,3,3,2,11,43901,1.86,0.86
99151,7,1978,569974,285313,1,770,370.54,2,1.5,1,1,2,48,43901,2,1
98248,7,2018,569974,745228,1,2680,278.07,1,3,3,2,2,8,-33595,0.76,-0.24
98531,7,1998,569974,126927,1,1400,90.66,2,3,2,2,2,28,43901,4.49,3.49
99031,7,1909,569974,126962,1,970,130.89,1,1.5,1,1,2,117,43901,4.49,3.49
98584,7,2025,569974,878058,1,1810,324.3,2,3,0.5,2,2,1,-33595,0.65,-0.35
98569,3,1992,55086,44908,0.96,1810,324.3,2,3,2,2,2,34,10178,1.23,0.23
98576,7,1985,569974,204924,1,780,262.72,1,3,3,2,2,41,43901,2.78,1.78
98226,0,2025,310063,930976,1,1250,680.56,2,1.5,1,2,2,1,-33595,0.33,-0.67
99019,7,1910,569974,260597,1,1100,236.91,1,2,1,2,2,116,43901,2.19,1.19
98223,7,1915,569974,279934,1,1100,254.49,1,3,1,1,2,111,43901,2.04,1.04
98177,7,2003,569974,650060,1,2080,312.53,2,4,3,2,2,23,-33595,0.88,-0.12
98059,7,1963,569974,600090,1,2160,277.82,1,5,4.5,3,2,63,-30116,0.95,-0.05
99202,7,1979,569974,249945,1,1360,183.78,1,2,1,1,2,47,43901,2.28,1.28
98058,7,1967,569974,630094,1,1930,326.47,1,4,3,2,2,59,-33595,0.9,-0.1
98105,7,1925,569974,1462187.5,1,1710,680.56,1,2,1,1,2,101,-33595,0.39,-0.61
98059,7,1978,569974,850099,1,2720,312.54,1,4,4,3,2,48,-33595,0.67,-0.33
98198,0,1989,300093,289927,0.97,1190,243.64,1,3,2,1,2,37,10166,1.04,0.04
99403,7,1910,569974,44919,1,840,53.48,2,3,0.5,2,2,116,43901,12.69,11.69
98030,7,2025,799979,799995,1,2400,333.33,2,4,3,2,2,1,-16,1,0
98092,7,1960,569974,509944,1,1660,307.2,1,3,2,1,2,66,43901,1.12,0.12
98101,0,1991,569974,440065,1,510,680.56,3.5,1.5,1,1,2,35,43901,1.3,0.3
99352,7,2026,554397,554540,1,1980,280.07,1,4,2,2,2,0,-143,1,0
99224,7,2000,449947,463418,1.03,1840,251.86,2,4,3,3,2,26,-13471,0.97,-0.03
98004,7,1952,569974,1462187.5,1,1910,680.56,1,4,3,2,2,74,-33595,0.39,-0.61
98816,7,1992,569974,290097,1,1810,324.3,2,3,0.5,2,2,34,43901,1.96,0.96
98033,7,1992,569974,1462187.5,1,1810,324.3,2,3,0.5,2,2,34,-33595,0.39,-0.61
98282,7,1962,569974,699942,1,1760,397.69,2,2,2,2,2,64,-33595,0.81,-0.19
98444,7,1942,569974,375059,1,1980,189.42,2,5,2,2,2,84,43901,1.52,0.52
98844,7,2007,569974,847090,1,2840,298.27,1,3,0.5,2,2,19,-33595,0.67,-0.33
98275,7,1978,569974,974927,1,2850,342.08,1,3,3,3,2,48,-33595,0.58,-0.42
98233,7,1958,569974,425230,1,1180,360.36,1,3,1,1,2,68,43901,1.34,0.34
98271,7,1966,569974,479922,1,1170,410.19,1,3,2,1,2,60,43901,1.19,0.19
98576,7,2010,569974,439909,1,1240,354.77,1,3,2,2,2,16,43901,1.3,0.3
98565,7,2007,569974,123261,1,1060,116.28,2,3,2,2,2,19,43901,4.62,3.62
98665,7,1932,569974,750058,1,1780,421.38,2,2,2,2,2,94,-33595,0.76,-0.24
98506,7,2025,669918,670082,1,3010,222.62,2,5.5,3,2,2,1,-164,1,0
99336,7,1975,569974,270072,1,1900,142.14,1,3,2,2,2,51,43901,2.11,1.11
98407,7,1956,569974,440091,1,1060,415.18,1,3,1,1,2,70,43901,1.3,0.3
99205,7,1965,569974,505056,1,3100,162.92,1,4,3,3,2,61,43901,1.13,0.13
98198,7,1979,569974,689937,1,2040,338.2,1,3,3,2,2,47,-33595,0.83,-0.17
99352,7,2025,411416,411414,1,1410,291.78,1,3,2,1,2,1,2,1,0
98106,7,1943,569974,475093,1,740,642.02,1,2,1,1,2,83,43901,1.2,0.2
99205,5,1971,569974,514947,1,2890,178.18,1,5.5,3,3,2,55,43901,1.11,0.11
98021,8,2024,569974,1249909,1,2480,504,2,4,4,3,2,2,-33595,0.46,-0.54
98503,7,1967,569974,440053,1,1190,369.79,1,3,2,1,2,59,43901,1.3,0.3
98530,4,1975,569974,97056,1,920,105.5,2,3,0.5,2,2,51,43901,5.87,4.87
98026,7,1978,595071,625905,1.03,1610,388.76,2,3,2,1,2,48,-30834,0.95,-0.05
98208,7,1987,650033,649894,1,1630,398.71,2,3,3,2,2,39,139,1,0
98058,4,1992,569974,629935,1,1810,324.3,2,3,0.5,2,2,34,-33595,0.9,-0.1
98935,7,1918,569974,124944,1,690,181.08,1,2,1,1,2,108,43901,4.56,3.56
98373,7,1941,569974,144920,1,930,155.83,1,1.5,1,1,2,85,43901,3.93,2.93
98133,0,1979,569974,449948,1,1070,420.51,3,2,3,2,2,47,43901,1.27,0.27
99208,7,1975,535082,512936,0.96,3020,169.85,1,4,4,1,2,51,22146,1.04,0.04
98045,7,1992,569974,1369934,1,1810,324.3,2,3,0.5,2,2,34,-33595,0.42,-0.58
98340,7,1995,569974,752583,1,2260,333,2,3,3,2,2,31,-33595,0.76,-0.24
99156,7,1950,614907,435075,0.96,480,680.56,2,2,1,1,2,76,43901,1.41,0.41
99301,7,2025,484257,484259,1,1870,258.96,1,4,2,1,2,1,-2,1,0
98103,0,1992,569974,1275073,1,2670,477.56,2,3,3,2,2,34,-33595,0.45,-0.55
99167,7,1976,574905,540073,0.96,2970,181.84,3,4,4,3.5,2,50,34832,1.06,0.06
98273,7,1915,569974,225068,1,1520,148.07,2,3,1,1,2,111,43901,2.53,1.53
98607,7,1997,1099905,1100077,1,3510,313.41,3,4,3,3,2,29,-172,1,0
98607,7,1950,599929,600066,1,2510,239.07,3,3,2,2,2,76,-137,1,0
98626,7,1924,569974,185067,1,860,215.19,1,2,1,1,2,102,43901,3.08,2.08
98908,7,1978,574938,574911,1,2000,287.46,2,4,3,2,2,48,27,1,0
98144,0,1992,569974,499938,1,870,574.64,2,1.5,2,1,2,34,43901,1.14,0.14
98203,7,1953,569974,420934,1,2100,200.44,1,2,2,2,2,73,43901,1.35,0.35
98382,7,1974,594911,563443,0.96,2020,278.93,2,2,3,2,2,52,31468,1.06,0.06
99224,7,2007,439052,435085,0.99,2600,167.34,2,4,3,2,2,19,3967,1.01,0.01
98034,7,1968,569974,840086,1,950,680.56,1,3,1,1,2,58,-33595,0.68,-0.32
99203,7,1939,499849,504916,1.01,2490,202.78,2,4,3,3,2,87,-5067,0.99,-0.01
98632,7,1926,569974,104198,1,980,106.32,1,3,1,1,2,100,43901,5.47,4.47
99338,7,2020,609820,609827,1,2520,241.99,1,4,3,3,2,6,-7,1,0
98682,7,2020,560057,560064,1,2160,259.29,2,4,2,2,2,6,-7,1,0
99224,7,2017,399925,399912,1,1440,277.72,2,3,2,1,2,9,13,1,0
99338,7,2025,749800,725067,0.97,2840,255.31,1,4,4,3,2,1,24733,1.03,0.03
99352,7,1982,539091,539071,1,2380,226.5,2,4,3,3,2,44,20,1,0
98045,7,1992,569974,1369922,1,1810,324.3,2,3,0.5,2,2,34,-33595,0.42,-0.58
98119,7,1914,1089920,1079912,0.99,2420,446.24,2,4,2,2,2,112,10008,1.01,0.01
98501,4,1985,569974,464915,1,1570,296.12,2,3,0.5,2,2,41,43901,1.23,0.23
98034,0,1992,569974,1174908,1,1810,324.3,2,3,0.5,2,2,34,-33595,0.49,-0.51
98908,6,1992,569974,50554,1,1810,324.3,2,3,0.5,2,2,34,43901,11.27,10.27
98604,7,1997,999076,998909,1,3380,295.54,2,5.5,3,3,2,29,167,1,0
98146,7,1933,569974,519906,1,1330,390.91,1,3,1,1,2,93,43901,1.1,0.1
99301,7,2006,429965,432476,1.01,2230,193.94,2,4,3,2,2,20,-2511,0.99,-0.01
99114,7,1909,230063,230084,1,1280,179.75,2,4,2,2,2,117,-21,1,0
98116,7,1947,569974,924904,1,1800,513.84,2,4,3,2,2,79,-33595,0.62,-0.38
98661,7,1913,569974,649479,1,1930,336.52,2,3,1,1,2,113,-33595,0.88,-0.12
99185,7,1909,284942,289936,1.02,1810,324.3,2,4,3,2,2,117,-4994,0.98,-0.02
98683,7,1987,533939,534086,1,1430,373.49,1,2,2,2,2,39,-147,1,0
98057,0,1998,569974,275072,1,680,404.52,3,1.5,1,1,2,28,43901,2.07,1.07
98604,7,2025,569974,585057,1,2260,258.87,2,3,3,2,2,1,-15083,0.97,-0.03
98391,7,2026,681272,681254,1,2350,289.9,2,3,3,2,2,0,18,1,0
98033,7,1961,1222787,1462187.5,1,2850,649.16,2,4,3,2,2,65,-160,0.84,-0.16
98516,7,1979,464409,464902,1,1280,363.2,1,3,1,1,2,47,-493,1,0
99004,7,2006,668915,632090,0.96,2510,251.83,1,4,3,2,2,20,36825,1.06,0.06
98290,7,2012,1222787,1298900,1,3865,284.85,2,4,4.5,3.5,2,14,4,0.94,-0.06
99156,7,1950,614911,595079,0.97,420,680.56,2,2,1,1,2,76,19832,1.03,0.03
99037,7,1993,384902,384912,1,2300,167.35,1,3,3,1,2,33,-10,1,0
98072,7,1986,1222787,1099942,0.96,2190,502.26,3,4,3,3,2,40,43901,1.11,0.11
98597,7,2005,398937,419935,1.03,1290,325.53,1,3,2,2,2,21,-20998,0.95,-0.05
99344,7,1992,339937,340058,1,1260,269.89,1,4,2,2,2,34,-121,1,0
98038,7,1988,700052,700097,1,1780,393.31,2,3,3,1,2,38,-45,1,0
98374,7,2017,740039,725081,0.98,3060,236.95,2,5,4,2,2,9,14958,1.02,0.02
98374,7,1984,649583,625097,0.96,2790,224.05,1,3,3,2,2,42,24486,1.04,0.04
99350,7,1983,575054,570071,0.99,2790,204.33,1,3,2,2,2,43,4983,1.01,0.01
98020,0,1990,1222787,1462187.5,1.02,3740,601.62,1,3,4,2,2,36,-33595,0.84,-0.16
98370,7,2025,725049,713074,0.98,2390,298.36,2,4,3,3,2,1,11975,1.02,0.02
98944,7,2012,675070,625078,0.96,2110,296.25,1,4,2,2,2,14,43901,1.08,0.08
98105,8,2008,610073,605068,0.99,1220,495.96,2,3,3,1,2,18,5005,1.01,0.01
99016,7,2003,485064,467066,0.96,2220,210.39,2,4,4,3,2,23,17998,1.04,0.04
98118,8,2025,788903,770076,0.98,1170,658.18,2,2,2,1,2,1,18827,1.02,0.02
98033,8,2003,1222787,1462187.5,1,2150,680.56,2,3,3,1,2,23,113,0.84,-0.16
98155,7,1969,1175078,1174941,1,2560,458.96,1,4,3,1,2,57,137,1,0
98006,8,2000,865928,865948,1,1700,509.38,2,3,3,2,2,26,-20,1,0
98354,7,1996,639069,639057,1,1410,453.23,1,3,2,1,2,30,12,1,0
98014,7,1979,1222787,1462187.5,0.96,3865,331.57,2,5,4,2,2,47,43901,0.84,-0.16
98042,7,1992,569974,575003,1,1810,324.3,2,3,0.5,2,2,34,-5029,0.99,-0.01
98620,7,1920,324949,309948,0.96,3865,75.78,2,4,1,1,2,106,15001,1.05,0.05
98023,8,1982,370023,369091,1,1320,279.61,2,3,3,2,2,44,932,1,0
98024,7,2010,1222787,1462187.5,0.96,3865,387.02,2,4,3,2,2,16,43901,0.84,-0.16
98077,7,1982,1222787,1462187.5,1,3720,430.13,2,4,4,1,2,44,-150,0.84,-0.16
98074,7,2025,1222787,1462187.5,0.99,3865,623.89,2,5,4.5,2,2,1,28864,0.84,-0.16
98604,7,2013,1222787,1462187.5,0.99,3865,413.73,1,5,4,3,2,13,25168,0.84,-0.16
98528,6,1992,569974,39938,1,1810,324.3,2,3,0.5,2,2,34,43901,14.27,13.27
98391,7,2003,640065,644912,1.01,2160,298.57,2,4,3,2,2,23,-4847,0.99,-0.01
98022,7,1993,1070065,970082,0.96,2400,404.2,1,3,2,2,2,33,43901,1.1,0.1
98270,7,1999,540066,555089,1.03,1340,414.25,2,3,3,1,2,27,-15023,0.97,-0.03
98406,7,1996,589069,636082,1.03,1220,521.38,1,3,2,2,2,30,-33595,0.93,-0.07
99156,7,2002,319915,319925,1,1060,301.82,1,3,1,1,2,24,-10,1,0
98282,7,2017,899054,904089,1.01,2440,370.53,1,3,3,1,2,9,-5035,0.99,-0.01
98248,7,2003,598948,549909,0.96,1620,339.45,1,3,2,2,2,23,43901,1.09,0.09
98370,7,1981,534924,525069,0.98,1850,283.82,2,3,3,1,2,45,9855,1.02,0.02
98418,7,2007,499084,489902,0.98,1740,281.55,2,4,3,2,2,19,9182,1.02,0.02
98282,7,1987,848937,848900,1,2360,359.7,2,3,2,1,2,39,37,1,0
98148,7,1954,699060,699086,1,1380,506.58,1,3,2,1,2,72,-26,1,0
98953,5,1977,658919,614903,0.96,3865,142.01,2,5.5,4.5,3.5,2,49,43901,1.07,0.07
98629,4,2002,755931,756055,1,2710,278.99,1,4,2,2,2,24,-124,1,0
98848,0,1992,239087,239077,1,930,257.07,1,2,1,1,2,34,10,1,0
98271,7,1967,715057,750083,1.03,1960,382.7,3,3,3,2,2,59,-33595,0.95,-0.05
98663,7,1935,315664,315817,1,1270,248.67,1,2,1,1,2,91,-153,1,0
98258,7,2013,1029872,1040056,1.01,3450,301.47,2,4,4,3,2,13,-10184,0.99,-0.01
98007,0,2025,1222787,1462187.5,0.98,3020,680.56,3,4,4,2,2,1,43901,0.84,-0.16
98902,7,1925,382913,383053,1,2760,138.79,2,4,1,1,2,101,-140,1,0
98363,7,1922,400075,342432,0.96,1110,308.5,2,3,1,1,2,104,43901,1.17,0.17
98065,7,2023,1222787,1462187.5,1,3865,573.58,2,4,4.5,3,2,3,-17,0.84,-0.16
98105,7,2026,799842,799836,1,1080,680.56,3,2,3,2,2,0,6,1,0
98070,7,1947,829942,839908,1.01,1540,545.39,1,2,2,1,2,79,-9966,0.99,-0.01
98056,0,1979,299912,274903,0.96,1010,272.18,1,2,2,1,2,47,25009,1.09,0.09
98052,7,1985,1222787,1462187.5,1.03,2360,680.56,2,4,3,2,2,41,-33595,0.84,-0.16
98329,7,1973,639925,589937,0.96,3000,196.65,1,3,2,1,2,53,43901,1.08,0.08
98053,7,1973,1222787,1462187.5,0.98,2600,603.27,2,3,3,1,2,53,31397,0.84,-0.16
99207,7,1911,345095,349086,1.01,1640,212.86,2,3,2,2,2,115,-3991,0.99,-0.01
98404,7,1971,419837,419995,1,1310,320.61,2,3,2,1,2,55,-158,1,0
98391,7,2013,785055,784920,1,3220,243.76,2,4,3,3,2,13,135,1,0
98632,4,1990,419989,429956,1.02,1480,290.51,1,3,2,2,2,36,-9967,0.98,-0.02
98682,5,2003,706085,706058,1,1810,324.3,2,5.5,4.5,3.5,2,23,27,1,0
98932,5,1996,594934,569949,0.96,3230,176.45,2,5.5,3,3,2,30,24985,1.04,0.04
99352,4,1979,79910,100074,1.03,1540,64.98,1,3,2,1,2,47,-20164,0.8,-0.2
98932,5,1996,595059,570086,0.96,3230,176.5,2,5.5,4,3.5,2,30,24973,1.04,0.04
98014,7,2010,1222787,1462187.5,0.96,3865,435.62,2,4,4,3,2,16,43901,0.84,-0.16
98831,0,1988,3413,3593,1.03,960,3.74,1,2,2,2,2,38,-180,0.95,-0.05
98026,7,1960,725065,745062,1.03,1270,586.66,2,4,1,1,2,66,-19997,0.97,-0.03
98277,7,1995,569927,570076,1,1890,301.63,2,3,3,2,2,31,-149,1,0
98258,7,1975,789067,814916,1.03,1760,463.02,1,3,2,1,2,51,-25849,0.97,-0.03
98122,8,2026,950001,950077,1,1770,536.77,2,3,2,1,2,0,-76,1,0
98321,7,2025,668051,668069,1,2980,224.18,2,5,3,1,2,1,-18,1,0
98116,7,1960,569974,1099933,1,1480,680.56,1,3,2,1,2,66,-33595,0.52,-0.48
98579,4,1994,474927,470071,0.99,1600,293.79,1,3,3,2,2,32,4856,1.01,0.01
98371,7,1989,599942,590062,0.98,1540,383.16,2,3,3,1,2,37,9880,1.02,0.02
98226,7,2002,989948,1036065,1.03,3080,336.38,2,3,3,2,2,24,-33595,0.96,-0.04
98226,0,2025,309932,931138,1,1250,680.56,2,1.5,1,2,2,1,-33595,0.33,-0.67
98363,3,1992,165100,156095,0.96,1810,324.3,2,3,2,2,2,34,9005,1.06,0.06
98006,7,1954,1222787,1339907,1,2160,620.33,1,5,3,3,2,72,24,0.91,-0.09
98112,0,1996,579100,579066,1,960,603.19,2,2,2,1,2,30,34,1,0
99349,4,2014,460074,440066,0.96,1300,338.51,1,3,2,2,2,12,20008,1.05,0.05
98840,7,1910,334912,319948,0.96,1960,163.24,2,3,1,1,2,116,14964,1.05,0.05
98042,7,1989,775090,760063,0.98,1940,391.79,2,3,3,2,2,37,15027,1.02,0.02
99223,7,2025,549949,525079,0.96,2000,262.54,1,3,2,2,2,1,24870,1.05,0.05
98014,7,1994,995050,950063,0.96,2180,435.81,1,3,2,2,2,32,43901,1.05,0.05
98045,7,1948,1222787,1300087,0.96,800,680.56,1,2,1,1,2,78,43901,0.94,-0.06
98092,0,2007,774853,770052,0.99,2860,269.25,2,4,3,2,2,19,4801,1.01,0.01
98418,7,1925,417944,418071,1,1020,409.87,1,2,1,1,2,101,-127,1,0
98367,7,1977,539082,525064,0.97,1750,300.04,3,3,3,1,2,49,14018,1.03,0.03
98335,7,1946,569974,1462187.5,1,1870,680.56,2,2,1,1,2,80,-33595,0.39,-0.61
98274,7,1954,659902,619949,0.96,3360,184.51,1,4,3,2,2,72,39953,1.06,0.06
98682,7,1994,489065,488929,1,2000,244.46,2,3,2,2,2,32,136,1,0
98074,7,2005,1222787,1462187.5,0.96,3865,430.42,2,5.5,4,3,2,21,43901,0.84,-0.16
98070,7,1931,1222787,1462187.5,1,2920,680.56,2,3,4,2,2,95,11,0.84,-0.16
99207,7,1947,224903,229937,1.02,770,298.62,1,2,1,1,2,79,-5034,0.98,-0.02
99353,7,2007,599843,599829,1,2760,217.33,1,4,3,1,2,19,14,1,0
98332,7,1979,650080,649915,1,1410,460.93,3,3,2,1,2,47,165,1,0
98273,7,2006,569974,599927,1,2820,212.74,2,4,3,2,2,20,-29953,0.95,-0.05
99353,7,2021,494968,494977,1,2030,243.83,1,4,2,2,2,5,-9,1,0
98027,0,1986,379950,379933,1,1020,372.48,2,2,2,1,2,40,17,1,0
98684,8,2019,364928,364908,1,1350,270.3,2,3,3,3,2,7,20,1,0
98604,7,2007,569974,436318,1,1560,279.69,2,3,3,2,2,19,43901,1.31,0.31
98053,0,2006,525083,565098,1.03,1220,463.2,1,3,2,2,2,20,-33595,0.93,-0.07
98901,7,2026,584934,585089,1,2420,241.77,1,4,3,2,2,0,-155,1,0
98058,7,1990,749879,750068,1,1600,468.79,2,3,3,1,2,36,-189,1,0
98664,7,1953,396932,397066,1,860,461.7,1,2,1,1,2,73,-134,1,0
98815,7,1925,862587,809946,0.96,2810,288.24,2,4,3,3,2,101,43901,1.06,0.06
98387,7,1998,499937,499919,1,1600,312.45,2,3,3,2,2,28,18,1,0
98597,7,2002,449896,444912,0.99,1250,355.93,1,3,2,2,2,24,4984,1.01,0.01
98938,7,1950,307075,283155,0.96,1400,202.25,1,2,2,2,2,76,23920,1.08,0.08
98271,4,1979,529808,529949,1,1530,346.37,1,3,2,2,2,47,-141,1,0
98077,7,1977,1222787,1209908,0.97,2770,436.79,1,4,3,1,2,49,39018,1.01,0.01
98033,8,2016,1222787,1462187.5,0.96,3070,605.84,2,5,4,3.5,2,10,43901,0.84,-0.16
98008,7,1959,1222787,1375079,1,1530,680.56,1,3,3,1,2,67,-27,0.89,-0.11
98366,7,2025,1048902,1049052,1,2460,426.44,1,3,3,2,2,1,-150,1,0
98023,7,1977,600038,605053,1.01,1900,318.45,2,3,2,1,2,49,-5015,0.99,-0.01
98037,7,2025,1222787,1424905,0.96,3410,417.86,2,4,3,2,2,1,43901,0.86,-0.14
99224,7,2025,643269,641988,1,2970,216.16,1,5,4,3.5,2,1,1281,1,0
98312,7,1955,538944,549950,1.02,2520,218.23,1,4,2,2,2,71,-11006,0.98,-0.02
99156,7,2005,450069,413945,0.96,1840,224.97,2,2,2,2,2,21,36124,1.09,0.09
98101,0,1982,748909,719925,0.96,870,680.56,1,2,2,2,2,44,28984,1.04,0.04
98042,7,2004,625058,590084,0.96,2420,243.84,2,4,3,2,2,22,34974,1.06,0.06
98290,7,2025,1137909,1129929,0.99,2170,520.7,1,4,2,2,2,1,7980,1.01,0.01
98595,7,2019,499850,499994,1,1370,364.96,1,3,2,1,2,7,-144,1,0
98236,7,1979,514913,509917,0.99,2000,254.96,2,3,3,2,2,47,4996,1.01,0.01
99208,7,1987,395064,400919,1.01,1550,258.66,2,3,2,2,2,39,-5855,0.99,-0.01
98682,7,2017,599098,599936,1,2040,294.09,2,5,3,2,2,9,-838,1,0
98290,7,1909,1095074,1095084,1,2770,395.34,2,4,2,1,2,117,-10,1,0
98258,7,1992,619063,610094,0.99,1490,409.46,1,3,2,1,2,34,8969,1.01,0.01
98042,7,2021,824938,814948,0.99,2880,282.97,2,5,3,3,2,5,9990,1.01,0.01
98531,7,2025,450082,449903,1,2450,183.63,2,4,3,1,2,1,179,1,0
98294,7,2025,639920,640084,1,2450,261.26,2,4,3,1,2,1,-164,1,0
98424,7,1951,419883,445072,1.03,1200,370.89,1,3,1,1,2,75,-25189,0.94,-0.06
98569,7,2025,404987,400089,0.99,1160,344.9,1,2,2,1,2,1,4898,1.01,0.01
98118,7,1909,694923,684932,0.99,1450,472.37,1,3,1,1,2,117,9991,1.01,0.01
98338,7,1998,569974,530059,1,1860,284.98,2,3,2,2,2,28,39915,1.08,0.08
98004,0,2020,799072,802909,1,980,680.56,1,1.5,1,1,2,6,-3837,1,0
98021,7,2018,1222787,1462187.5,0.98,2890,506.94,2,5,4,2,2,8,34938,0.84,-0.16
98208,7,2015,999950,1067913,1.03,2720,392.62,2,4,3,2,2,11,-33595,0.94,-0.06
98136,7,1965,1222787,1462187.5,1.03,3090,566.32,2,4,4,2,2,61,-33595,0.84,-0.16
99362,7,1911,524921,525070,1,2600,201.95,2,3,2,1,2,115,-149,1,0
98004,0,1980,749924,719916,0.96,1210,594.97,1,2,2,1,2,46,30008,1.04,0.04
98257,7,1979,724912,700067,0.97,1620,432.14,2,3,2,2,2,47,24845,1.04,0.04
98177,0,2025,1222787,1364909,0.98,2750,496.33,3,4,4,2,2,1,33996,0.9,-0.1
98683,7,1999,674942,674949,1,2300,293.46,2,5,3,3,2,27,-7,1,0
99202,5,1909,397098,405050,1.02,3550,114.1,2,5.5,3,3,2,117,-7952,0.98,-0.02
99001,7,1971,368903,364946,0.99,1990,183.39,2,4,2,1,2,55,3957,1.01,0.01
99027,7,1978,450081,430063,0.96,1930,222.83,2,4,2,1,2,48,20018,1.05,0.05
98685,7,1973,515077,515052,1,1490,345.67,1,3,2,2,2,53,25,1,0
98116,7,2006,1222787,1462187.5,1.03,3865,609.77,2,4,3,2,2,20,-33595,0.84,-0.16
98126,7,1951,774941,748051,0.97,1540,485.75,1,4,2,2,2,75,26890,1.04,0.04
98816,7,2015,569950,569988,1,960,593.74,1,2,1,1,2,11,-38,1,0
98027,7,2005,1222787,1462187.5,0.99,3700,493.26,2,4,4,3,2,21,14025,0.84,-0.16
98939,7,1930,160072,160099,1,670,238.95,1,2,2,1,2,96,-27,1,0
98801,7,1993,470559,470593,1,1560,301.66,1,3,2,1,2,33,-34,1,0
98374,7,2026,850006,850035,1,3300,257.59,2,5,4,2,2,0,-29,1,0
98596,7,2022,289946,300910,1.03,910,330.67,1,2,1,1,2,4,-10964,0.96,-0.04
98391,7,2025,1050072,1049901,1,3440,305.2,2,5,4,2,2,1,171,1,0
98036,7,2004,895084,894907,1,1980,451.97,2,3,3,2,2,22,177,1,0
99006,7,2019,550082,553259,1.01,1590,347.96,1,3,2,2,2,7,-3177,0.99,-0.01
98117,7,1924,1222787,1309919,0.98,2610,501.88,2,5,2,1,2,102,30026,0.93,-0.07
98204,7,1986,629948,640141,1.02,1320,484.96,1,3,2,2,2,40,-10193,0.98,-0.02
98198,0,1989,314945,314919,1,1010,311.8,1,2,2,2,2,37,26,1,0
98498,7,1958,524912,525069,1,1560,336.58,1,3,2,1,2,68,-157,1,0
98056,7,2001,919913,897556,0.98,2100,427.41,2,4,3,2,2,25,22357,1.02,0.02
98661,7,2025,410925,410957,1,1360,302.17,2,3,2,2,2,1,-32,1,0
98008,7,1957,569974,1441673,1,1580,680.56,1,3,3,2,2,69,-33595,0.4,-0.6
98802,7,2022,679966,679985,1,2090,325.35,1,4,2,2,2,4,-19,1,0
98502,7,2017,539909,545436,1.01,1730,315.28,1,3,2,2,2,9,-5527,0.99,-0.01
98683,7,1991,895057,849911,0.96,2290,371.14,1,4,2,2,2,35,43901,1.05,0.05
98418,7,1946,414910,400076,0.96,1790,223.51,1,2,1,1,2,80,14834,1.04,0.04
98382,7,1970,569974,300053,1,1530,196.11,1,3,2,2,2,56,43901,1.9,0.9
98221,7,1955,459843,409902,0.96,1300,315.31,1,3,2,1,2,71,43901,1.12,0.12
98201,7,1953,950047,930100,0.98,2810,331,1,4,3,1,2,73,19947,1.02,0.02
99403,7,2022,415076,410094,0.99,1570,261.21,1,3,2,2,2,4,4982,1.01,0.01
98270,7,2013,665084,654926,0.98,2150,304.62,2,3,3,2,2,13,10158,1.02,0.02
98271,7,1967,524946,554939,1.03,1260,440.43,1,3,3,1,2,59,-29993,0.95,-0.05
98226,7,1978,924932,912950,0.99,2030,449.73,2,4,3,1,2,48,11982,1.01,0.01
98223,7,2025,649082,649087,1,1500,432.72,2,3,3,2,2,1,-5,1,0
98122,8,2025,949868,949855,1,1730,549.05,2,3,4,3,2,1,13,1,0
98642,7,2026,749847,749955,1,3180,235.83,2,4,3,3,2,0,-108,1,0
98022,7,1913,650080,650084,1,1770,367.28,1,3,2,1,2,113,-4,1,0
98057,7,1909,569974,299949,1,1140,263.11,1,4,1,1,2,117,43901,1.9,0.9
98374,7,2025,715040,714861,1,3570,200.24,2,5,4,3,2,1,179,1,0
98033,0,1991,950058,949947,1,1440,659.69,1,3,2,1,2,35,111,1,0
98258,7,2022,1099904,1114901,1.01,2740,406.9,1,3,3,1,2,4,-14997,0.99,-0.01
98563,7,2019,435084,430058,0.99,1550,277.46,1,3,2,2,2,7,5026,1.01,0.01
98045,7,1989,800052,799930,1,2020,396,2,3,3,2,2,37,122,1,0
98105,7,1953,1222787,1462187.5,1.03,1900,680.56,1,3,4,2,2,73,-33595,0.84,-0.16
98382,7,1999,495096,505093,1.02,1320,382.65,2,2,1,2,2,27,-9997,0.98,-0.02
98042,7,1969,489940,454932,0.96,1050,433.27,1,4,2,1,2,57,35008,1.08,0.08
98332,7,2012,709954,705100,0.99,2060,342.28,2,4,3,2,2,14,4854,1.01,0.01
98640,3,1992,159072,141450,0.96,1810,324.3,2,3,2,2,2,34,17622,1.12,0.12
98021,4,2020,395576,395074,1,1540,256.54,1,3,2,2,2,6,502,1,0
99205,7,1917,285079,284900,1,2070,137.63,1,3,1,1,2,109,179,1,0
98144,7,2025,900033,900013,1,2100,428.58,2,4,2,2,2,1,20,1,0
98947,4,1995,360000,369923,1.03,2400,154.13,1,3,2,2,2,31,-9923,0.97,-0.03
98045,7,2025,1222787,1414923,1,3010,470.07,2,5.5,3,2,2,1,-16,0.86,-0.14
98006,7,1967,1222787,1462187.5,1.03,2250,680.56,2,4,3,1,2,59,-33595,0.84,-0.16
98033,8,2025,1222787,1350089,1,1760,680.56,2,3,3,1,2,1,-1035,0.91,-0.09
98944,7,2023,397950,384924,0.97,1890,203.66,1,4,2,2,2,3,13026,1.03,0.03
98684,0,1991,278930,278914,1,1050,265.63,1,2,2,2,2,35,16,1,0
98026,0,1981,224933,225076,1,700,321.54,2,1.5,1,1,2,45,-143,1,0
98595,4,1993,329047,325100,0.99,1780,182.64,1,3,2,2,2,33,3947,1.01,0.01
98512,7,1975,650068,660073,1.02,2040,323.57,3,3,3,1,2,51,-10005,0.98,-0.02
98092,7,1988,800051,825090,1.03,2630,313.72,2,3,3,2,2,38,-25039,0.97,-0.03
98503,4,1977,125095,124919,1,1340,93.22,1,3,2,1,2,49,176,1,0
99208,7,1955,385063,384910,1,2030,189.61,1,4,2,2,2,71,153,1,0
99173,3,1992,78904,74095,0.96,1810,324.3,2,3,2,2,2,34,4809,1.06,0.06
99208,7,1980,525089,525061,1,2760,190.24,2,5,3,2,2,46,28,1,0
99016,7,2025,534896,534925,1,1800,297.18,1,3,2,2,2,1,-29,1,0
98375,7,2014,515091,502065,0.97,1630,308.02,2,3,3,2,2,12,13026,1.03,0.03
98247,7,2025,617557,617426,1,1890,326.68,1,4,2,2,2,1,131,1,0
99006,4,1980,569974,199925,1,980,204.01,1,3,1,1,2,46,43901,2.85,1.85
98607,7,1959,600071,599950,1,2490,240.94,1,4,2,2,2,67,121,1,0
98388,7,1970,424918,408905,0.96,1110,368.38,1,3,2,1,2,56,16013,1.04,0.04
98684,7,2005,667088,666907,1,2400,277.88,2,4,2,2,2,21,181,1,0
98404,7,1971,389425,375420,0.96,1110,338.22,1,4,2,1,2,55,14005,1.04,0.04
98055,0,1980,299935,289935,0.97,980,295.85,1,2,2,1,2,46,10000,1.03,0.03
98198,5,1979,1100095,1050092,0.96,3690,284.58,2,5.5,4,2,2,47,43901,1.05,0.05
98001,7,1962,575033,575013,1,1460,393.84,1,3,3,1,2,64,20,1,0
98520,3,1992,55095,50065,0.96,1810,324.3,2,3,2,2,2,34,5030,1.1,0.1
98277,4,1970,49562,49600,1,660,75.15,1,2,1,1,2,56,-38,1,0
98363,4,1995,450092,440097,0.98,1780,247.25,2,3,2,2,2,31,9995,1.02,0.02
98109,0,1992,714066,702079,0.98,1120,626.86,1,2,2,2,2,34,11987,1.02,0.02
99356,3,1992,25073,24942,0.99,1810,324.3,2,3,2,2,2,34,131,1.01,0.01
98198,8,1975,406093,390056,0.96,1120,348.26,2,2,2,2,2,51,16037,1.04,0.04
98370,7,1993,598932,598901,1,2280,262.68,2,3,3,1,2,33,31,1,0
98520,7,1909,324938,310063,0.96,1420,218.35,2,4,3,2,2,117,14875,1.05,0.05
98006,7,1996,1222787,1462187.5,1,3800,644.76,2,4,3,2,2,30,12,0.84,-0.16
98188,0,1979,275099,275068,1,820,335.45,1,2,1,1,2,47,31,1,0
98020,7,1954,800060,919925,1.03,1130,680.56,1,3,1,1,2,72,-33595,0.87,-0.13
98042,7,1986,849565,850050,1,2800,303.59,2,3,3,2,2,40,-485,1,0
98118,7,1910,569961,569080,1,1150,494.85,2,1.5,1,1,2,116,881,1,0
98682,7,2017,569974,635929,1,2240,283.9,2,4,3,2,2,9,-33595,0.9,-0.1
98042,7,2020,874922,865071,0.99,3120,277.27,2,5,4,3,2,6,9851,1.01,0.01
98037,7,1994,950062,930061,0.98,2010,462.72,3,3,3,1,2,32,20001,1.02,0.02
98271,7,1992,899907,874922,0.97,3865,199.75,2,4,3,2,2,34,24985,1.03,0.03
98106,8,1998,399892,394921,0.99,1470,268.65,2,2,2,1,2,28,4971,1.01,0.01
98390,7,1920,464918,454946,0.98,1090,417.38,1,2,1,1,2,106,9972,1.02,0.02
98118,7,2007,1222787,1462187.5,1,3000,500.02,2,4,4,3,2,19,-1995,0.84,-0.16
98045,8,2026,1033586,1033589,1,1800,574.22,2,4,4,3,2,0,-3,1,0
98405,7,1909,569974,550052,1,1730,317.95,2,4,2,2,2,117,19922,1.04,0.04
98272,5,1967,1222787,1462187.5,0.96,1810,324.3,2,5.5,4.5,2,2,59,43901,0.84,-0.16
98311,7,1979,529981,585093,1.03,2690,217.51,2,4,3,1,2,47,-33595,0.91,-0.09
98272,7,2026,1044883,1045032,1,3865,255.51,2,5,4.5,3.5,2,0,-149,1,0
98320,3,1992,250094,214950,0.96,1810,324.3,2,3,2,2,2,34,35144,1.16,0.16
98107,8,2026,1199077,1190076,0.99,1910,623.08,2,3,3,1,2,0,9001,1.01,0.01
98391,7,2022,595068,570095,0.96,1680,339.34,1,2,3,1,2,4,24973,1.04,0.04
98682,7,1999,474949,474949,1,1420,334.47,1,3,2,2,2,27,0,1,0
98922,7,2022,974942,975090,1,1200,680.56,1,2,2,1,2,4,-148,1,0
98520,4,1979,55074,46908,0.96,920,50.99,1,2,2,1,2,47,8166,1.17,0.17
98682,7,2008,590070,590053,1,2050,287.83,2,4,2,2,2,18,17,1,0
98597,7,1981,224906,225061,1,700,321.52,2,1.5,1,1,2,45,-155,1,0
98816,7,1979,1222787,1462187.5,0.98,2520,680.56,2,3,3,3,2,47,37996,0.84,-0.16
98312,7,2006,500008,487404,0.97,1670,291.86,2,3,3,2,2,20,12604,1.03,0.03
98092,7,2013,700080,700089,1,2540,275.63,2,4,3,2,2,13,-9,1,0
98103,0,1909,1222787,1462187.5,0.98,2130,680.56,3,3,4,2,2,117,24953,0.84,-0.16
98366,3,1992,898945,864920,0.96,1810,324.3,2,3,2,2,2,34,34025,1.04,0.04
98125,7,1952,831165,825076,0.99,1830,450.86,2,4,2,1,2,74,6089,1.01,0.01
99016,3,1992,165077,155079,0.96,1810,324.3,2,3,2,2,2,34,9998,1.06,0.06
99352,3,1992,144946,145089,1,1810,324.3,2,3,0.5,2,2,34,-143,1,0
98584,4,2025,310023,300052,0.97,1280,234.42,1,3,2,1,2,1,9971,1.03,0.03
99205,7,1909,358913,368560,1.03,2070,178.05,3,4,2,1,2,117,-9647,0.97,-0.03
98188,7,1964,604884,605053,1,1110,545.09,1,3,1,1,2,62,-169,1,0
98270,7,1997,650068,650090,1,1950,333.38,2,3,3,1,2,29,-22,1,0
98033,0,2025,1222787,1462187.5,0.98,2170,680.56,1,2,3,2,2,1,43901,0.84,-0.16
98012,0,1999,614940,614948,1,1520,404.57,2,3,3,1,2,27,-8,1,0
98370,6,1909,569974,867001,1,3865,117.32,2,3,1,1,2,117,-33595,0.66,-0.34
98502,6,1992,569974,602838,1,1810,324.3,2,3,0.5,2,2,34,-32864,0.95,-0.05
98580,4,1991,569974,420062,1,920,456.59,1,2,2,2,2,35,43901,1.36,0.36
98052,8,2014,1222787,1279924,1.02,2410,531.09,2,4,4,3,2,12,-29998,0.96,-0.04
98367,4,2002,569974,350237,1,1780,196.76,1,3,0.5,2,2,24,43901,1.63,0.63
98002,7,1914,444816,409932,0.96,1130,362.77,1,3,1,1,2,112,34884,1.09,0.09
98042,0,2001,525057,514942,0.98,1450,355.13,2,2,3,1,2,25,10115,1.02,0.02
98406,7,1950,488081,488083,1,910,536.35,1,3,1,1,2,76,-2,1,0
98467,7,1999,634871,625090,0.98,1790,349.21,1,3,2,1,2,27,9781,1.02,0.02
98204,4,1979,150032,149982,1,1440,104.15,1,2,2,1,2,47,50,1,0
98023,7,1942,548928,548909,1,2070,265.17,1,3,3,2,2,84,19,1,0
98030,0,1966,264936,260096,0.98,890,292.24,1,2,1,1,2,60,4840,1.02,0.02
99353,7,2015,558938,559092,1,2350,237.91,1,4,2,2,2,11,-154,1,0
98446,7,2026,599890,598917,1,1920,311.94,2,4,3,1,2,0,973,1,0
98012,7,2025,1222787,1455948,0.99,3020,482.1,2,5,4,3,2,1,20113,0.84,-0.16
98446,4,1986,530073,489933,0.96,1150,426.03,1,3,2,1,2,40,40140,1.08,0.08
98661,7,2023,434916,434929,1,1390,312.9,2,3,2,2,2,3,-13,1,0
98632,7,1962,434952,434986,1,2030,214.28,3,3,1,1,2,64,-34,1,0
99208,7,2026,416914,416943,1,1540,270.74,2,3,3,2,2,0,-29,1,0
98055,0,1968,238593,234918,0.98,800,293.65,1,1.5,2,1,2,58,3675,1.02,0.02
98373,7,2025,599894,600058,1,1910,314.17,2,4,3,2,2,1,-164,1,0
98237,4,1999,569974,325402,1,1620,200.87,2,3,2,2,2,27,43901,1.75,0.75
99119,4,2001,479965,469915,0.98,2640,178,2,4,2,2,2,25,10050,1.02,0.02
98092,0,1992,569974,600090,1,2240,267.9,2,4,4,3,2,34,-30116,0.95,-0.05
98513,7,1993,455060,454920,1,1680,270.79,2,3,3,2,2,33,140,1,0
98503,7,1978,549894,539918,0.98,1790,301.63,3,3,3,1,2,48,9976,1.02,0.02
99016,3,1992,569974,690067,1,1810,324.3,2,3,0.5,2,2,34,-33595,0.83,-0.17
99301,8,2004,569974,370070,1,2220,166.7,2,3,3,3,2,22,43901,1.54,0.54
98404,7,1943,294909,314936,1.03,1080,291.61,1,3,1,1,2,83,-20027,0.94,-0.06
99006,7,2025,360082,359932,1,1320,272.68,1,3,2,2,2,1,150,1,0
98387,7,1996,494933,494917,1,1510,327.76,1,3,2,2,2,30,16,1,0
98513,7,2006,475024,485069,1.02,1940,250.04,1,3,2,1,2,20,-10045,0.98,-0.02
98110,7,2016,959908,960056,1,1640,585.4,2,3,3,1,2,10,-148,1,0
98418,3,1992,569974,575051,1,1810,324.3,2,3,0.5,2,2,34,-5077,0.99,-0.01
98501,7,1975,569974,699907,1,2300,304.31,1,3,3,2,2,51,-33595,0.81,-0.19
98607,7,2025,482667,482503,1,1350,357.41,2,3,2,2,2,1,164,1,0
98444,3,1992,569974,385579,1,1810,324.3,2,3,0.5,2,2,34,43901,1.48,0.48
98290,0,2010,448929,442904,0.99,980,451.94,2,2,2,2,2,16,6025,1.01,0.01
98844,4,2007,289992,274055,0.96,1840,148.94,1,4,2,2,2,19,15937,1.06,0.06
98052,0,1984,594931,594903,1,1080,550.84,1,2,2,2,2,42,28,1,0
98168,7,1943,599911,609915,1.02,1550,393.49,1,3,1,1,2,83,-10004,0.98,-0.02
98034,0,1980,384927,394082,1.02,930,423.74,1,2,1,1,2,46,-9155,0.98,-0.02
98547,4,1984,298935,280071,0.96,920,304.42,1,2,1,2,2,42,18864,1.07,0.07
98208,7,1978,725061,724914,1,1750,414.24,2,3,3,1,2,48,147,1,0
98290,7,2011,1099920,1069940,0.97,1920,557.26,1,3,3,2,2,15,29980,1.03,0.03
98075,7,2004,569974,1462187.5,1,3865,548.61,2,5,4.5,3.5,2,22,-33595,0.39,-0.61
98033,0,2025,1222787,1462187.5,1,1790,680.56,2,3,3,2,2,1,-31,0.84,-0.16
98625,7,1930,465087,465064,1,2010,231.38,1,3,1,1,2,96,23,1,0
98831,0,1986,1000,1000,1,980,2.64,1,2,2,2,2,40,0,1,0
98685,8,1989,409946,409903,1,1140,359.56,1,3,2,2,2,37,43,1,0
98375,7,1990,488901,469920,0.96,1770,265.49,2,4,3,2,2,36,18981,1.04,0.04
98408,7,1928,385083,385065,1,1410,273.1,2,2,2,1,2,98,18,1,0
99016,3,1992,569974,690093,1,1810,324.3,2,3,0.5,2,2,34,-33595,0.83,-0.17
98272,8,2004,609850,579908,0.96,1940,298.92,2,3,3,2,2,22,29942,1.05,0.05
98117,7,1928,839920,820077,0.98,1360,603,2,3,2,1,2,98,19843,1.02,0.02
98029,0,2005,410572,410055,1,940,436.23,1,2,2,2,2,21,517,1,0
98028,0,2024,718045,658072,0.96,1330,494.79,1,2,2,1,2,2,43901,1.09,0.09
98367,7,2025,558002,557878,1,1670,334.06,1,3,2,2,2,1,124,1,0
98682,7,2021,569974,565059,1,2340,241.48,2,4,3,2,2,5,4915,1.01,0.01
98019,7,2025,920074,920065,1,2000,460.03,2,4,3,1,2,1,9,1,0
98106,0,2020,199836,199843,1,320,624.51,1,1.5,1,2,2,6,-7,1,0
98444,7,1984,435052,435085,1,1090,399.16,1,3,1,1,2,42,-33,1,0
99217,7,2020,569974,410072,1,1730,237.04,2,3,2,2,2,6,43901,1.39,0.39
98444,7,1962,349986,380087,1.03,2000,190.04,1,4,2,1,2,64,-30101,0.92,-0.08
98642,7,2025,800081,800073,1,2810,284.72,2,5,3,3,2,1,8,1,0
98632,7,1954,329811,329986,1,1040,317.29,1,3,1,1,2,72,-175,1,0
98663,7,1936,379084,378913,1,940,403.1,1,3,1,1,2,90,171,1,0
99163,5,1965,459944,455058,0.99,2730,166.69,2,5.5,3,3,2,61,4886,1.01,0.01
98204,0,1993,249927,249928,1,890,280.82,1,2,2,1,2,33,-1,1,0
98199,0,2002,502905,493088,0.98,890,554.03,3,2,2,1,2,24,9817,1.02,0.02
98055,0,1978,319964,319920,1,910,351.56,1,2,2,2,2,48,44,1,0
98922,8,2007,370099,360061,0.97,1690,213.05,2,3,3,2,2,19,10038,1.03,0.03
98445,7,2024,690043,690082,1,2820,244.71,2,5,3,2,2,2,-39,1,0
98056,7,1942,550016,547560,1,1160,472.03,1,3,2,1,2,84,2456,1,0
98362,6,1964,569974,820100,1,3865,113.27,2,3,0.5,2,2,62,-33595,0.7,-0.3
98264,7,1951,569974,309340,1,810,381.9,1,2,1,1,2,75,43901,1.84,0.84
98368,7,1957,324942,325066,1,460,680.56,1,1.5,1,2,2,69,-124,1,0
98391,7,2025,588011,587891,1,1700,345.82,2,3,3,2,2,1,120,1,0
98528,7,1992,569974,480095,1,1810,324.3,2,3,0.5,2,2,34,43901,1.19,0.19
99324,5,1949,449964,423076,0.96,1740,243.15,2,4,2,2,2,77,26888,1.06,0.06
98105,8,2025,1222787,1462187.5,1,2650,639.59,2,4,4,2,2,1,-3,0.84,-0.16
98226,7,2025,592806,592992,1,1470,403.4,2,3,3,2,2,1,-186,1,0
99208,7,2025,560015,560003,1,2550,219.61,2,3,3,3,2,1,12,1,0
98942,7,1972,369922,379916,1.03,1250,303.93,1,3,1,1,2,54,-9994,0.97,-0.03
98383,7,2025,825056,777655,0.96,2730,284.86,2,4,3,2,2,1,43901,1.06,0.06
98837,4,1993,419067,415096,0.99,1780,233.2,1,4,2,2,2,33,3971,1.01,0.01
98626,7,1954,429984,425061,0.99,1460,291.14,1,3,1,2,2,72,4923,1.01,0.01
98055,0,1980,299886,299899,1,980,306.02,1,2,2,1,2,46,-13,1,0
98444,7,2000,459938,460083,1,1200,383.4,1,3,2,1,2,26,-145,1,0
98664,7,1959,569974,304422,1,770,395.35,1,2,1,1,2,67,43901,1.87,0.87
98682,7,2025,569974,524882,1,1650,318.11,2,3,3,2,2,1,43901,1.09,0.09
98023,0,1995,308951,308825,1,960,321.69,1,2,2,2,2,31,126,1,0
99208,7,2026,420018,419875,1,1880,223.34,2,4,2,2,2,0,143,1,0
99350,7,2025,664918,664901,1,2510,264.9,1,3,3,2,2,1,17,1,0
98391,7,2026,779895,780038,1,3360,232.15,2,5,3,3,2,0,-143,1,0
98029,8,2019,1222787,1249900,0.96,2190,570.73,2,4,4.5,2,2,7,43901,0.98,-0.02
98121,0,2004,358058,353934,0.99,680,520.49,1,1.5,1,1,2,22,4124,1.01,0.01
98682,7,1994,549803,549806,1,2030,270.84,2,4,2,2,2,32,-3,1,0
98684,7,2025,571437,571409,1,1810,315.7,2,3,2,2,2,1,28,1,0
99207,7,1911,244912,244903,1,1960,124.95,2,3,1,1,2,115,9,1,0
98277,7,2025,650012,650044,1,2120,306.62,2,4,3,2,2,1,-32,1,0
98122,8,2025,799981,765058,0.96,1320,579.59,2,2,2,1,2,1,34923,1.05,0.05
99212,7,1950,342583,346099,1.01,1260,274.68,1,3,2,2,2,76,-3516,0.99,-0.01
98354,7,2025,899896,900611,1,2640,341.14,2,4,3,2,2,1,-715,1,0
99037,7,2025,435007,435039,1,1670,260.5,1,3,2,3,2,1,-32,1,0
98684,7,2025,554827,554661,1,1590,348.84,2,3,2,2,2,1,166,1,0
98032,8,1994,415059,425061,1.02,1410,301.46,2,2,3,2,2,32,-10002,0.98,-0.02
98606,4,2000,139921,140100,1,1190,117.73,1,3,2,2,2,26,-179,1,0
98513,8,2008,423906,424055,1,1260,336.55,2,2,2,1,2,18,-149,1,0
98221,7,1991,569974,494098,1,1220,405,1,3,2,2,2,35,43901,1.15,0.15
98310,7,1942,569974,348752,1,890,391.86,1,1.5,1,1,2,84,43901,1.63,0.63
98226,4,1999,650091,630090,0.97,2090,301.48,1,4,2,2,2,27,20001,1.03,0.03
98022,7,1917,438950,439071,1,1150,381.8,1,2,1,1,2,109,-121,1,0
98311,8,2023,494916,489938,0.99,1890,259.23,2,3,3,2,2,3,4978,1.01,0.01
99202,7,1980,360075,355062,0.99,1660,213.89,1,4,2,2,2,46,5013,1.01,0.01
98144,0,2009,274933,270066,0.98,610,442.73,1,1.5,1,1,2,17,4867,1.02,0.02
98375,7,1987,544907,545095,1,1840,296.25,2,3,3,2,2,39,-188,1,0
98034,7,1992,569974,1462187.5,1,1810,324.3,2,3,0.5,2,2,34,-33595,0.39,-0.61
98226,3,1992,699934,683084,0.98,1810,324.3,2,3,2,2,2,34,16850,1.02,0.02
98391,7,2025,595000,595032,1,2210,269.25,2,3,3,2,2,1,-32,1,0
98058,7,1990,925056,925071,1,2180,424.34,2,4,3,1,2,36,-15,1,0
98087,8,2025,630045,625895,0.99,1320,474.16,2,3,3,1,2,1,4150,1.01,0.01
98684,5,1978,561400,561563,1,1600,350.98,2,4,2,2,2,48,-163,1,0
98604,7,2026,549920,549902,1,2020,272.23,2,3,2,2,2,0,18,1,0
98585,4,1997,499916,475069,0.96,1460,325.39,1,3,2,1,2,29,24847,1.05,0.05
99141,4,2015,264939,264933,1,1300,203.79,1,3,2,2,2,11,6,1,0
98568,4,1999,344907,331074,0.96,1400,236.48,1,3,2,1,2,27,13833,1.04,0.04
98133,5,1947,886914,824912,0.96,2040,404.37,2,3,3,2,2,79,43901,1.08,0.08
98626,7,1999,324912,330586,1.02,2110,156.68,2,5,3,1,2,27,-5674,0.98,-0.02
98029,0,2022,351222,351238,1,1010,347.76,1,2,2,2,2,4,-16,1,0
98530,6,1995,569974,304946,1,1340,227.57,2,3,0.5,2,2,31,43901,1.87,0.87
98117,8,2026,654235,664370,1.02,1140,582.78,2,2,3,2,2,0,-10135,0.98,-0.02
98117,8,2026,694931,694907,1,1030,674.67,2,2,2,1,2,0,24,1,0
98532,3,1992,359580,349900,0.97,1810,324.3,2,3,2,2,2,34,9680,1.03,0.03
98250,3,1992,475066,460056,0.97,1810,324.3,2,3,2,2,2,34,15010,1.03,0.03
98563,5,1950,675098,650096,0.96,1810,324.3,2,5.5,4.5,2,2,76,25002,1.04,0.04
98033,8,2025,1222787,1310063,1,1690,680.56,2,3,3,1,2,1,23,0.93,-0.07
98033,8,2025,992787,979901,0.99,1310,680.56,2,2,3,1,2,1,12886,1.01,0.01
99361,3,1992,75086,139900,1.03,1810,324.3,2,3,2,2,2,34,-33595,0.54,-0.46
98903,4,1979,59972,59982,1,1440,41.65,2,2,2,2,2,47,-10,1,0
98034,8,2025,1049901,1030058,0.98,2000,515.03,2,4,3,3,2,1,19843,1.02,0.02
99361,3,1992,139940,139910,1,1810,324.3,2,3,2,2,2,34,30,1,0
98641,3,1992,122421,120055,0.98,1810,324.3,2,3,2,2,2,34,2366,1.02,0.02
98311,4,2007,165053,164933,1,1080,152.72,1,3,2,2,2,19,120,1,0
98266,4,1974,109935,84918,0.96,670,126.74,1,2,1,1,2,52,25017,1.29,0.29
99207,6,1964,569974,575053,1,3865,75.47,2,3,0.5,2,2,62,-5079,0.99,-0.01
98204,4,2013,99974,88070,0.96,810,108.73,1,2,1,2,2,13,11904,1.14,0.14
98198,8,2005,674903,649910,0.96,2290,283.8,2,4,3,2,2,21,24993,1.04,0.04
98031,7,1984,535081,525854,0.98,1050,500.81,1,3,2,2,2,42,9227,1.02,0.02
98230,3,1992,159856,142068,0.96,1810,324.3,2,3,2,2,2,34,17788,1.13,0.13
99023,3,1992,344929,329550,0.96,1810,324.3,2,3,2,2,2,34,15379,1.05,0.05
98118,8,2018,553919,564083,1.02,1400,402.92,2,3,2,1,2,8,-10164,0.98,-0.02
98642,7,2026,610990,610954,1,1950,313.31,1,4,2,2,2,0,36,1,0
98136,5,1988,569974,1462187.5,1,3865,434.8,2,3,0.5,2,2,38,-33595,0.39,-0.61
98247,3,1992,148921,149076,1,1810,324.3,2,3,2,2,2,34,-155,1,0
98499,7,1963,569974,384940,1,1810,212.67,1,3,2,2,2,63,43901,1.48,0.48
98372,5,1994,569974,860061,1,2400,358.36,1,4,4,3.5,2,32,-33595,0.66,-0.34
98026,8,2025,714854,709908,0.99,1870,379.63,2,4,4,1,2,1,4946,1.01,0.01
98148,6,1983,569974,609911,1,1810,324.3,3,3,0.5,2,2,43,-33595,0.93,-0.07
99212,7,2006,494062,499946,1.01,2540,196.83,2,3,3,3,2,20,-5884,0.99,-0.01
98105,8,2025,928918,928907,1,1310,680.56,2,2,3,1,2,1,11,1,0
98922,6,1992,569974,1224927,1,1810,324.3,2,3,0.5,2,2,34,-33595,0.47,-0.53
98663,7,1963,472626,472473,1,1300,363.44,1,3,1,1,2,63,153,1,0
99337,7,2017,389951,389996,1,1540,253.24,1,3,2,2,2,9,-45,1,0
98012,7,1990,1222787,1462187.5,0.99,3590,476.34,2,4,3,2,2,36,15004,0.84,-0.16
98674,7,2025,480059,479934,1,1650,290.87,2,3,2,2,2,1,125,1,0
98374,7,2025,707775,707797,1,1990,355.68,1,3,2,2,2,1,-22,1,0
99203,7,1982,200075,199095,1,1060,187.83,1,1.5,2,2,2,44,980,1,0
98039,7,2024,1222787,1462187.5,0.99,3865,680.56,2,5,4.5,3.5,2,2,43901,0.84,-0.16
98671,7,2025,550100,550080,1,1600,343.8,1,3,2,2,2,1,20,1,0
98092,7,2000,1222787,1260062,0.97,3490,361.05,2,4,3,2,2,26,40014,0.97,-0.03
99301,7,2025,483245,483270,1,1770,273.03,1,3,2,2,2,1,-25,1,0
98801,7,2025,598947,598910,1,2540,235.79,2,5,3,2,2,1,37,1,0
98019,7,1992,569974,920070,1,1810,324.3,2,3,0.5,2,2,34,-33595,0.62,-0.38
98126,0,1992,569974,749933,1,1350,555.51,2,3,2,2,2,34,-33595,0.76,-0.24
98002,7,1920,278927,269917,0.97,530,509.28,1,1.5,1,1,2,106,9010,1.03,0.03
98930,7,2026,389894,390065,1,1570,248.45,1,3,2,2,2,0,-171,1,0
98258,7,2025,569974,749853,1,2480,302.36,3,4,3,3,2,1,-33595,0.76,-0.24
98038,7,1955,1125077,1120084,1,1870,598.98,1,3,2,1,2,71,4993,1,0
98445,7,2024,569974,690219,1,2720,253.76,2,4,2,3,2,2,-33595,0.83,-0.17
98801,7,1920,569974,184765,1,1120,164.97,1,4,1,1,2,106,43901,3.08,2.08
98004,7,1986,1222787,1462187.5,0.99,2090,680.56,3,4,3,2,2,40,19906,0.84,-0.16
98059,7,2026,1222787,1462187.5,1,3360,680.56,2,5,4.5,3.5,2,0,-13,0.84,-0.16
98033,0,1992,569974,1159072,1,1900,610.04,2,4,4.5,2,2,34,-33595,0.49,-0.51
99352,7,2002,509920,515060,1.01,2840,181.36,1,4,3,2,2,24,-5140,0.99,-0.01
98498,7,1958,569974,524902,1,1560,336.48,1,3,1,1,2,68,43901,1.09,0.09
98375,0,2002,569974,439901,1,1440,305.49,2,3,2,2,2,24,43901,1.3,0.3
98682,7,1973,569974,224943,1,1480,151.99,1,3,3,2,2,53,43901,2.53,1.53
98380,7,2006,569974,319934,1,1720,186.01,1,3,2,2,2,20,43901,1.78,0.78
99202,7,1924,399820,410068,1.03,2410,170.15,2,5,2,1,2,102,-10248,0.98,-0.02
98005,0,1992,569974,1325084,1,1810,324.3,2,3,0.5,2,2,34,-33595,0.43,-0.57
98383,7,1938,674927,670080,0.99,1600,418.8,2,3,2,1,2,88,4847,1.01,0.01
99019,7,2020,664914,650084,0.98,1880,345.79,1,3,2,2,2,6,14830,1.02,0.02
98277,7,1979,569974,825229,1,2450,336.83,1,3,2,2,2,47,-33595,0.69,-0.31
98374,7,2025,714886,704924,0.99,2920,241.41,2,5,3,3,2,1,9962,1.01,0.01
98606,7,2000,1222787,1462187.5,1,3865,263.42,2,4,4.5,3.5,2,26,-37,0.84,-0.16
99362,7,2026,417289,421185,1.01,1410,298.71,1,3,2,2,2,0,-3896,0.99,-0.01
98053,0,2006,569974,564911,1,1220,463.04,3,3,3,2,2,20,5063,1.01,0.01
99016,7,2026,503403,536058,1.03,2490,215.28,2,4,3,3,2,0,-32655,0.94,-0.06
98662,7,1990,1222787,1430051,1,3865,314.99,2,4,3,3,2,36,-145,0.86,-0.14
98042,7,1987,569974,720074,1,2540,283.49,1,3,3,2,2,39,-33595,0.79,-0.21
98026,7,1985,1149943,1049913,0.96,2650,396.19,2,4,3,2,2,41,43901,1.1,0.1
99350,7,2026,512012,512160,1,3200,160.05,2,5,3,3,2,0,-148,1,0
98033,0,1992,569974,1123942,1,1900,591.55,2,4,4.5,2,2,34,-33595,0.51,-0.49
98682,7,2021,565092,565089,1,2230,253.4,2,3,2,2,2,5,3,1,0
98953,7,1930,569974,297069,1,2250,132.03,2,3,3,3,2,96,43901,1.92,0.92
98058,7,2000,569974,919914,1,2920,315.04,2,4,3,2,2,26,-33595,0.62,-0.38
98682,7,2025,569974,1120136,1,3510,319.13,2,5,4,3,2,1,-33595,0.51,-0.49
98953,7,2007,569974,445096,1,1910,233.03,1,3,2,2,2,19,43901,1.28,0.28
98045,7,1992,569974,1415059,1,1810,324.3,2,3,0.5,2,2,34,-33595,0.4,-0.6
98661,7,2025,569974,410761,1,1410,291.32,2,3,2,2,2,1,43901,1.39,0.39
98682,7,2025,588936,589069,1,2060,285.96,2,4,2,2,2,1,-133,1,0
98241,7,1950,139935,147913,1.03,1250,118.33,1,2,1,1,2,76,-7978,0.95,-0.05
98513,7,2003,885077,883825,1,2590,341.25,1,3,3,2,2,23,1252,1,0
98077,7,1984,1222787,1462187.5,1,3865,473.55,1,3,4,1,2,42,-29,0.84,-0.16
99301,7,2001,479058,484945,1.01,2500,193.98,2,4,3,2,2,25,-5887,0.99,-0.01
98603,7,2001,624919,624930,1,2290,272.9,2,3,3,1,2,25,-11,1,0
98034,7,1995,1222787,1462187.5,1,3110,639.85,1,4,4,2,2,31,9962,0.84,-0.16
98642,7,2025,569974,799919,1,2830,282.66,2,4,3,2,2,1,-33595,0.71,-0.29
98270,7,2004,574906,589943,1.03,1300,453.8,1,3,2,2,2,22,-15037,0.97,-0.03
98264,7,1993,823920,799920,0.97,2860,279.69,1,4,3,2,2,33,24000,1.03,0.03
98422,7,1968,579933,579940,1,1180,491.47,1,3,2,2,2,58,-7,1,0
98333,7,1989,1149087,1074941,0.96,3390,317.09,2,4,3,2,2,37,43901,1.07,0.07
99208,7,2009,595081,595068,1,3310,179.78,1,5,3,3,2,17,13,1,0
98038,7,2003,700039,715079,1.02,1830,390.75,2,4,3,2,2,23,-15040,0.98,-0.02
98006,7,2025,1222787,1462187.5,1,3865,680.56,2,5,4.5,2,2,1,16,0.84,-0.16
98026,8,2026,679897,679883,1,1700,399.93,2,4,4,1,2,0,14,1,0
98221,7,1989,569974,1395347,1,3800,367.2,1,3,4.5,3,2,37,-33595,0.41,-0.59
98201,7,1930,500065,499933,1,1220,409.78,1,2,1,1,2,96,132,1,0
98837,7,1961,569974,260570,1,1140,228.57,1,3,1,1,2,65,43901,2.19,1.19
98258,7,2025,765021,750042,0.98,2390,313.83,2,4,3,1,2,1,14979,1.02,0.02
98178,7,1943,569974,595079,1,1230,483.8,1,2,3,2,2,83,-25105,0.96,-0.04
98418,7,1916,569974,235071,1,1410,166.72,2,4,1,1,2,110,43901,2.42,1.42
99352,7,2011,599999,599912,1,2100,285.67,1,3,3,2,2,15,87,1,0
98520,7,2003,569974,500294,1,1040,481.05,1,3,0.5,2,2,23,43901,1.14,0.14
98607,7,1946,500057,499902,1,1450,344.76,2,4,2,2,2,80,155,1,0
98520,7,2003,569974,510448,1,1040,490.82,1,3,0.5,2,2,23,43901,1.12,0.12
98926,7,2004,569974,675061,1,2080,324.55,2,4,2,2,2,22,-33595,0.84,-0.16
98629,7,2025,860055,860078,1,2910,295.56,2,5,2,2,2,1,-23,1,0
98106,0,1995,569974,715089,1,1450,493.16,2,3,2,2,2,31,-33595,0.8,-0.2
98033,0,1992,569974,1462187.5,1,1810,680.56,2,3,3,2,2,34,-33595,0.39,-0.61
98038,0,2002,549919,550060,1,1620,339.54,1,3,2,2,2,24,-141,1,0
99403,7,1923,300062,289920,0.97,710,408.34,1,2,1,1,2,103,10142,1.03,0.03
98198,7,2008,1222787,1455095,1,3865,289.86,2,5,4,2,2,18,-5150,0.84,-0.16
98682,7,2026,525046,525027,1,1610,326.1,2,3,2,2,2,0,19,1,0
98144,7,1990,1222787,1245075,1,1870,665.82,2,3,3,2,2,36,0,0.98,-0.02
99216,7,1979,414948,415083,1,1960,211.78,2,4,2,2,2,47,-135,1,0
98294,7,2020,589941,589917,1,2230,264.54,2,5,3,2,2,6,24,1,0
98201,7,1976,569974,300901,1,1260,238.81,1,2,1,1,2,50,43901,1.89,0.89
98584,7,1976,569974,292570,1,960,304.76,2,2,2,2,2,50,43901,1.95,0.95
98092,7,2023,1222787,1173600,0.96,3180,369.06,1,4,4,3,2,3,43901,1.04,0.04
98252,7,2018,725056,724905,1,2670,271.5,2,5,3,2,2,8,151,1,0
98023,7,1963,824410,824911,1,2260,365,1,3,3,2,2,63,-501,1,0
98683,7,2025,489913,489944,1,1480,331.04,2,3,2,2,2,1,-31,1,0
98117,7,1937,1050089,1110429,1.03,2200,504.74,1,4,2,1,2,89,-33595,0.95,-0.05
98580,7,1977,799947,787948,0.98,2380,331.07,3,4,3,2,2,49,11999,1.02,0.02
98840,7,1992,569974,68065,1,1810,324.3,2,3,0.5,2,2,34,43901,8.37,7.37
98908,7,1961,485063,485094,1,2480,195.6,2,4,3,2,2,65,-31,1,0
98370,7,2021,764919,764931,1,1950,392.27,1,3,2,2,2,5,-12,1,0
98332,7,1979,709909,694942,0.98,1810,383.95,1,3,2,1,2,47,14967,1.02,0.02
98092,7,1992,569974,831374,1,1810,324.3,2,3,0.5,2,2,34,-33595,0.69,-0.31
98338,7,1997,569911,569912,1,1510,377.43,1,3,2,2,2,29,-1,1,0
98272,7,1986,899421,870083,0.97,3360,258.95,2,3,4,2,2,40,29338,1.03,0.03
99320,7,1947,599092,599091,1,2340,256.02,1,4,2,1,2,79,1,1,0
99224,7,1978,445054,431585,0.97,2590,166.64,2,3,2,2,2,48,13469,1.03,0.03
98037,0,1979,199850,189918,0.96,590,321.89,1,1.5,1,1,2,47,9932,1.05,0.05
98550,7,1909,154928,125095,0.96,1880,66.54,2,5,2,2,2,117,29833,1.24,0.24
98282,7,2006,689564,689566,1,2090,329.94,2,3,3,1,2,20,-2,1,0
98029,0,1992,569974,351222,1,1010,347.74,2,2,2,2,2,34,43901,1.62,0.62
98229,7,1995,1029900,895078,0.96,3865,138.56,2,4,4.5,2,2,31,43901,1.15,0.15
98223,7,1984,550045,550034,1,1570,350.34,2,4,2,2,2,42,11,1,0
98604,7,1998,435056,435074,1,1100,395.52,1,3,2,2,2,28,-18,1,0
99037,7,1976,569974,596072,1,1980,301.05,1,5,3,3,2,50,-26098,0.96,-0.04
98837,7,1955,569974,235058,1,1120,209.87,1,2,1,1,2,71,43901,2.42,1.42
98311,7,1994,569974,415394,1,1120,370.89,1,3,2,2,2,32,43901,1.37,0.37
98012,7,2015,1200059,1188944,0.99,2250,528.42,2,4,3,2,2,11,11115,1.01,0.01
99353,7,2012,598932,575074,0.96,2580,222.9,2,3,3,2,2,14,23858,1.04,0.04
98004,0,1980,569974,719930,1,1210,594.98,3.5,2,3,2,2,46,-33595,0.79,-0.21
98387,7,1989,775064,775089,1,2890,268.2,1,3,4,2,2,37,-25,1,0
98051,7,1974,970802,925074,0.96,1780,519.7,2,3,3,2,2,52,43901,1.05,0.05
98155,7,1947,569974,820950,1,1400,586.39,1,3,3,2,2,79,-33595,0.69,-0.31
98109,0,1909,550086,549925,1,720,680.56,1,1.5,1,1,2,117,161,1,0
98058,7,1961,719904,704939,0.98,2020,348.98,2,4,2,2,2,65,14965,1.02,0.02
98374,7,2001,584910,592431,1.01,2600,227.86,2,4,3,2,2,25,-7521,0.99,-0.01
98075,7,2012,1222787,1462187.5,0.98,3360,580.34,2,4,4,3,2,14,43901,0.84,-0.16
98199,7,2025,569974,865008,1,3560,242.98,2,5.5,4.5,3.5,2,1,-33595,0.66,-0.34
98011,7,1965,814556,805902,0.99,1140,680.56,1,3,1,1,2,61,8654,1.01,0.01
98118,7,1951,1194911,1165062,0.98,3040,383.24,2,4,4,2,2,75,29849,1.03,0.03
98077,7,1992,1222787,1462187.5,1,2880,538.17,3,4,3,1,2,34,163,0.84,-0.16
99362,7,2003,1222787,1462187.5,0.96,3865,326.28,2,4,4.5,3,2,23,43901,0.84,-0.16
98661,7,1946,404929,412932,1.02,1340,308.16,1,3,1,1,2,80,-8003,0.98,-0.02
98520,7,1926,248924,239903,0.96,1950,123.03,2,4,2,1,2,100,9021,1.04,0.04
98103,7,1909,1020050,1320699,1.03,1450,680.56,1,3,2,1,2,117,-33595,0.77,-0.23
98683,7,1994,762564,762598,1,1660,459.4,1,2,2,2,2,32,-34,1,0
98027,7,1999,1222787,1462187.5,1.03,3580,614.55,2,4,4,3,2,27,-33595,0.84,-0.16
98188,7,1943,599942,600050,1,2010,298.53,2,4,2,1,2,83,-108,1,0
98371,7,1909,700055,600094,0.96,2860,209.82,2,4,3,1,2,117,43901,1.17,0.17
98801,8,2018,519848,519994,1,1730,300.57,2,3,3,2,2,8,-146,1,0
98802,7,2005,619060,619099,1,2190,282.69,1,3,2,2,2,21,-39,1,0
98391,7,1996,949900,899944,0.96,2720,330.86,2,3,3,2,2,30,43901,1.06,0.06
98290,7,1975,775085,814907,1.03,1810,450.22,2,3,3,2,2,51,-33595,0.95,-0.05
98503,7,1970,469802,469933,1,1390,338.08,1,3,2,1,2,56,-131,1,0
99202,7,1972,329937,339908,1.03,1820,186.76,1,4,2,2,2,54,-9971,0.97,-0.03
98072,7,2023,1222787,1462187.5,0.99,3865,680.56,2,5,4.5,2,2,3,43901,0.84,-0.16
98321,7,2025,617900,617935,1,2340,264.07,2,5,3,1,2,1,-35,1,0
98112,7,1909,1222787,1462187.5,1.01,3490,550.16,2,4,3,1,2,117,-21001,0.84,-0.16
98408,7,1909,540083,539937,1,3020,178.79,2,4,2,2,2,117,146,1,0
98837,7,2023,379085,379065,1,1570,241.44,1,3,2,2,2,3,20,1,0
98203,7,1981,998908,1254920,1.03,3865,197.63,2,4,4.5,3.5,2,45,-33595,0.8,-0.2
98501,7,1948,688901,657929,0.96,2770,237.52,2,4,3,2,2,78,30972,1.05,0.05
98604,7,2021,695081,695083,1,2100,330.99,1,3,2,2,2,5,-2,1,0
98106,7,1953,699871,700034,1,1220,573.8,2,3,2,1,2,73,-163,1,0
98116,0,1996,929896,930050,1,1330,680.56,1,2,2,2,2,30,-154,1,0
98092,7,1968,809916,776948,0.96,2000,388.47,1,4,3,1,2,58,32968,1.04,0.04
98004,7,2025,1222787,1462187.5,0.97,3865,680.56,2,5,4.5,2,2,1,43901,0.84,-0.16
98118,7,1953,800082,924941,1.03,2020,457.89,1,4,2,1,2,73,-33595,0.87,-0.13
98155,7,1941,994922,1184940,1.03,1780,665.7,3,3,3,2,2,85,-33595,0.84,-0.16
98349,7,1993,677561,649080,0.96,1440,450.75,1,2,2,1,2,33,28481,1.04,0.04
98002,7,1953,700026,704937,1.01,2880,244.77,1,4,2,2,2,73,-4911,0.99,-0.01
98501,7,2025,634869,634891,1,2380,266.76,2,4,3,2,2,1,-22,1,0
98221,7,1989,1050095,999935,0.96,3000,333.31,2,3,3,2,2,37,43901,1.05,0.05
98092,7,2000,649921,650076,1,2080,312.54,2,4,3,2,2,26,-155,1,0
98662,7,1997,525058,524907,1,1710,306.96,1,3,2,2,2,29,151,1,0
98512,7,1981,530100,515100,0.97,2000,257.55,3,3,2,1,2,45,15000,1.03,0.03
98597,7,2006,479821,479987,1,1720,279.06,2,3,3,2,2,20,-166,1,0
98198,0,1979,349936,339905,0.97,1090,311.84,1,2,2,1,2,47,10031,1.03,0.03
99352,7,2013,449088,449077,1,1720,261.09,2,3,3,2,2,13,11,1,0
98340,7,2021,794931,785070,0.99,2490,315.29,1,3,4,3,2,5,9861,1.01,0.01
98056,7,2011,925018,925091,1,2210,418.59,2,4,3,2,2,15,-73,1,0
98902,7,1978,379808,382435,1.01,1870,204.51,2,3,3,2,2,48,-2627,0.99,-0.01
98021,0,2025,1074856,1080041,1,2350,459.59,2,5,4,3,2,1,-5185,1,0
99207,7,1910,350076,349900,1,2780,125.86,2,4,2,1,2,116,176,1,0
98034,7,1970,997931,1020069,1.02,1240,680.56,2,4,2,2,2,56,-22138,0.98,-0.02
98040,7,1958,1222787,1462187.5,1.03,1550,680.56,2,4,2,2,2,68,-33595,0.84,-0.16
99114,7,1976,289958,270089,0.96,1310,206.17,1,3,2,2,2,50,19869,1.07,0.07
98801,7,1995,575088,585089,1.02,1960,298.51,2,3,3,2,2,31,-10001,0.98,-0.02
98499,7,1950,399979,410060,1.03,1030,398.12,1,3,2,2,2,76,-10081,0.98,-0.02
98597,7,2007,750093,727901,0.97,2780,261.83,2,4,3,2,2,19,22192,1.03,0.03
98682,7,2024,729829,729825,1,2110,345.89,2,4,2,2,2,2,4,1,0
99337,7,1977,369092,369948,1,1580,234.14,1,3,2,1,2,49,-856,1,0
98118,0,2025,1099949,1050056,0.96,1810,580.14,3,3,3,2,2,1,43901,1.05,0.05
98682,7,1977,429988,429987,1,1070,401.86,1,3,1,1,2,49,1,1,0
98418,7,1911,449953,460071,1.02,1180,389.89,2,3,1,1,2,115,-10118,0.98,-0.02
98375,7,2003,524918,516945,0.98,2220,232.86,2,3,3,2,2,23,7973,1.02,0.02
98501,7,2019,538559,534924,0.99,1800,297.18,2,3,3,2,2,7,3635,1.01,0.01
98155,7,1946,695099,765080,1.03,1180,648.37,1,3,2,1,2,80,-33595,0.91,-0.09
98264,7,1927,408089,408054,1,1010,404.01,1,2,1,1,2,99,35,1,0
98275,7,2002,1222787,1462187.5,1.03,3865,358.96,2,4,4,3,2,24,-33595,0.84,-0.16
99354,7,2025,564805,564827,1,2190,257.91,1,4,2,2,2,1,-22,1,0
98177,7,2025,999928,999901,1,1490,671.07,2,4,3,1,2,1,27,1,0
99031,7,2025,629077,610083,0.97,1440,423.67,2,3,2,2,2,1,18994,1.03,0.03
98026,7,1977,1049946,1049946,1,2380,441.15,1,4,3,1,2,49,0,1,0
98338,7,2006,565055,575081,1.02,2630,218.66,2,3,3,2,2,20,-10026,0.98,-0.02
98264,7,1948,610062,610096,1,2670,228.5,1,3,3,1,2,78,-34,1,0
98374,7,2023,669077,664948,0.99,2220,299.53,1,3,3,2,2,3,4129,1.01,0.01
98105,7,1921,1000027,1000050,1,1920,520.86,2,4,2,2,2,105,-23,1,0
98801,0,1965,198907,189946,0.96,1810,324.3,2,1.5,1,1,2,61,8961,1.05,0.05
98516,7,2005,349942,319919,0.96,1460,219.12,2,3,3,2,2,21,30023,1.09,0.09
98332,7,2005,1198912,1179933,0.98,2520,468.23,1,3,3,2,2,21,18979,1.02,0.02
98116,7,1940,1222787,1424913,0.96,2490,572.25,2,5.5,3,2,2,86,43901,0.86,-0.14
98117,0,1960,629934,629908,1,800,680.56,1,2,1,1,2,66,26,1,0
98024,7,1950,869058,860093,0.99,1460,589.1,1,3,2,1,2,76,8965,1.01,0.01
98022,7,1991,569974,849906,1,1830,464.43,2,3,2,2,2,35,-33595,0.67,-0.33
98370,7,1985,499079,485091,0.97,1230,394.38,1,3,1,1,2,41,13988,1.03,0.03
98409,7,1920,350045,365065,1.03,570,640.46,1,1.5,1,1,2,106,-15020,0.96,-0.04
98045,7,1974,625034,590073,0.96,1350,437.09,1,3,1,1,2,52,34961,1.06,0.06
98221,7,1989,588907,570086,0.97,1280,445.38,1,3,2,1,2,37,18821,1.03,0.03
99208,7,1950,329920,334942,1.02,1440,232.6,2,3,2,1,2,76,-5022,0.99,-0.01
98133,7,1925,598948,598921,1,1440,415.92,1,3,2,1,2,101,27,1,0
98571,7,2003,535067,500077,0.96,1040,480.84,1,2,1,1,2,23,34990,1.07,0.07
98106,7,2025,1099992,1100000,1,2700,407.41,2,5,3,2,2,1,-8,1,0
98282,7,2001,569974,689448,1,1600,430.9,2,3,2,2,2,25,-33595,0.83,-0.17
98070,7,1919,584946,539946,0.96,1750,308.54,2,1.5,1,2,2,107,43901,1.08,0.08
98363,0,2007,338908,338949,1,1040,325.91,2,2,1,1,2,19,-41,1,0
98033,7,1999,1222787,1462187.5,1.01,3540,570.64,2,4,4,1,2,27,-20024,0.84,-0.16
99216,0,2006,274902,274922,1,1210,227.21,2,3,3,2,2,20,-20,1,0
98409,7,1940,337912,332920,0.99,530,628.15,1,1.5,1,1,2,86,4992,1.01,0.01
99202,7,1924,318917,285562,0.96,1100,259.6,1,2,2,2,2,102,33355,1.12,0.12
99216,7,1959,384923,385065,1,2110,182.5,1,4,2,1,2,67,-142,1,0
98569,7,2020,430004,435021,1.01,1270,342.54,1,2,2,1,2,6,-5017,0.99,-0.01
98126,7,1918,884929,936948,1.03,1660,564.43,1,4,2,1,2,108,-33595,0.94,-0.06
98252,7,1959,400091,375088,0.96,480,680.56,1,1.5,1,1,2,67,25003,1.07,0.07
98199,0,2025,864854,864898,1,1080,680.56,2,2,3,1,2,1,-44,1,0
98230,0,1979,307428,299916,0.98,810,370.27,2,2,2,1,2,47,7512,1.03,0.03
99223,7,1978,515092,504927,0.98,1590,317.56,1,3,2,2,2,48,10165,1.02,0.02
98325,7,1992,599911,635100,1.03,1820,348.96,2,3,3,2,2,34,-33595,0.94,-0.06
99320,7,2025,379952,353222,0.96,1310,269.64,1,3,2,2,2,1,26730,1.08,0.08
99336,7,1998,345081,345074,1,1300,265.44,1,3,2,1,2,28,7,1,0
98922,7,2025,880080,880084,1,2500,352.03,3,4,4,1,2,1,-4,1,0
98532,7,1920,233673,233695,1,1390,168.13,1,3,2,1,2,106,-22,1,0
98682,7,2025,569974,515244,1,1320,390.34,1,3,2,2,2,1,43901,1.11,0.11
98664,7,1959,457405,457575,1,1400,326.84,1,3,1,1,2,67,-170,1,0
99163,7,2014,589578,579093,0.98,2170,266.86,2,4,3,3,2,12,10485,1.02,0.02
98408,7,1934,375066,362591,0.97,620,584.82,1,2,1,1,2,92,12475,1.03,0.03
98012,7,1987,724900,712569,0.98,2000,356.28,2,2,3,1,2,39,12331,1.02,0.02
98290,7,1968,1179891,1149936,0.97,3430,335.26,1,4,3,1,2,58,29955,1.03,0.03
98366,7,1984,569974,455213,1,1200,379.34,1,3,2,2,2,42,43901,1.25,0.25
98007,7,1955,1222787,1260078,0.97,1430,680.56,1,3,2,1,2,71,40004,0.97,-0.03
98372,7,1977,650055,650056,1,1960,331.66,3,3,3,2,2,49,-1,1,0
98271,7,2025,575060,565061,0.98,1480,381.8,3,4,3,2,2,1,9999,1.02,0.02
99205,7,1912,324060,319908,0.99,1350,236.97,2,3,2,2,2,114,4152,1.01,0.01
98662,7,1948,335076,324905,0.97,1380,235.44,1,2,1,1,2,78,10171,1.03,0.03
98058,7,1970,794908,805096,1.01,2390,336.86,3,3,3,2,2,56,-10188,0.99,-0.01
98273,7,2005,350061,385050,1.03,1580,243.7,2,4,3,2,2,21,-33595,0.91,-0.09
99212,7,1955,300050,290091,0.97,1300,223.15,1,2,1,1,2,71,9959,1.03,0.03
98115,7,1929,757894,789945,1.03,1620,487.62,1,3,2,1,2,97,-32051,0.96,-0.04
98858,7,1920,175055,174909,1,2270,77.05,2,3,1,1,2,106,146,1,0
98230,0,1979,279099,279094,1,670,416.56,1,1.5,1,2,2,47,5,1,0
98166,7,1946,479845,248257,0.96,1660,149.55,2,4,2,1,2,80,43901,1.93,0.93
99019,7,2025,409863,409891,1,1980,207.02,2,3,3,2,2,1,-28,1,0
98408,7,1994,485088,485086,1,1460,332.25,2,3,2,1,2,32,2,1,0
98034,0,1977,475016,474897,1,960,494.68,1,1.5,1,1,2,49,119,1,0
98571,7,2003,555053,510079,0.96,1040,490.46,1,2,1,1,2,23,43901,1.09,0.09
99350,7,2025,665065,665066,1,2510,264.97,1,3,3,2,2,1,-1,1,0
98199,0,1968,354947,342571,0.97,830,412.74,1,1.5,1,1,2,58,12376,1.04,0.04
98108,7,2007,589866,590092,1,1450,406.96,2,3,3,2,2,19,-226,1,0
98028,0,2024,560085,549890,0.98,1330,413.45,1,2,2,2,2,2,10195,1.02,0.02
98948,7,1950,325100,320070,0.98,1500,213.38,1,3,2,2,2,76,5030,1.02,0.02
98052,0,1979,400090,424936,1.03,980,433.61,1,2,2,1,2,47,-24846,0.94,-0.06
98290,0,2010,475089,454908,0.96,1280,355.4,3,2,3,2,2,16,20181,1.04,0.04
98391,7,2025,736856,737021,1,2720,270.96,2,4,3,3,2,1,-165,1,0
98199,0,1968,499911,500060,1,1120,446.48,1,2,2,1,2,58,-149,1,0
98371,7,1928,350083,354904,1.01,600,591.51,1,1.5,1,1,2,98,-4821,0.99,-0.01
98642,7,2025,675060,674860,1,2320,290.89,2,4,3,3,2,1,200,1,0
98371,7,1915,545066,545064,1,1820,299.49,2,3,2,2,2,111,2,1,0
98684,7,2025,480066,479937,1,1480,324.28,2,4,2,2,2,1,129,1,0
98267,7,1970,179404,164943,0.96,1000,164.94,2,2,1,1,2,56,14461,1.09,0.09
98682,7,2001,409935,409920,1,1480,276.97,2,3,2,2,2,25,15,1,0
99223,7,1929,294935,311935,1.03,1570,198.68,1,3,1,1,2,97,-17000,0.95,-0.05
98104,0,1909,899057,870081,0.97,1780,488.81,2,2,2,1,2,117,28976,1.03,0.03
98204,0,1980,295064,295088,1,850,347.16,1,2,1,1,2,46,-24,1,0
98058,7,1986,764920,764950,1,1450,527.55,1,3,2,2,2,40,-30,1,0
98188,0,1968,252772,243093,0.96,910,267.14,1,2,1,1,2,58,9679,1.04,0.04
98208,0,1994,569974,409949,1,1020,401.91,1,2,2,2,2,32,43901,1.39,0.39
98270,7,2026,654906,654945,1,1780,367.95,2,3,3,1,2,0,-39,1,0
98607,7,2001,569974,575086,1,1910,301.09,2,3,3,2,2,25,-5112,0.99,-0.01
99350,7,2025,520095,519919,1,2680,194,1,4,1,1,2,1,176,1,0
98937,7,1946,210088,209901,1,880,238.52,2,1.5,2,1,2,80,187,1,0
98629,7,2021,399943,399922,1,1690,236.64,2,3,2,2,2,5,21,1,0
98258,7,1994,545926,557071,1.02,1240,449.25,1,3,2,2,2,32,-11145,0.98,-0.02
99019,7,2025,419852,419866,1,2020,207.85,2,3,3,2,2,1,-14,1,0
98664,7,1951,369096,385088,1.03,1110,346.93,1,2,1,1,2,75,-15992,0.96,-0.04
98043,0,1977,285031,285084,1,750,380.11,1,2,1,1,2,49,-53,1,0
98338,7,2000,650049,645068,0.99,2420,266.56,1,3,2,2,2,26,4981,1.01,0.01
98682,7,2026,515269,515087,1,1320,390.22,1,3,2,2,2,0,182,1,0
98607,7,2025,1222787,1449088,1,2890,501.41,2,3,3,3,2,1,-12,0.84,-0.16
99037,7,2025,569974,615017,1,3630,169.43,2,5,3,3,2,1,-33595,0.93,-0.07
98362,7,1924,275058,282564,1.03,780,362.26,1,2,1,1,2,102,-7506,0.97,-0.03
98607,7,1999,699931,725065,1.03,2370,305.93,2,4,3,2,2,27,-25134,0.97,-0.03
98258,7,1930,569974,360060,1,1760,204.58,1,2,2,1,2,96,43901,1.58,0.58
99019,7,2025,372464,395029,1.03,1530,258.19,2,3,3,2,2,1,-22565,0.94,-0.06
98133,7,1952,600051,530087,0.96,1500,353.39,1,4,2,1,2,74,43901,1.13,0.13
98498,7,2025,578918,579071,1,1500,386.05,1,3,2,2,2,1,-153,1,0
98003,0,1994,569974,345047,1,980,352.09,3,2,2,1,2,32,43901,1.65,0.65
99354,7,1944,569974,290074,1,2900,100.03,1,4,2,2,2,82,43901,1.96,0.96
98683,7,1999,569974,200073,1,2290,87.37,2,3,3,2,2,27,43901,2.85,1.85
98023,7,1990,674905,684947,1.01,2580,265.48,2,5,3,2,2,36,-10042,0.99,-0.01
98498,7,1955,569974,420096,1,2030,206.94,1,4,1,1,2,71,43901,1.36,0.36
98087,0,2011,569974,654943,1,1470,445.54,2,2,3,2,2,15,-33595,0.87,-0.13
98374,7,1995,560075,562058,1,2050,274.17,2,4,3,3,2,31,-1983,1,0
99019,7,2025,593042,593042,1,1880,315.45,1,3,2,2,2,1,0,1,0
98144,7,1910,824950,825076,1,2190,376.75,2,4,2,1,2,116,-126,1,0
98118,7,1990,569974,825053,1,2260,365.07,1,4,4,3,2,36,-33595,0.69,-0.31
99352,7,1949,569974,367428,1,1590,231.09,1,3,1,1,2,77,43901,1.55,0.55
98346,7,2025,835366,835348,1,2900,288.05,2,5,4,3,2,1,18,1,0
98362,7,1947,369830,374950,1.01,1340,279.81,2,3,1,1,2,79,-5120,0.99,-0.01
98144,0,1992,569974,597462,1,1030,580.06,2,2,3,2,2,34,-27488,0.95,-0.05
98922,7,2023,569974,879916,1,2620,335.85,2,4,3,3,2,3,-33595,0.65,-0.35
99006,7,2025,674901,674950,1,1790,377.07,2,4,3,3,2,1,-49,1,0
98506,7,1948,569974,420081,1,1250,336.06,1,2,2,1,2,78,43901,1.36,0.36
99006,7,2025,356046,355934,1,1320,269.65,1,3,2,2,2,1,112,1,0
98837,7,2025,340669,341716,1,1410,242.35,1,3,2,1,2,1,-1047,1,0
98382,7,2001,650069,624931,0.96,1860,335.98,2,3,2,2,2,25,25138,1.04,0.04
98273,7,2025,780054,780050,1,2000,390.02,1,3,2,2,2,1,4,1,0
98274,7,2014,719912,719925,1,1940,371.1,1,3,2,1,2,12,-13,1,0
98682,7,2025,905066,905072,1,3120,290.09,2,4,3,3,2,1,-6,1,0
98686,7,2013,761968,761947,1,2420,314.85,1,3,2,2,2,13,21,1,0
98532,7,2005,569974,438856,1,2840,154.53,1,3,2,2,2,21,43901,1.3,0.3
98270,7,2025,744896,744867,1,2330,319.69,2,4,3,2,2,1,29,1,0
98092,7,2015,855066,820074,0.96,3190,257.08,2,4,3,2,2,11,34992,1.04,0.04
98188,7,1947,569974,524939,1,1070,490.6,1,3,1,1,2,79,43901,1.09,0.09
98374,7,2024,899061,898921,1,3410,263.61,2,5,3,2,2,2,140,1,0
98642,7,2025,569974,675292,1,2390,282.55,2,4,3,3,2,1,-33595,0.84,-0.16
98019,7,1981,569974,749905,1,1820,412.04,2,2,2,1,2,45,-33595,0.76,-0.24
98177,0,1992,569974,999940,1,1230,680.56,2,3,4,2,2,34,-33595,0.57,-0.43
98273,7,2025,725062,725075,1,2200,329.58,2,4,3,2,2,1,-13,1,0
99205,7,1943,569974,299933,1,1420,211.22,1,3,1,1,2,83,43901,1.9,0.9
98407,7,1971,569974,550086,1,1320,416.73,1,3,1,1,2,55,19888,1.04,0.04
98203,7,2025,569974,575269,1,1520,378.47,2,4,3,2,2,1,-5295,0.99,-0.01
98270,7,2025,675034,675001,1,1940,347.94,2,4,3,1,2,1,33,1,0
99352,7,2021,929954,914902,0.98,3070,298.01,1,3,3,2,2,5,15052,1.02,0.02
98272,7,1997,550062,547411,1,1100,497.65,1,3,2,1,2,29,2651,1,0
98374,7,2025,674595,674743,1,2350,287.12,2,5,3,3,2,1,-148,1,0
98579,7,2016,478933,478949,1,1670,286.8,1,3,2,2,2,10,-16,1,0
99216,7,1998,454913,434923,0.96,2580,168.57,2,4,3,1,2,28,19990,1.05,0.05
99362,7,1950,569974,180098,1,1590,113.27,1,4,1,1,2,76,43901,3.16,2.16
99016,7,2000,714903,714921,1,1810,324.3,2,3,3,2,2,26,-18,1,0
99224,7,1977,599909,600050,1,3020,198.69,1,4,3,2,2,49,-141,1,0
99207,7,1970,374877,375085,1,1980,189.44,2,5,2,2,2,56,-208,1,0
99208,7,1959,569974,231129,1,1720,134.38,1,4,1,1,2,67,43901,2.47,1.47
99352,7,2023,1189929,1149918,0.97,3865,289.65,1,5,4,3.5,2,3,40011,1.03,0.03
98077,7,1985,569974,1462187.5,1,2970,516.81,2,3,4,2,2,41,-33595,0.39,-0.61
98662,7,1965,569974,305050,1,990,308.13,1,3,1,1,2,61,43901,1.87,0.87
98296,7,1909,569974,349950,1,1320,265.11,1,3,1,1,2,117,43901,1.63,0.63
98028,7,1977,795081,795082,1,1970,403.59,2,4,3,1,2,49,-1,1,0
99003,7,2008,1027818,984918,0.96,3865,245.62,1,4,4,3.5,2,18,42900,1.04,0.04
99208,7,2006,459883,455934,0.99,2260,201.74,2,4,3,3,2,20,3949,1.01,0.01
98270,7,2025,769898,759936,0.99,2730,278.36,2,5,3,2,2,1,9962,1.01,0.01
98119,0,1998,569974,1462187.5,1,2460,680.56,3.5,3,4,3,2,28,-33595,0.39,-0.61
98270,7,2025,715081,699933,0.98,2210,316.71,2,4,3,2,2,1,15148,1.02,0.02
98501,7,2014,569974,595059,1,3110,191.34,2,4,3,2,2,12,-25085,0.96,-0.04
98922,7,1992,569974,849927,1,1810,324.3,2,3,0.5,2,2,34,-33595,0.67,-0.33
98837,7,2006,569974,649914,1,2370,274.23,1,3,3,2,2,20,-33595,0.88,-0.12
98394,7,2010,999907,980100,0.98,2600,376.96,1,3,2,2,2,16,19807,1.02,0.02
98332,7,1909,729938,715081,0.98,1850,386.53,2,3,2,1,2,117,14857,1.02,0.02
99352,7,2026,401790,401592,1,1200,334.66,1,3,2,1,2,0,198,1,0
98155,7,1954,569974,760083,1,880,680.56,1,2,1,1,2,72,-33595,0.75,-0.25
98513,7,1984,569974,480093,1,1810,265.24,2,3,4,2,2,42,43901,1.19,0.19
98607,7,1998,634939,634942,1,2210,287.3,2,4,2,2,2,28,-3,1,0
99205,7,1909,334932,320052,0.96,2230,143.52,2,3,2,1,2,117,14880,1.05,0.05
98125,7,1928,1222787,1369916,0.98,3610,379.48,2,4,4,3,2,98,28033,0.89,-0.11
98345,7,1968,974915,950099,0.97,1410,673.83,1,2,2,1,2,58,24816,1.03,0.03
98229,7,1972,688914,705087,1.02,1580,446.26,1,3,2,1,2,54,-16173,0.98,-0.02
98502,7,1993,675034,674883,1,1870,360.9,2,3,3,2,2,33,151,1,0
99336,7,1963,494923,489926,0.99,3000,163.31,1,4,4,1,2,63,4997,1.01,0.01
98642,7,2005,1222787,1462187.5,1,3865,343.12,2,4,3,3,2,21,13,0.84,-0.16
98042,4,1991,379086,388933,1.03,1150,338.2,1,3,2,1,2,35,-9847,0.97,-0.03
98682,7,1979,488906,489084,1,1610,303.78,2,4,2,2,2,47,-178,1,0
98374,7,1979,707069,692558,0.98,3050,227.07,3,5,3,3,2,47,14511,1.02,0.02
98275,7,1978,1222787,1310074,0.98,2970,441.1,2,4,3,1,2,48,24995,0.93,-0.07
98020,7,1995,569974,950064,1,2350,404.28,2,4,3,2,2,31,-33595,0.6,-0.4
99336,7,2018,769093,768925,1,3865,187.09,1,5.5,4,3,2,8,168,1,0
99207,7,1909,300100,295088,0.98,1640,179.93,2,4,2,1,2,117,5012,1.02,0.02
98367,7,2025,599931,599895,1,1950,307.64,1,3,2,2,2,1,36,1,0
98112,7,1909,1222787,1462187.5,1,3865,680.56,2,5,4.5,2,2,117,143,0.84,-0.16
98225,7,1923,698944,699092,1,1660,421.14,1,3,2,1,2,103,-148,1,0
98198,7,1946,569974,549915,1,1920,286.41,1,4,2,2,2,80,20059,1.04,0.04
98271,7,2021,874924,850097,0.97,2420,351.28,2,5,3,2,2,5,24827,1.03,0.03
98273,7,1953,459838,445913,0.97,1210,368.52,1,3,1,1,2,73,13925,1.03,0.03
99336,7,1992,472054,460078,0.97,2330,197.46,2,4,3,3,2,34,11976,1.03,0.03
98247,7,1996,569974,1175454,1,3865,265.94,2,4,4.5,3.5,2,30,-33595,0.48,-0.52
98021,7,2016,1222787,1462187.5,1,3865,458.67,2,4,4,2,2,10,-157,0.84,-0.16
98258,7,2007,830094,824916,0.99,2460,335.33,2,4,3,2,2,19,5178,1.01,0.01
98117,0,1992,569974,630086,1,800,680.56,2,2,1,1,2,34,-33595,0.9,-0.1
98373,7,2004,640091,656081,1.02,2780,236,2,5,3,2,2,22,-15990,0.98,-0.02
98332,7,1993,715090,715055,1,1620,441.39,1,3,2,1,2,33,35,1,0
98671,7,2024,1222787,1462187.5,1,3820,412.32,2,4,2,2,2,2,15,0.84,-0.16
98422,7,1965,799400,799586,1,2930,272.9,2,5,4,3,2,61,-186,1,0
98944,7,1955,569974,165060,1,1400,117.9,1,3,1,1,2,71,43901,3.45,2.45
98038,7,2020,1100088,1082910,0.98,3140,344.88,2,4,3,2,2,6,17178,1.02,0.02
98296,7,1999,825091,815092,0.99,1910,426.75,2,3,3,2,2,27,9999,1.01,0.01
98201,7,1995,898055,897923,1,3560,252.23,1,5.5,4,3,2,31,132,1,0
98908,7,2025,1222787,1165099,0.96,3240,359.6,1,4,4,3,2,1,43901,1.05,0.05
98569,7,1974,443933,438907,0.99,1460,300.62,3,3,2,1,2,52,5026,1.01,0.01
98321,7,2025,644894,635023,0.98,2330,272.54,2,4,3,1,2,1,9871,1.02,0.02
98375,7,1980,525058,514905,0.98,1500,343.27,1,3,2,1,2,46,10153,1.02,0.02
98665,7,1972,499945,500097,1,1300,384.69,1,3,2,2,2,54,-152,1,0
98027,0,1994,334905,329945,0.99,640,515.54,1,1.5,1,1,2,32,4960,1.02,0.02
98501,7,1966,949911,925100,0.97,3865,199.38,2,3,4,1,2,60,24811,1.03,0.03
98074,7,2003,1222787,1349950,0.98,2910,463.9,2,4,3,2,2,23,29995,0.91,-0.09
98006,7,1984,1222787,1462187.5,0.96,3680,576.07,2,5,4,2,2,42,43901,0.84,-0.16
98922,7,2016,924917,849903,0.96,2640,321.93,2,3,3,1,2,10,43901,1.09,0.09
99208,7,1997,500075,500086,1,2950,169.52,1,4,3,3,2,29,-11,1,0
98387,7,2011,569974,608063,1,2760,220.31,2,4,2,2,2,15,-33595,0.94,-0.06
99019,7,2025,374854,370032,0.99,1530,241.85,2,3,3,2,2,1,4822,1.01,0.01
98144,7,1926,1222787,1462187.5,1.03,3410,513.18,2,5.5,4.5,3.5,2,100,-33595,0.84,-0.16
98387,7,2004,505083,499938,0.99,1830,273.19,2,4,3,2,2,22,5145,1.01,0.01
98366,7,2023,600079,604904,1.01,2660,227.41,2,4,3,3,2,3,-4825,0.99,-0.01
98662,7,2004,567070,567052,1,1970,287.84,2,4,2,2,2,22,18,1,0
98512,7,2004,989095,950099,0.96,2330,407.77,1,3,4,2,2,22,38996,1.04,0.04
99337,7,2022,475071,475073,1,2110,225.15,2,4,3,2,2,4,-2,1,0
99016,7,2005,395090,394947,1,1240,318.51,1,3,2,2,2,21,143,1,0
98053,7,2008,1222787,1462187.5,0.96,3360,680.56,2,3,4,3,2,18,43901,0.84,-0.16
99001,7,2024,360079,360047,1,1320,272.76,1,3,2,2,2,2,32,1,0
98661,7,2022,594912,594934,1,2120,280.63,2,3,2,2,2,4,-22,1,0
98635,7,2022,325087,325062,1,2350,138.32,2,4,2,2,2,4,25,1,0
98391,7,2014,624810,624910,1,2920,214.01,2,4,3,2,2,12,-100,1,0
98106,7,2008,874919,891930,1.02,1800,495.52,2,3,3,1,2,18,-17011,0.98,-0.02
98119,7,1930,1222787,1462187.5,0.96,3865,680.56,2,4,4,2,2,96,43901,0.84,-0.16
98033,0,1997,569974,437537,1,1760,248.6,3,2,2,2,2,29,43901,1.3,0.3
98374,7,1995,534913,540085,1.01,2100,257.18,2,4,3,1,2,31,-5172,0.99,-0.01
98270,7,1954,874906,874914,1,3080,284.06,1,4,3,1,2,72,-8,1,0
98034,7,1973,1222787,1449935,1,2120,680.56,3,4,3,1,2,53,-21,0.84,-0.16
98409,0,1968,209089,199906,0.96,790,253.05,3,2,1,1,2,58,9183,1.05,0.05
98206,7,1967,440092,440073,1,900,488.97,1,1.5,1,2,2,59,19,1,0
98329,7,1991,620058,622084,1,2360,263.59,1,3,3,1,2,35,-2026,1,0
98118,7,1955,768947,758941,0.99,1400,542.1,1,3,2,2,2,71,10006,1.01,0.01
98632,7,1972,330067,330097,1,1080,305.65,1,3,1,1,2,54,-30,1,0
99006,7,2024,482988,480062,0.99,1840,260.9,1,3,2,2,2,2,2926,1.01,0.01
98942,7,1982,569974,337043,1,1400,240.74,1,4,2,2,2,44,43901,1.69,0.69
99037,7,1994,412976,375054,0.96,2270,165.22,1,2,2,2,2,32,37922,1.1,0.1
98042,7,1977,494911,515052,1.03,1270,405.55,1,3,2,2,2,49,-20141,0.96,-0.04
98008,7,1958,1222787,1462187.5,0.98,3640,618.15,1,4,3,1,2,68,43901,0.84,-0.16
98229,7,2004,634082,610098,0.96,2660,229.36,1,4,4,3,2,22,23984,1.04,0.04
98056,7,1959,660034,665060,1.01,1560,426.32,1,3,2,1,2,67,-5026,0.99,-0.01
98264,0,1984,339925,329906,0.97,960,343.65,1,2,1,2,2,42,10019,1.03,0.03
98445,7,1942,410083,410079,1,1040,394.31,1,2,1,1,2,84,4,1,0
98155,0,1976,198925,210054,1.03,640,328.21,1,1.5,1,1,2,50,-11129,0.95,-0.05
98550,7,1973,399076,375072,0.96,2200,170.49,1,3,2,1,2,53,24004,1.06,0.06
98146,0,2025,759900,760054,1,2370,320.7,2,4,3,1,2,1,-154,1,0
98155,7,1946,998910,1099937,1.03,1970,558.34,2,3,3,1,2,80,-33595,0.91,-0.09
98121,0,2000,784938,749920,0.96,1580,474.63,1,2,2,2,2,26,35018,1.05,0.05
98019,7,2021,974935,979907,1.01,2360,415.21,2,3,3,2,2,5,-4972,0.99,-0.01
98404,0,1909,474929,464095,0.98,1630,284.72,2,3,2,2,2,117,10834,1.02,0.02
98499,7,1958,475060,490076,1.03,1460,335.67,1,3,2,1,2,68,-15016,0.97,-0.03
98001,7,1968,549067,549095,1,1370,400.8,1,3,2,1,2,58,-28,1,0
98682,7,2002,500067,500097,1,1920,260.47,2,4,2,2,2,24,-30,1,0
98006,0,1986,446566,432554,0.97,890,486.02,1,2,1,1,2,40,14012,1.03,0.03
98520,7,1940,338930,341918,1.01,2560,133.56,2,2,1,1,2,86,-2988,0.99,-0.01
98604,7,2025,546575,546411,1,1520,359.48,1,3,2,2,2,1,164,1,0
98115,7,1947,1222787,1462187.5,1.03,3090,542.06,2,3,2,2,2,79,-33595,0.84,-0.16
98404,7,1910,424065,423920,1,1640,258.49,2,3,2,2,2,116,145,1,0
98682,7,2015,489907,490096,1,1930,253.94,2,4,2,2,2,11,-189,1,0
98284,7,2007,505024,504887,1,1730,291.84,2,3,3,2,2,19,137,1,0
98498,7,1968,520914,550907,1.03,2780,198.17,2,4,3,3,2,58,-29993,0.95,-0.05
98516,0,2023,410055,410097,1,1600,256.31,3,2,3,1,2,3,-42,1,0
98208,7,2015,1000058,1000082,1,2740,364.99,2,4,3,2,2,11,-24,1,0
98837,7,2024,355923,355932,1,1330,267.62,1,3,2,1,2,2,-9,1,0
98020,7,1957,799932,775077,0.97,1270,610.3,2,3,2,1,2,69,24855,1.03,0.03
98503,7,1965,475075,475070,1,1460,325.39,1,3,2,1,2,61,5,1,0
98661,7,1952,370058,370073,1,790,468.45,1,2,1,1,2,74,-15,1,0
98831,0,1986,2774,2624,0.96,1330,2.64,1,3,3,2,2,40,150,1.06,0.06
98642,7,2006,1222787,1462187.5,1,3865,389.3,3,5.5,4.5,3.5,2,20,-159,0.84,-0.16
98038,7,1992,760087,735092,0.97,2000,367.55,2,4,3,2,2,34,24995,1.03,0.03
98294,7,1973,488062,490089,1,1250,392.07,1,4,1,1,2,53,-2027,1,0
98371,7,1941,425067,413567,0.97,1150,359.62,2,3,1,1,2,85,11500,1.03,0.03
98045,7,2025,1222787,1462187.5,1,3270,458.74,2,4,3,3,2,1,0,0.84,-0.16
98012,7,1979,869076,874060,1.01,1970,443.69,3,4,3,1,2,47,-4984,0.99,-0.01
98685,7,1982,424910,425058,1,1390,305.8,1,3,2,2,2,44,-148,1,0
98021,7,2005,1050069,1076932,1.03,2070,520.26,2,3,3,2,2,21,-26863,0.98,-0.02
98374,7,1993,724916,714948,0.99,2390,299.14,2,3,3,2,2,33,9968,1.01,0.01
98321,7,2021,525095,529907,1.01,1140,464.83,1,3,2,2,2,5,-4812,0.99,-0.01
98198,0,1980,298935,294944,0.99,1080,273.1,1,2,1,1,2,46,3991,1.01,0.01
98168,7,1949,569974,500066,1,1580,316.5,1,4,3,2,2,77,43901,1.14,0.14
98503,7,2000,484934,485062,1,1710,283.66,2,3,3,2,2,26,-128,1,0
98109,0,1968,549933,529940,0.96,1050,504.7,1,2,2,1,2,58,19993,1.04,0.04
98926,7,2025,415078,417282,1.01,2050,203.55,2,4,3,1,2,1,-2204,0.99,-0.01
99202,7,1909,299419,324914,1.03,2580,125.94,2,3,2,2,2,117,-25495,0.92,-0.08
98311,7,1974,488922,488905,1,1570,311.4,1,3,2,1,2,52,17,1,0
99301,7,2004,569974,430059,1,2040,210.81,2,5,3,3,2,22,43901,1.33,0.33
98092,7,2002,614946,620062,1.01,1720,360.5,1,3,2,1,2,24,-5116,0.99,-0.01
98513,7,2018,514854,499073,0.97,1580,315.87,1,2,2,1,2,8,15781,1.03,0.03
98277,7,1989,569974,730214,1,2050,356.2,2,3,2,2,2,37,-33595,0.78,-0.22
98146,7,1958,569095,525090,0.96,1080,486.19,1,3,1,1,2,68,43901,1.08,0.08
98548,7,1974,150076,145061,0.97,480,302.21,1,1.5,1,1,2,52,5015,1.03,0.03
99205,7,1987,400095,406930,1.02,1850,219.96,2,4,2,2,2,39,-6835,0.98,-0.02
98604,7,2024,600073,600076,1,2260,265.52,2,4,2,2,2,2,-3,1,0
98531,7,1920,295053,279931,0.96,1200,233.28,2,3,1,1,2,106,15122,1.05,0.05
98671,7,1969,519940,520081,1,1810,287.34,2,3,2,2,2,57,-141,1,0
98023,0,1995,320063,319910,1,1120,285.63,1,3,2,1,2,31,153,1,0
98942,7,1950,310069,304923,0.98,1120,272.25,1,3,1,1,2,76,5146,1.02,0.02
98229,7,2006,1222787,1462187.5,0.99,3865,208.4,2,4,4.5,3,2,20,23024,0.84,-0.16
98117,7,1928,1222787,1170098,0.96,2150,544.23,1,3,3,3,2,98,43901,1.05,0.05
98271,7,2025,708919,708900,1,2370,299.11,2,4,3,2,2,1,19,1,0
98589,7,2021,484937,475100,0.98,2010,236.37,2,3,3,2,2,5,9837,1.02,0.02
98682,7,1998,569974,400050,1,1460,274.01,1,3,2,2,2,28,43901,1.42,0.42
98109,0,1968,364922,360092,0.99,860,418.71,1,2,1,1,2,58,4830,1.01,0.01
98107,0,1993,498057,487405,0.98,930,524.09,1,2,2,1,2,33,10652,1.02,0.02
98233,7,2007,868927,869091,1,1800,482.83,1,3,2,2,2,19,-164,1,0
98117,0,2025,769895,770038,1,1100,680.56,2,2,2,1,2,1,-143,1,0
99019,7,2026,399855,384932,0.96,1980,194.41,2,3,3,2,2,0,14923,1.04,0.04
98225,7,1925,874915,925087,1.03,2750,336.4,2,3,2,2,2,101,-33595,0.95,-0.05
98026,0,1969,379902,380079,1,870,436.87,1,1.5,1,1,2,57,-177,1,0
98271,7,1999,535094,543092,1.01,1590,341.57,2,3,3,2,2,27,-7998,0.99,-0.01
98569,7,2023,265061,264933,1,830,319.2,1,2,1,1,2,3,128,1,0
98408,7,1930,299864,331587,1.03,2320,142.93,2,3,1,1,2,96,-31723,0.9,-0.1
98684,7,1992,569974,400090,1,1340,298.57,1,3,2,2,2,34,43901,1.42,0.42
98402,0,1909,365098,365092,1,710,514.21,1,1.5,1,1,2,117,6,1,0
98499,7,1951,424910,429942,1.01,1250,343.95,1,4,1,1,2,75,-5032,0.99,-0.01
98626,7,1909,569974,209906,1,1150,182.53,2,3,1,1,2,117,43901,2.72,1.72
98270,7,1956,569974,126239,1,1110,113.73,1,3,2,1,2,70,43901,4.52,3.52
98116,7,2014,1222787,1462187.5,1.03,2740,625.04,2,4,3,2,2,12,-33595,0.84,-0.16
98029,0,2000,500094,490051,0.98,950,515.84,1,2,1,1,2,26,10043,1.02,0.02
98021,7,2009,919845,950061,1.03,1810,524.9,2,3,3,2,2,17,-30216,0.97,-0.03
98029,0,2004,569974,507419,1,230,324.3,3,3,0.5,2,2,22,43901,1.12,0.12
98264,7,1990,569974,1100357,1,3865,273.04,1,4,4,3,2,36,-33595,0.52,-0.48
98446,7,1930,569974,950085,1,3790,250.68,2,5.5,2,2,2,96,-33595,0.6,-0.4
98125,7,1920,569974,500070,1,1220,409.89,1,4,2,2,2,106,43901,1.14,0.14
99203,7,1961,569974,299950,1,1040,288.41,1,2,1,1,2,65,43901,1.9,0.9
98685,7,1914,569974,630081,1,1740,362.12,2,4,2,1,2,112,-33595,0.9,-0.1
98178,7,2025,999809,999976,1,2590,386.09,3,4,4,3,2,1,-167,1,0
99354,7,1944,235092,233075,0.99,610,382.09,1,2,1,1,2,82,2017,1.01,0.01
99352,7,2025,434911,434921,1,1740,249.95,2,3,3,1,2,1,-10,1,0
98028,7,1945,898083,849905,0.96,1820,466.98,1,3,2,1,2,81,43901,1.06,0.06
98611,7,1939,569974,488556,1,2360,207.02,2,2,2,2,2,87,43901,1.17,0.17
98663,7,1997,419072,434941,1.03,1420,306.3,2,3,2,2,2,29,-15869,0.96,-0.04
98611,7,2026,675078,675051,1,1840,366.88,1,3,2,2,2,0,27,1,0
98108,7,1977,650047,685059,1.03,1000,680.56,1,3,2,1,2,49,-33595,0.95,-0.05
98199,7,1940,569974,1290052,1,2140,602.83,1,4,4,2,2,86,-33595,0.44,-0.56
98595,7,1991,175073,134914,0.96,900,149.9,1,2,1,1,2,35,40159,1.3,0.3
98642,7,2025,828920,829081,1,2260,366.85,1,3,2,2,2,1,-161,1,0
98006,0,2025,1222787,1462187.5,0.96,1940,680.56,2,3,3,1,2,1,43901,0.84,-0.16
98903,7,2006,424951,420080,0.99,1940,216.54,2,4,3,3,2,20,4871,1.01,0.01
98370,0,1978,329564,293441,0.96,890,329.71,1,2,1,2,2,48,36123,1.12,0.12
98003,7,1967,549918,549908,1,1340,410.38,1,3,2,1,2,59,10,1,0
98346,7,1970,569974,389928,1,1250,311.94,1,3,1,1,2,56,43901,1.46,0.46
98030,7,1952,569974,420080,1,2270,185.06,1,3,3,2,2,74,43901,1.36,0.36
98372,7,1978,619850,584921,0.96,1740,336.16,1,3,2,1,2,48,34929,1.06,0.06
99148,7,1957,135084,84902,0.96,1060,80.1,2,2,1,1,2,69,43901,1.59,0.59
98662,7,1976,409921,409912,1,1480,276.97,1,3,2,2,2,50,9,1,0
98115,7,1909,569974,790066,1,980,680.56,1,2,1,1,2,117,-33595,0.72,-0.28
98611,7,1978,385932,386095,1,1350,286,1,3,2,1,2,48,-163,1,0
98258,7,1964,424908,419930,0.99,700,599.9,1,1.5,1,1,2,62,4978,1.01,0.01
98074,7,2016,1222787,1462187.5,1.01,2780,615.08,2,4,3,2,2,10,-10035,0.84,-0.16
98115,7,1994,974086,974901,1,3000,324.97,2,5.5,4,3.5,2,32,-815,1,0
98391,7,2025,878406,897227,1.02,3070,292.26,2,5,4,2,2,1,-18821,0.98,-0.02
98199,7,1942,569974,834945,1,990,680.56,1,3,3,2,2,84,-33595,0.68,-0.32
98520,7,1915,569974,240310,1,1100,218.46,1,3,0.5,2,2,111,43901,2.37,1.37
98356,7,1925,375059,160090,0.96,1560,102.62,2,3,1,1,2,101,43901,2.34,1.34
98642,7,2025,569974,628844,1,1940,324.15,1,4,2,2,2,1,-33595,0.91,-0.09
98277,7,1987,490082,502050,1.02,1470,341.53,1,3,2,1,2,39,-11968,0.98,-0.02
98391,7,2018,608922,595063,0.98,1510,394.08,1,2,2,1,2,8,13859,1.02,0.02
98501,7,1949,569974,614926,1,2150,286.01,1,2,2,1,2,77,-33595,0.93,-0.07
98374,7,2025,624871,626849,1,2350,266.74,2,3,3,2,2,1,-1978,1,0
98675,7,1992,569974,731102,1,1810,324.3,2,3,0.5,2,2,34,-33595,0.78,-0.22
98004,7,1967,569974,1300067,1,1340,680.56,1,4,3,2,2,59,-33595,0.44,-0.56
98122,7,1909,650057,660080,1.02,2180,302.79,1,5,2,2,2,117,-10023,0.98,-0.02
98394,7,1930,569974,980077,1,2950,332.23,1,4,1,3,2,96,-33595,0.58,-0.42
98407,7,2025,769058,745090,0.97,1500,496.73,2,2,2,1,2,1,23968,1.03,0.03
99326,7,1952,569974,99900,1,1070,93.36,1,2,1,1,2,74,43901,5.71,4.71
98312,0,1984,569974,269363,1,980,274.86,1,2,2,1,2,42,43901,2.12,1.12
98221,7,1987,569974,635365,1,2680,237.08,1,3,3,3,2,39,-33595,0.9,-0.1
98146,0,1992,569974,760038,1,2370,320.69,2,4,3,2,2,34,-33595,0.75,-0.25
98103,7,2000,569974,1462187.5,1,3865,544.24,3,5.5,4.5,3.5,2,26,-33595,0.39,-0.61
98117,0,2025,569974,769883,1,3865,170.71,2,5.5,4.5,3.5,2,1,-33595,0.74,-0.26
98045,7,1992,569974,1462187.5,1,1810,324.3,2,3,0.5,2,2,34,-33595,0.39,-0.61
98661,7,1966,589914,590063,1,2640,223.51,1,3,2,2,2,60,-149,1,0
98531,7,1909,569974,190095,1,1520,125.06,2,3,2,2,2,117,43901,3,2
98611,7,1939,479964,430931,0.96,2360,182.6,2,3,2,1,2,87,43901,1.11,0.11
98103,7,1909,1222787,1462187.5,1.03,2030,680.56,1,4,2,1,2,117,-33595,0.84,-0.16
98109,0,1968,569974,529902,1,170,324.3,3.5,3,0.5,2,2,58,40072,1.08,0.08
98271,7,1975,569974,374924,1,1260,297.56,1,3,2,2,2,51,43901,1.52,0.52
98144,7,1909,549939,860945,1.03,3080,279.53,1,3,1,1,2,117,-33595,0.64,-0.36
98233,7,2010,569974,398227,1,1080,368.73,1,3,3,2,2,16,43901,1.43,0.43
98405,7,1949,335090,349929,1.03,860,406.89,1,3,1,1,2,77,-14839,0.96,-0.04
98405,7,1913,569974,300067,1,840,357.22,1,1.5,1,1,2,113,43901,1.9,0.9
98661,7,1997,569974,419927,1,2390,175.7,2,3,3,2,2,29,43901,1.36,0.36
98052,7,1973,1222787,1462187.5,1.03,2650,680.56,3,4,3,1,2,53,-33595,0.84,-0.16
98133,0,1976,399075,379936,0.96,1090,348.57,2,2,3,1,2,50,19139,1.05,0.05
98146,7,1938,569974,254900,1,970,262.78,1,3,1,1,2,88,43901,2.24,1.24
98270,7,1978,569974,494936,1,1910,259.13,1,3,3,2,2,48,43901,1.15,0.15
98006,7,1950,1222787,1462187.5,1,2200,680.56,2,3,2,2,2,76,4,0.84,-0.16
99203,7,1953,364937,370086,1.01,1920,192.75,1,3,2,2,2,73,-5149,0.99,-0.01
98642,7,2016,874926,874939,1,2590,337.81,1,3,2,2,2,10,-13,1,0
99217,7,1956,389842,381919,0.98,2160,176.81,1,3,3,3,2,70,7923,1.02,0.02
98664,7,1966,454913,455095,1,1250,364.08,1,3,1,1,2,60,-182,1,0
98110,7,1979,569974,850189,1,1680,506.06,2,2,2,2,2,47,-33595,0.67,-0.33
99337,7,1996,750099,707051,0.96,3865,177.65,2,4,4,3,2,30,43048,1.06,0.06
98664,7,1966,439946,439930,1,1430,307.64,1,3,1,1,2,60,16,1,0
98629,7,2026,597757,597652,1,1890,316.22,1,3,2,2,2,0,105,1,0
99338,7,2026,449999,449980,1,1490,302,1,3,2,2,2,0,19,1,0
98296,7,2017,1222787,1365066,0.96,3310,412.41,2,4,3,2,2,9,43901,0.9,-0.1
98296,7,1977,569974,1462187.5,1,2100,680.56,1,3,3,2,2,49,-33595,0.39,-0.61
98059,7,1979,1222787,1462187.5,0.96,3865,381.69,2,5,4.5,3,2,47,43901,0.84,-0.16
98387,7,1996,548924,553907,1.01,2140,258.84,2,4,3,1,2,30,-4983,0.99,-0.01
98042,7,2020,825077,800067,0.97,2890,276.84,2,5,3,3,2,6,25010,1.03,0.03
98115,7,1947,1222787,1394904,1,2100,664.24,1,4,2,2,2,79,3,0.88,-0.12
99006,7,2017,750076,770060,1.03,2960,260.16,1,4,3,3,2,9,-19984,0.97,-0.03
98368,0,2004,548949,504937,0.96,980,515.24,2,2,1,1,2,22,43901,1.09,0.09
98229,7,1909,699815,700933,1,2770,253.04,2,3,2,2,2,117,-1118,1,0
98092,7,2025,1222787,1462187.5,1,3600,413.86,2,5,4,2,2,1,5189,0.84,-0.16
99205,7,1944,309835,307413,0.99,1540,199.62,1,3,2,2,2,82,2422,1.01,0.01
99037,7,1971,449845,455909,1.01,2270,200.84,2,4,2,2,2,55,-6064,0.99,-0.01
99204,7,1909,499957,499078,1,3865,123.23,3,4,3,1,2,117,879,1,0
99336,7,1999,409808,409810,1,1470,278.78,1,3,2,1,2,27,-2,1,0
98014,7,2025,1222787,1462187.5,0.99,3865,617.19,2,5,4.5,3,2,1,43901,0.84,-0.16
98362,7,1909,519076,489084,0.96,2080,235.14,2,3,1,1,2,117,29992,1.06,0.06
98101,0,2021,1222787,1300092,0.97,1060,680.56,1,2,2,2,2,5,38810,0.94,-0.06
98445,7,1981,539053,539900,1,1650,327.21,2,3,3,2,2,45,-847,1,0
98328,7,2016,589060,552921,0.96,1920,287.98,1,3,2,2,2,10,36139,1.07,0.07
98329,7,1978,419408,425072,1.01,910,467.11,1,2,2,2,2,48,-5664,0.99,-0.01
98922,7,2012,1222787,1400083,0.98,2100,666.71,2,3,4,2,2,14,24840,0.87,-0.13
98837,7,2021,484949,499913,1.03,2380,210.05,2,4,3,2,2,5,-14964,0.97,-0.03
98223,7,1992,789085,789100,1,1650,478.24,1,3,2,2,2,34,-15,1,0
98607,7,1989,569974,649915,1,3270,198.75,1,3,3,3,2,37,-33595,0.88,-0.12
98312,7,1990,929911,919902,0.99,3360,273.78,1,4,3,2,2,36,10009,1.01,0.01
98520,7,1966,404910,410087,1.01,2400,170.87,1,4,3,3,2,60,-5177,0.99,-0.01
98856,7,1998,649908,619902,0.96,1900,326.26,2,2,2,2,2,28,30006,1.05,0.05
98445,7,1915,424927,414912,0.98,1410,294.26,2,3,2,2,2,111,10015,1.02,0.02
98282,7,2006,799063,779905,0.98,2610,298.81,1,4,2,2,2,20,19158,1.02,0.02
98503,7,1996,549806,549841,1,1790,307.17,2,4,3,2,2,30,-35,1,0
98136,0,2004,614922,614900,1,1170,525.56,1,2,2,2,2,22,22,1,0
98589,7,2009,800082,799933,1,2200,363.61,1,4,2,2,2,17,149,1,0
98368,7,1978,510056,480590,0.96,1400,343.28,2,2,2,1,2,48,29466,1.06,0.06
98506,7,1987,725081,694930,0.96,2080,334.1,2,3,3,1,2,39,30151,1.04,0.04
98501,7,1986,489821,510073,1.03,1370,372.32,2,3,3,1,2,40,-20252,0.96,-0.04
98199,7,1947,1222787,1189912,0.96,2550,466.63,1,4,3,1,2,79,43901,1.03,0.03
98682,7,1976,516911,517077,1,1780,290.49,2,4,2,2,2,50,-166,1,0
98406,7,2025,1099956,1029914,0.96,3360,306.52,2,4,4,3,2,1,43901,1.07,0.07
98512,7,1952,585086,585054,1,2110,277.28,1,3,2,2,2,74,32,1,0
98387,7,2003,549901,559908,1.02,1690,331.31,1,3,2,2,2,23,-10007,0.98,-0.02
98391,7,1995,650078,649930,1,2020,321.75,2,3,3,2,2,31,148,1,0
98284,7,1950,559845,560090,1,1240,451.69,1,2,1,1,2,76,-245,1,0
99005,7,2020,475078,479936,1.01,1690,283.99,1,3,2,2,2,6,-4858,0.99,-0.01
98115,7,1932,1222787,1300080,1,2250,577.81,2,4,3,1,2,94,-206,0.94,-0.06
99207,7,1911,530028,510080,0.96,2730,186.84,2,5.5,4.5,3.5,2,115,19948,1.04,0.04
98626,7,1960,379063,379057,1,1140,332.51,1,3,2,2,2,66,6,1,0
98391,7,2003,1199819,1129074,0.96,3865,276.73,2,4,4,2,2,23,43901,1.06,0.06
99205,7,1950,388937,395082,1.02,2280,173.28,2,3,2,2,2,76,-6145,0.98,-0.02
98310,7,1965,484922,489908,1.01,2080,235.53,2,4,4,2,2,61,-4986,0.99,-0.01
98311,7,1972,684920,717095,1.03,2560,280.12,2,5,3,3,2,54,-32175,0.96,-0.04
98072,7,1987,1222787,1462187.5,1,3450,579.73,3,4,4,2,2,39,-151,0.84,-0.16
98199,7,1982,1222787,1235082,0.96,1990,620.64,2,3,3,2,2,44,43901,0.99,-0.01
98249,0,2001,550095,535058,0.97,1180,453.44,1,2,2,1,2,25,15037,1.03,0.03
98569,7,1989,427039,426855,1,1040,410.44,1,2,3,1,2,37,184,1,0
99022,7,1992,674910,679094,1.01,3440,197.41,1,4,3,3,2,34,-4184,0.99,-0.01
98022,7,1989,715094,711600,1,2200,323.45,1,3,2,2,2,37,3494,1,0
99338,7,1978,450062,440074,0.98,2030,216.79,1,4,3,2,2,48,9988,1.02,0.02
98374,7,2022,600014,600018,1,2390,251.05,2,5,3,2,2,4,-4,1,0
98012,7,2006,900072,927088,1.03,2010,461.24,1,3,2,2,2,20,-27016,0.97,-0.03
99338,7,2006,588927,565414,0.96,2480,227.99,1,4,3,2,2,20,23513,1.04,0.04
98610,7,2017,609915,609940,1,1950,312.79,1,3,2,2,2,9,-25,1,0
98290,7,1946,698950,698923,1,1170,597.37,2,1.5,1,1,2,80,27,1,0
99354,7,1994,444557,444418,1,1790,248.28,1,3,2,2,2,32,139,1,0
98223,7,1975,614912,604927,0.98,1390,435.2,1,3,2,1,2,51,9985,1.02,0.02
98033,0,1978,1222787,1462187.5,1,1960,680.56,1,3,3,2,2,48,23,0.84,-0.16
98506,7,1970,674935,675062,1,2340,288.49,2,3,3,2,2,56,-127,1,0
98042,7,1999,825065,825070,1,2840,290.52,2,5,3,2,2,27,-5,1,0
98036,7,1953,729922,729938,1,1690,431.92,1,2,3,2,2,73,-16,1,0
98640,4,1997,250074,244935,0.98,1400,174.95,1,3,2,2,2,29,5139,1.02,0.02
98502,7,2006,584842,584959,1,2650,220.74,2,4,3,2,2,20,-117,1,0
98178,7,1952,830075,788069,0.96,2640,298.51,1,3,2,2,2,74,42006,1.05,0.05
98580,7,1996,650091,647918,1,1720,376.7,1,3,3,2,2,30,2173,1,0
99320,7,2025,399987,397641,0.99,1560,254.9,1,3,2,2,2,1,2346,1.01,0.01
98012,7,1966,742909,742943,1,1400,530.67,1,3,2,1,2,60,-34,1,0
98056,7,2025,1222787,1462187.5,0.96,3830,494.8,2,5,4.5,2,2,1,43901,0.84,-0.16
98947,7,2026,362094,362072,1,1260,287.36,1,3,2,2,2,0,22,1,0
99019,7,2004,619938,620079,1,2360,262.75,2,5,3,1,2,22,-141,1,0
98387,7,1930,348948,349076,1,1220,286.13,1,2,1,1,2,96,-128,1,0
98516,7,2010,689945,689925,1,3680,187.48,2,4,4,3,2,16,20,1,0
98239,7,1937,484800,489828,1.01,1150,425.94,1,2,1,1,2,89,-5028,0.99,-0.01
99338,7,2015,649918,650088,1,2270,286.38,1,4,2,2,2,11,-170,1,0
98155,7,1961,749062,834907,1.03,1740,479.83,2,3,3,1,2,65,-33595,0.9,-0.1
98155,7,1978,1174907,1214904,1.03,2430,499.96,2,3,3,1,2,48,-33595,0.97,-0.03
98105,7,1936,1222787,1462187.5,1,3450,680.56,2,4,4,3,2,90,9863,0.84,-0.16
98664,7,1954,359920,361067,1,960,376.11,1,3,1,1,2,72,-1147,1,0
98021,7,2025,1222787,1425054,1,3160,450.97,2,5,4,3.5,2,1,-116,0.86,-0.14
99037,7,1973,524946,449928,0.96,3640,123.61,1,5,4,3,2,53,43901,1.17,0.17
98335,7,1983,675013,675050,1,1430,472.06,1,3,2,1,2,43,-37,1,0
98043,7,1960,724939,775937,1.03,1430,542.61,1,3,2,1,2,66,-33595,0.93,-0.07
98112,7,1921,945078,945093,1,2660,355.3,2,5.5,3,1,2,105,-15,1,0
98366,7,1974,549951,549088,1,2050,267.85,2,4,3,1,2,52,863,1,0
98002,7,1922,460062,469917,1.02,1360,345.53,1,3,1,1,2,104,-9855,0.98,-0.02
98831,0,1988,2678,2522,0.96,960,2.64,1,2,2,2,2,38,156,1.06,0.06
98230,7,2025,1222787,1462187.5,0.97,3340,462.55,1,3,4.5,2,2,1,43901,0.84,-0.16
99004,7,2025,405077,405050,1,2000,202.52,1,5,3,3,2,1,27,1,0
98569,7,2025,379817,379956,1,1160,327.55,1,2,2,1,2,1,-139,1,0
98052,7,1979,1222787,1462187.5,0.96,3760,420.2,2,4,4,2,2,47,43901,0.84,-0.16
98028,0,2024,625082,600089,0.96,1490,402.74,1,2,2,2,2,2,24993,1.04,0.04
98203,7,1920,435061,435072,1,530,680.56,1,1.5,1,1,2,106,-11,1,0
99353,7,2007,499915,486060,0.97,1920,253.16,1,4,2,2,2,19,13855,1.03,0.03
98446,7,1960,474819,490052,1.03,1600,306.28,1,3,2,1,2,66,-15233,0.97,-0.03
98902,7,1979,374980,370074,0.99,1610,229.86,1,3,2,2,2,47,4906,1.01,0.01
98105,7,1924,1195090,1175070,0.98,2620,448.5,2,5.5,3,1,2,102,20020,1.02,0.02
98122,0,1981,544943,540059,0.99,1070,504.73,1,2,2,1,2,45,4884,1.01,0.01
98513,7,2023,639881,635051,0.99,1860,341.43,1,3,2,2,2,3,4830,1.01,0.01
98026,7,1984,1149909,1095088,0.96,2330,469.99,2,3,3,2,2,42,43901,1.05,0.05
98087,7,2007,846595,846589,1,2250,376.26,2,4,3,2,2,19,6,1,0
98499,7,1951,750001,724938,0.97,2040,355.36,1,5.5,3,2,2,75,25063,1.03,0.03
98502,7,1989,535074,519925,0.97,1720,302.28,1,3,2,2,2,37,15149,1.03,0.03
98038,7,1996,649937,649938,1,1570,413.97,2,3,3,1,2,30,-1,1,0
98010,7,1994,609958,609970,1,1440,423.59,3,3,3,1,2,32,-12,1,0
98208,0,1999,564948,580555,1.03,1360,426.88,1,3,2,2,2,27,-15607,0.97,-0.03
98837,7,1994,414923,405098,0.98,1830,221.37,1,3,2,2,2,32,9825,1.02,0.02
98405,7,1909,522366,522536,1,2570,203.32,2,3,2,1,2,117,-170,1,0
98070,7,2009,1222787,1274905,1.02,2910,438.11,1,2,2,1,2,17,-24828,0.96,-0.04
98056,7,2025,1222787,1462187.5,1,2600,596.18,2,5.5,3,2,2,1,3,0.84,-0.16
98107,0,1986,450089,443906,0.99,870,510.24,1,2,1,1,2,40,6183,1.01,0.01
98664,7,1979,489917,489924,1,1290,379.79,1,3,2,2,2,47,-7,1,0
98683,7,1975,458904,461940,1.01,1220,378.64,1,3,2,2,2,51,-3036,0.99,-0.01
98391,7,1979,594933,595066,1,1450,410.39,2,4,2,2,2,47,-133,1,0
98107,0,2007,300062,280091,0.96,470,595.94,1,1.5,1,1,2,19,19971,1.07,0.07
98270,7,1954,537927,550089,1.02,1300,423.15,1,3,2,1,2,72,-12162,0.98,-0.02
98026,7,1992,1194925,1195086,1,2320,515.12,2,4,3,2,2,34,-161,1,0
98002,7,1955,474927,459939,0.97,1370,335.72,1,4,2,1,2,71,14988,1.03,0.03
98512,0,1984,214908,215083,1,810,265.53,2,2,1,1,2,42,-175,1,0
98001,7,2020,684848,674903,0.99,2080,324.47,2,3,3,2,2,6,9945,1.01,0.01
98569,7,2004,325076,324948,1,880,369.26,1,2,1,1,2,22,128,1,0
98541,7,2025,424971,424966,1,1230,345.5,1,3,2,1,2,1,5,1,0
99338,7,2025,469930,468436,1,1800,260.24,1,3,2,2,2,1,1494,1,0
98662,7,2007,425082,424945,1,2590,164.07,2,4,2,2,2,19,137,1,0
98374,7,2005,559860,569850,1.02,2590,220.02,2,3,3,2,2,21,-9990,0.98,-0.02
99301,7,2007,474823,459938,0.97,2230,206.25,2,4,3,2,2,19,14885,1.03,0.03
98823,7,1945,303946,289941,0.96,890,325.78,1,2,2,1,2,81,14005,1.05,0.05
98947,7,2026,362053,362053,1,1260,287.34,1,3,2,2,2,0,0,1,0
98387,7,1986,450021,460100,1.02,1190,386.64,1,3,2,1,2,40,-10079,0.98,-0.02
98335,7,2006,1222787,1284927,0.97,3670,350.12,1,4,4,2,2,20,34989,0.95,-0.05
98271,0,2003,438935,461910,1.03,1080,427.69,1,3,2,2,2,23,-22975,0.95,-0.05
98374,7,2003,650015,660062,1.02,3350,197.03,2,4,3,2,2,23,-10047,0.98,-0.02
98541,7,1940,305093,305082,1,1200,254.24,2,4,1,1,2,86,11,1,0
98043,0,1979,574950,559905,0.97,1420,394.3,1,2,2,1,2,47,15045,1.03,0.03
99037,7,2025,650004,630034,0.97,3420,184.22,2,4,3,3,2,1,19970,1.03,0.03
98597,7,2003,425057,437076,1.03,1170,373.57,1,3,2,2,2,23,-12019,0.97,-0.03
98074,7,1972,949900,949940,1,1210,680.56,1,3,2,2,2,54,-40,1,0
99217,7,2002,390075,414939,1.03,1790,231.81,2,3,2,2,2,24,-24864,0.94,-0.06
98146,7,1920,500057,514920,1.03,940,547.79,1,4,3,3,2,106,-14863,0.97,-0.03
98115,7,1947,1222787,1380073,1.03,2460,561.01,1,4,1,1,2,79,-33595,0.89,-0.11
98042,7,2026,800099,800052,1,2630,304.2,3,5,4,1,2,0,47,1,0
99328,7,1960,264915,235059,0.96,1320,178.08,2,3,1,1,2,66,29856,1.13,0.13
98922,7,1980,424939,445272,1.03,3210,138.71,1,5,3,2,2,46,-20333,0.95,-0.05
98686,7,2025,674642,674645,1,1860,362.71,1,3,2,2,2,1,-3,1,0
98382,7,1998,765053,747678,0.98,2330,320.89,2,4,3,2,2,28,17375,1.02,0.02
98660,7,1930,481089,480935,1,1120,429.41,1,2,1,1,2,96,154,1,0
98591,7,1927,429057,420064,0.98,1440,291.71,1,3,1,2,2,99,8993,1.02,0.02
99205,7,1910,259964,259955,1,1440,180.52,1,2,1,1,2,116,9,1,0
98607,7,1974,569974,835060,1,2060,405.37,1,3,4,3.5,2,52,-33595,0.68,-0.32
98264,0,1993,429919,423941,0.99,1200,353.28,1,2,2,2,2,33,5978,1.01,0.01
98498,7,1964,569974,470082,1,1450,324.19,1,3,2,2,2,62,43901,1.21,0.21
98541,7,1954,569974,100097,1,930,107.63,1,2,1,1,2,72,43901,5.69,4.69
98032,7,1958,346935,347096,1,1140,304.47,1,3,1,1,2,68,-161,1,0
99352,7,2025,755059,755074,1,3200,235.96,2,4,3,2,2,1,-15,1,0
98117,7,1942,569974,799909,1,1040,680.56,1,1.5,1,1,2,84,-33595,0.71,-0.29
98233,7,2003,529052,520096,0.98,1310,397.02,1,3,2,1,2,23,8956,1.02,0.02
98106,7,2025,569974,1100084,1,2800,392.89,2,5,4,3,2,1,-33595,0.52,-0.48
98201,7,1966,569974,375063,1,850,441.25,1,2,1,1,2,60,43901,1.52,0.52
98296,7,1977,569974,1462187.5,1,1950,680.56,2,3,2,2,2,49,-33595,0.39,-0.61
98249,0,2001,569974,534907,1,1180,453.31,1,2,1,1,2,25,35067,1.07,0.07
98021,0,2004,579559,574584,0.99,810,680.56,1,1.5,1,1,2,22,4975,1.01,0.01
98512,7,2022,544801,544832,1,1950,279.4,2,3,3,2,2,4,-31,1,0
98125,0,2025,850079,865058,1.02,1450,596.59,2,3,4,2,2,1,-14979,0.98,-0.02
98406,0,1980,300011,300007,1,1030,291.27,3,2,2,1,2,46,4,1,0
98225,7,1952,650084,702069,1.03,1750,401.18,1,3,2,1,2,74,-33595,0.93,-0.07
99352,7,2026,513168,513171,1,1980,259.18,1,4,2,2,2,0,-3,1,0
98382,7,2025,580018,585528,1.01,2240,261.4,1,3,3,2,2,1,-5510,0.99,-0.01
98856,7,1992,569974,620053,1,1810,324.3,2,3,0.5,2,2,34,-33595,0.92,-0.08
98258,7,1999,600042,590096,0.98,1470,401.43,3,3,3,1,2,27,9946,1.02,0.02
99402,7,2002,869058,868930,1,3865,217.23,2,5,3,3,2,24,128,1,0
98360,7,1925,309950,299931,0.97,720,416.57,1,2,1,1,2,101,10019,1.03,0.03
98208,0,2010,569974,800091,1,2260,354.02,2,4,3,2,2,16,-33595,0.71,-0.29
99019,7,2025,369854,369881,1,1530,241.75,2,3,3,2,2,1,-27,1,0
98607,7,2025,889236,889080,1,2530,351.42,2,3,3,3,2,1,156,1,0
98270,7,2025,569974,695096,1,2140,324.81,2,4,3,2,2,1,-33595,0.82,-0.18
99207,7,1943,569974,160076,1,710,225.46,1,2,1,1,2,83,43901,3.56,2.56
98902,7,1910,129962,125081,0.96,890,140.54,1,2,1,1,2,116,4881,1.04,0.04
98607,0,2026,771409,771569,1,2120,363.95,3,3,2,2,2,0,-160,1,0
99301,7,2025,539981,539805,1,2190,246.49,1,4,2,2,2,1,176,1,0
98136,7,1922,598933,584947,0.98,1640,356.68,1,2,1,1,2,104,13986,1.02,0.02
98445,7,2002,569974,440064,1,1600,275.04,2,3,2,2,2,24,43901,1.3,0.3
98155,7,1961,569974,1462187.5,1,3510,680.56,1,5.5,3,2,2,65,-33595,0.39,-0.61
99301,7,1955,379916,374926,0.99,2020,185.61,1,4,2,2,2,71,4990,1.01,0.01
98374,7,2022,564932,570058,1.01,2160,263.92,3,4,3,2,2,4,-5126,0.99,-0.01
98569,0,1961,165079,163071,0.99,700,232.96,1,1.5,1,1,2,65,2008,1.01,0.01
99403,7,1927,309948,308863,1,1700,181.68,2,4,2,2,2,99,1085,1,0
98038,7,1989,569974,839924,1,1640,512.15,1,3,2,2,2,37,-33595,0.68,-0.32
99337,7,2026,784931,784938,1,2490,315.24,1,3,3,2,2,0,-7,1,0
98042,7,2025,569974,799930,1,2650,301.86,2,5,4.5,3.5,2,1,-33595,0.71,-0.29
98577,7,1976,569974,78466,1,1280,61.3,1,3,0.5,2,2,50,43901,7.26,6.26
99353,7,2003,945098,900054,0.96,3050,295.1,1,3,3,2,2,23,43901,1.05,0.05
99003,7,1977,749926,716412,0.96,2820,254.05,1,3,3,2,2,49,33514,1.05,0.05
98837,7,1972,569974,799053,1,3170,252.07,2,4,2,2,2,54,-33595,0.71,-0.29
99005,7,2018,1149945,1115573,0.97,3865,268.17,1,5,3,3,2,8,34372,1.03,0.03
98370,7,1990,569974,690364,1,1890,365.27,1,3,2,2,2,36,-33595,0.83,-0.17
98908,7,2005,522915,522902,1,2350,222.51,1,5,4,3,2,21,13,1,0
98604,7,1992,569974,265062,1,1810,324.3,2,3,0.5,2,2,34,43901,2.15,1.15
98221,7,1983,569974,1462187.5,1,2400,680.56,1,3,4.5,3,2,43,-33595,0.39,-0.61
98501,7,1952,569974,584912,1,2110,277.21,1,3,2,1,2,74,-14938,0.97,-0.03
98208,7,1966,569974,710095,1,2010,353.28,2,4,2,1,2,60,-33595,0.8,-0.2
98033,0,1990,569974,1462187.5,1,2420,680.56,3.5,3,3,3,2,36,-33595,0.39,-0.61
98245,7,1962,569974,1462187.5,1,2100,680.56,1,3,2,2,2,64,-33595,0.39,-0.61
99324,7,1940,349946,339925,0.97,1800,188.85,1,3,2,1,2,86,10021,1.03,0.03
98203,7,1963,569974,414931,1,1390,298.51,1,3,2,1,2,63,43901,1.37,0.37
98371,7,1920,484911,485073,1,1310,370.28,2,4,1,1,2,106,-162,1,0
98092,7,2015,619921,610052,0.98,2110,289.12,2,3,3,2,2,11,9869,1.02,0.02
98040,7,2008,1222787,1462187.5,0.97,3865,680.56,2,5,4.5,2,2,18,43901,0.84,-0.16
99004,7,2025,405086,399895,0.99,1740,229.82,2,4,3,2,2,1,5191,1.01,0.01
99206,7,2025,424942,428747,1.01,1860,230.51,2,4,3,2,2,1,-3805,0.99,-0.01
98117,7,2016,979093,973404,0.99,1750,556.23,2,3,4,2,2,10,5689,1.01,0.01
98270,7,2025,704882,695076,0.99,2070,335.79,2,3,3,2,2,1,9806,1.01,0.01
98052,7,1951,569974,1462187.5,1,2960,506.78,1,5,3,2,2,75,-33595,0.39,-0.61
99148,7,1966,569974,280097,1,1000,280.1,2,2,1,1,2,60,43901,2.03,1.03
99353,7,2003,454973,449939,0.99,1880,239.33,2,4,3,2,2,23,5034,1.01,0.01
99037,7,1992,699747,649900,0.96,3865,153.28,2,4,4,3,2,34,43901,1.08,0.08
98671,7,2025,569974,818603,1,2720,300.96,2,4,3,2,2,1,-33595,0.7,-0.3
98629,7,1992,569974,598050,1,1810,324.3,2,3,0.5,2,2,34,-28076,0.95,-0.05
99206,7,2017,478671,478678,1,2210,216.6,2,3,3,3,2,9,-7,1,0
99336,7,2006,689978,685080,0.99,3865,173.88,1,5,4,3,2,20,4898,1.01,0.01
98932,7,1940,569974,94934,1,700,135.62,1,2,1,1,2,86,43901,6,5
98198,7,1958,569974,799860,1,2340,341.82,1,4,4,2,2,68,-33595,0.71,-0.29
98146,0,1992,569974,750001,1,2370,316.46,2,4,3,2,2,34,-33595,0.76,-0.24
99352,7,2002,698943,675083,0.97,3070,219.9,1,4,4,3,2,24,23860,1.04,0.04
98903,7,1975,569974,50917,1,790,64.45,2,3,3,2,2,51,43901,11.19,10.19
99212,7,1957,569974,230923,1,1700,135.84,1,3,1,1,2,69,43901,2.47,1.47
99037,7,2026,569974,475031,1,1960,242.36,1,3,2,2,2,0,43901,1.2,0.2
99022,7,1909,542600,547412,1.01,2410,227.14,2,5,3,2,2,117,-4812,0.99,-0.01
98671,7,2025,1222787,1462187.5,1,3865,380.28,2,4,3,3,2,1,3,0.84,-0.16
98607,7,2021,1100069,1099939,1,3070,358.29,2,4,3,3,2,5,130,1,0
99338,7,2025,1222787,1355074,0.98,3865,335.41,1,4,4.5,3.5,2,1,30015,0.9,-0.1
98642,7,2025,664946,664922,1,2500,265.97,2,3,2,2,2,1,24,1,0
98260,7,1994,569974,280245,1,1470,190.64,1,3,2,2,2,32,43901,2.03,1.03
99022,7,2014,724969,665099,0.96,940,680.56,1,2,1,1,2,12,43901,1.09,0.09
98662,7,2005,569974,538076,1,2210,243.47,2,4,3,2,2,21,31898,1.06,0.06
98604,7,1977,569974,495080,1,1250,396.06,1,2,2,2,2,49,43901,1.15,0.15
98801,7,1951,569974,220059,1,860,255.88,1,3,1,1,2,75,43901,2.59,1.59
98208,7,1930,569974,885071,1,1670,529.98,2,3,1,1,2,96,-33595,0.64,-0.36
98008,7,1976,1222787,1462187.5,0.96,3865,486.06,1,5.5,3,2,2,50,43901,0.84,-0.16
98604,7,2025,569974,264929,1,1980,133.8,2,3,3,2,2,1,43901,2.15,1.15
99206,7,1969,425031,440089,1.03,2790,157.74,1,4,3,1,2,57,-15058,0.97,-0.03
98052,7,1964,1222787,1462187.5,1,2470,680.56,2,4,3,3,2,62,21,0.84,-0.16
98023,7,1979,698694,711943,1.02,1790,397.73,2,4,3,2,2,47,-13249,0.98,-0.02
99019,7,2025,462864,449883,0.97,2210,203.57,2,4,3,2,2,1,12981,1.03,0.03
99019,7,2025,385002,384884,1,1980,194.39,2,3,3,2,2,1,118,1,0
98391,7,1990,650050,649859,1,1540,421.99,3,3,3,2,2,36,191,1,0
99218,7,1978,524957,504906,0.96,3270,154.41,2,4,3,3,2,48,20051,1.04,0.04
98251,7,1999,599927,589926,0.98,1710,344.99,2,3,3,2,2,27,10001,1.02,0.02
98251,7,2019,514909,512575,1,1810,283.19,2,3,2,1,2,7,2334,1,0
98258,7,1993,599874,624935,1.03,1090,573.33,1,3,2,2,2,33,-25061,0.96,-0.04
98310,7,1955,439912,433077,0.98,1300,333.14,1,3,2,1,2,71,6835,1.02,0.02
